n,d,a,p2,n_candidates,exact
1,1,1,3.289868133696e+00,1,1
1,2,1,6.818143251398e+00,1,1
1,3,1,9.675994401115e+00,1,1
1,4,1,1.187115776210e+01,1,1
1,5,1,1.356493423271e+01,1,1
1,6,1,1.489595403831e+01,1,1
1,7,1,1.596321103107e+01,1,1
1,8,1,1.683519114695e+01,1,1
1,9,1,1.755957913476e+01,1,1
1,10,1,1.817016481447e+01,1,1
1,11,1,1.869138228836e+01,1,1
1,12,1,1.914125764321e+01,1,1
1,13,1,1.953334096684e+01,1,1
1,14,1,1.987799394707e+01,1,1
1,15,1,2.018326437810e+01,1,1
1,16,1,2.045549151265e+01,1,1
1,17,1,2.069973281999e+01,1,1
1,18,1,2.092007004071e+01,1,1
1,19,1,2.111983220114e+01,1,1
1,20,1,2.130176052884e+01,1,1
1,21,1,2.146813207372e+01,1,1
1,22,1,2.162085354424e+01,1,1
1,23,1,2.176153336510e+01,1,1
1,24,1,2.189153760692e+01,1,1
1,25,1,2.201203383109e+01,1,1
1,26,1,2.212402577901e+01,1,1
1,27,1,2.222838105409e+01,1,1
1,28,1,2.232585338907e+01,1,1
1,29,1,2.241710069199e+01,1,1
1,30,1,2.250269977349e+01,1,1
1,31,1,2.258315844471e+01,1,1
1,32,1,2.265892551645e+01,1,1
1,33,1,2.273039911161e+01,1,1
1,34,1,2.279793361320e+01,1,1
1,35,1,2.286184550172e+01,1,1
1,36,1,2.292241828346e+01,1,1
1,37,1,2.297990667030e+01,1,1
1,38,1,2.303454014039e+01,1,1
1,39,1,2.308652598373e+01,1,1
1,40,1,2.313605191765e+01,1,1
1,41,1,2.318328834126e+01,1,1
1,42,1,2.322839028552e+01,1,1
1,43,1,2.327149910604e+01,1,1
1,44,1,2.331274395700e+01,1,1
1,45,1,2.335224307877e+01,1,1
1,46,1,2.339010492588e+01,1,1
1,47,1,2.342642915810e+01,1,1
1,48,1,2.346130751353e+01,1,1
1,49,1,2.349482457979e+01,1,1
1,50,1,2.352705847693e+01,1,1
1,51,1,2.355808146351e+01,1,1
1,52,1,2.358796047594e+01,1,1
1,53,1,2.361675760932e+01,1,1
1,54,1,2.364453054704e+01,1,1
1,55,1,2.367133294563e+01,1,1
1,56,1,2.369721477983e+01,1,1
1,57,1,2.372222265299e+01,1,1
1,58,1,2.374640007645e+01,1,1
1,59,1,2.376978772168e+01,1,1
1,60,1,2.379242364815e+01,1,1
1,61,1,2.381434350962e+01,1,1
1,62,1,2.383558074114e+01,1,1
1,63,1,2.385616672896e+01,1,1
1,64,1,2.387613096501e+01,1,1
1,65,1,2.389550118762e+01,1,1
1,66,1,2.391430350994e+01,1,1
1,67,1,2.393256253716e+01,1,1
1,68,1,2.395030147379e+01,1,1
1,69,1,2.396754222190e+01,1,1
1,70,1,2.398430547119e+01,1,1
1,71,1,2.400061078173e+01,1,1
1,72,1,2.401647665996e+01,1,1
1,73,1,2.403192062869e+01,1,1
1,74,1,2.404695929158e+01,1,1
1,75,1,2.406160839260e+01,1,1
1,76,1,2.407588287093e+01,1,1
1,77,1,2.408979691174e+01,1,1
1,78,1,2.410336399316e+01,1,1
1,79,1,2.411659692975e+01,1,1
1,80,1,2.412950791285e+01,1,1
1,81,1,2.414210854802e+01,1,1
1,82,1,2.415440988974e+01,1,1
1,83,1,2.416642247378e+01,1,1
1,84,1,2.417815634727e+01,1,1
1,85,1,2.418962109665e+01,1,1
1,86,1,2.420082587379e+01,1,1
1,87,1,2.421177942036e+01,1,1
1,88,1,2.422249009052e+01,1,1
1,89,1,2.423296587216e+01,1,1
1,90,1,2.424321440677e+01,1,1
1,91,1,2.425324300799e+01,1,1
1,92,1,2.426305867900e+01,1,1
1,93,1,2.427266812885e+01,1,1
1,94,1,2.428207778769e+01,1,1
1,95,1,2.429129382116e+01,1,1
1,96,1,2.430032214381e+01,1,1
1,97,1,2.430916843179e+01,1,1
1,98,1,2.431783813470e+01,1,1
1,99,1,2.432633648680e+01,1,1
1,100,1,2.433466851753e+01,1,1
1,101,1,2.434283906146e+01,1,1
1,102,1,2.435085276760e+01,1,1
1,103,1,2.435871410822e+01,1,1
1,104,1,2.436642738720e+01,1,1
1,105,1,2.437399674785e+01,1,1
1,106,1,2.438142618033e+01,1,1
1,107,1,2.438871952867e+01,1,1
1,108,1,2.439588049741e+01,1,1
1,109,1,2.440291265783e+01,1,1
1,110,1,2.440981945393e+01,1,1
1,111,1,2.441660420804e+01,1,1
1,112,1,2.442327012610e+01,1,1
1,113,1,2.442982030280e+01,1,1
1,114,1,2.443625772627e+01,1,1
1,115,1,2.444258528270e+01,1,1
1,116,1,2.444880576060e+01,1,1
1,117,1,2.445492185491e+01,1,1
1,118,1,2.446093617093e+01,1,1
1,119,1,2.446685122796e+01,1,1
1,120,1,2.447266946284e+01,1,1
1,121,1,2.447839323332e+01,1,1
1,122,1,2.448402482120e+01,1,1
1,123,1,2.448956643540e+01,1,1
1,124,1,2.449502021481e+01,1,1
1,125,1,2.450038823111e+01,1,1
1,126,1,2.450567249129e+01,1,1
1,127,1,2.451087494024e+01,1,1
1,128,1,2.451599746310e+01,1,1
1,129,1,2.452104188753e+01,1,1
1,130,1,2.452600998590e+01,1,1
1,131,1,2.453090347735e+01,1,1
1,132,1,2.453572402980e+01,1,1
1,133,1,2.454047326179e+01,1,1
1,134,1,2.454515274437e+01,1,1
1,135,1,2.454976400275e+01,1,1
1,136,1,2.455430851802e+01,1,1
1,137,1,2.455878772870e+01,1,1
1,138,1,2.456320303227e+01,1,1
1,139,1,2.456755578664e+01,1,1
1,140,1,2.457184731149e+01,1,1
1,141,1,2.457607888965e+01,1,1
1,142,1,2.458025176840e+01,1,1
1,143,1,2.458436716060e+01,1,1
1,144,1,2.458842624597e+01,1,1
1,145,1,2.459243017216e+01,1,1
1,146,1,2.459638005583e+01,1,1
1,147,1,2.460027698374e+01,1,1
1,148,1,2.460412201366e+01,1,1
1,149,1,2.460791617542e+01,1,1
1,150,1,2.461166047175e+01,1,1
1,151,1,2.461535587921e+01,1,1
1,152,1,2.461900334905e+01,1,1
1,153,1,2.462260380796e+01,1,1
1,154,1,2.462615815894e+01,1,1
1,155,1,2.462966728198e+01,1,1
1,156,1,2.463313203484e+01,1,1
1,157,1,2.463655325373e+01,1,1
1,158,1,2.463993175395e+01,1,1
1,159,1,2.464326833061e+01,1,1
1,160,1,2.464656375917e+01,1,1
1,161,1,2.464981879613e+01,1,1
1,162,1,2.465303417951e+01,1,1
1,163,1,2.465621062950e+01,1,1
1,164,1,2.465934884892e+01,1,1
1,165,1,2.466244952382e+01,1,1
1,166,1,2.466551332390e+01,1,1
1,167,1,2.466854090303e+01,1,1
1,168,1,2.467153289973e+01,1,1
1,169,1,2.467448993758e+01,1,1
1,170,1,2.467741262569e+01,1,1
1,171,1,2.468030155909e+01,1,1
1,172,1,2.468315731915e+01,1,1
1,173,1,2.468598047398e+01,1,1
1,174,1,2.468877157877e+01,1,1
1,175,1,2.469153117619e+01,1,1
1,176,1,2.469425979673e+01,1,1
1,177,1,2.469695795902e+01,1,1
1,178,1,2.469962617020e+01,1,1
1,179,1,2.470226492621e+01,1,1
1,180,1,2.470487471208e+01,1,1
1,181,1,2.470745600228e+01,1,1
1,182,1,2.471000926096e+01,1,1
1,183,1,2.471253494223e+01,1,1
1,184,1,2.471503349047e+01,1,1
1,185,1,2.471750534056e+01,1,1
1,186,1,2.471995091812e+01,1,1
1,187,1,2.472237063979e+01,1,1
1,188,1,2.472476491343e+01,1,1
1,189,1,2.472713413837e+01,1,1
1,190,1,2.472947870565e+01,1,1
1,191,1,2.473179899819e+01,1,1
1,192,1,2.473409539103e+01,1,1
1,193,1,2.473636825152e+01,1,1
1,194,1,2.473861793952e+01,1,1
1,195,1,2.474084480761e+01,1,1
1,196,1,2.474304920122e+01,1,1
1,197,1,2.474523145888e+01,1,1
1,198,1,2.474739191231e+01,1,1
1,199,1,2.474953088669e+01,1,1
1,200,1,2.475164870072e+01,1,1
1,201,1,2.475374566684e+01,1,1
1,202,1,2.475582209139e+01,1,1
1,203,1,2.475787827471e+01,1,1
1,204,1,2.475991451132e+01,1,1
1,205,1,2.476193109007e+01,1,1
1,206,1,2.476392829424e+01,1,1
1,207,1,2.476590640170e+01,1,1
1,208,1,2.476786568504e+01,1,1
1,209,1,2.476980641168e+01,1,1
1,210,1,2.477172884399e+01,1,1
1,211,1,2.477363323943e+01,1,1
1,212,1,2.477551985065e+01,1,1
1,213,1,2.477738892560e+01,1,1
1,214,1,2.477924070764e+01,1,1
1,215,1,2.478107543566e+01,1,1
1,216,1,2.478289334415e+01,1,1
1,217,1,2.478469466333e+01,1,1
1,218,1,2.478647961926e+01,1,1
1,219,1,2.478824843387e+01,1,1
1,220,1,2.479000132512e+01,1,1
1,221,1,2.479173850707e+01,1,1
1,222,1,2.479346018994e+01,1,1
1,223,1,2.479516658023e+01,1,1
1,224,1,2.479685788079e+01,1,1
1,225,1,2.479853429087e+01,1,1
1,226,1,2.480019600628e+01,1,1
1,227,1,2.480184321935e+01,1,1
1,228,1,2.480347611913e+01,1,1
1,229,1,2.480509489134e+01,1,1
1,230,1,2.480669971855e+01,1,1
1,231,1,2.480829078017e+01,1,1
1,232,1,2.480986825255e+01,1,1
1,233,1,2.481143230905e+01,1,1
1,234,1,2.481298312008e+01,1,1
1,235,1,2.481452085318e+01,1,1
1,236,1,2.481604567309e+01,1,1
1,237,1,2.481755774177e+01,1,1
1,238,1,2.481905721851e+01,1,1
1,239,1,2.482054425994e+01,1,1
1,240,1,2.482201902011e+01,1,1
1,241,1,2.482348165053e+01,1,1
1,242,1,2.482493230024e+01,1,1
1,243,1,2.482637111583e+01,1,1
1,244,1,2.482779824153e+01,1,1
1,245,1,2.482921381921e+01,1,1
1,246,1,2.483061798848e+01,1,1
1,247,1,2.483201088669e+01,1,1
1,248,1,2.483339264900e+01,1,1
1,249,1,2.483476340843e+01,1,1
1,250,1,2.483612329587e+01,1,1
2,1,1,8.224670334241e-01,1,1
2,2,1,2.719213844454e+00,1,1
2,3,1,4.182839811782e+00,1,1
2,4,1,5.296372971931e+00,1,1
2,5,1,6.152420588926e+00,1,1
2,6,1,6.823872657372e+00,1,1
2,7,1,7.361667347478e+00,1,1
2,8,1,7.800740067583e+00,1,1
2,9,1,8.165307143002e+00,1,1
2,10,1,8.472483143252e+00,1,1
2,11,1,8.734622610489e+00,1,1
2,12,1,8.960829040796e+00,1,1
2,13,1,9.157939420953e+00,1,1
2,14,1,9.331178438766e+00,1,1
2,15,1,9.484601895974e+00,1,1
2,16,1,9.621403188935e+00,1,1
2,17,1,9.744129124651e+00,1,1
2,18,1,9.854834558663e+00,1,1
2,19,1,9.955194995729e+00,1,1
2,20,1,1.004658980786e+01,1,1
2,21,1,1.013016458466e+01,1,1
2,22,1,1.020687844191e+01,1,1
2,23,1,1.027754033754e+01,1,1
2,24,1,1.034283725105e+01,1,1
2,25,1,1.040335626812e+01,1,1
2,26,1,1.045960204976e+01,1,1
2,27,1,1.051201076971e+01,1,1
2,28,1,1.056096132364e+01,1,1
2,29,1,1.060678441186e+01,1,1
2,30,1,1.064976995066e+01,1,1
2,31,1,1.069017315963e+01,1,1
2,32,1,1.072821959227e+01,1,1
2,33,1,1.076410931761e+01,1,1
2,34,1,1.079802041510e+01,1,1
2,35,1,1.083011191051e+01,1,1
2,36,1,1.086052625445e+01,1,1
2,37,1,1.088939142429e+01,1,1
2,38,1,1.091682271453e+01,1,1
2,39,1,1.094292426821e+01,1,1
2,40,1,1.096779039179e+01,1,1
2,41,1,1.099150668860e+01,1,1
2,42,1,1.101415103916e+01,1,1
2,43,1,1.103579445210e+01,1,1
2,44,1,1.105650180503e+01,1,1
2,45,1,1.107633249177e+01,1,1
2,46,1,1.109534098924e+01,1,1
2,47,1,1.111357735560e+01,1,1
2,48,1,1.113108766902e+01,1,1
2,49,1,1.114791441525e+01,1,1
2,50,1,1.116409683079e+01,1,1
2,51,1,1.117967120749e+01,1,1
2,52,1,1.119467116353e+01,1,1
2,53,1,1.120912788504e+01,1,1
2,54,1,1.122307034197e+01,1,1
2,55,1,1.123652548147e+01,1,1
2,56,1,1.124951840125e+01,1,1
2,57,1,1.126207250553e+01,1,1
2,58,1,1.127420964542e+01,1,1
2,59,1,1.128595024558e+01,1,1
2,60,1,1.129731341874e+01,1,1
2,61,1,1.130831706927e+01,1,1
2,62,1,1.131897798718e+01,1,1
2,63,1,1.132931193343e+01,1,1
2,64,1,1.133933371759e+01,1,1
2,65,1,1.134905726848e+01,1,1
2,66,1,1.135849569870e+01,1,1
2,67,1,1.136766136350e+01,1,1
2,68,1,1.137656591470e+01,1,1
2,69,1,1.138522034999e+01,1,1
2,70,1,1.139363505821e+01,1,1
2,71,1,1.140181986088e+01,1,1
2,72,1,1.140978405042e+01,1,1
2,73,1,1.141753642526e+01,1,1
2,74,1,1.142508532223e+01,1,1
2,75,1,1.143243864645e+01,1,1
2,76,1,1.143960389892e+01,1,1
2,77,1,1.144658820197e+01,1,1
2,78,1,1.145339832287e+01,1,1
2,79,1,1.146004069569e+01,1,1
2,80,1,1.146652144155e+01,1,1
2,81,1,1.147284638739e+01,1,1
2,82,1,1.147902108346e+01,1,1
2,83,1,1.148505081952e+01,1,1
2,84,1,1.149094063997e+01,1,1
2,85,1,1.149669535788e+01,1,1
2,86,1,1.150231956811e+01,1,1
2,87,1,1.150781765955e+01,1,1
2,88,1,1.151319382651e+01,1,1
2,89,1,1.151845207938e+01,1,1
2,90,1,1.152359625462e+01,1,1
2,91,1,1.152863002408e+01,1,1
2,92,1,1.153355690372e+01,1,1
2,93,1,1.153838026180e+01,1,1
2,94,1,1.154310332657e+01,1,1
2,95,1,1.154772919345e+01,1,1
2,96,1,1.155226083179e+01,1,1
2,97,1,1.155670109125e+01,1,1
2,98,1,1.156105270773e+01,1,1
2,99,1,1.156531830901e+01,1,1
2,100,1,1.156950042005e+01,1,1
2,101,1,1.157360146794e+01,1,1
2,102,1,1.157762378662e+01,1,1
2,103,1,1.158156962130e+01,1,1
2,104,1,1.158544113264e+01,1,1
2,105,1,1.158924040067e+01,1,1
2,106,1,1.159296942853e+01,1,1
2,107,1,1.159663014601e+01,1,1
2,108,1,1.160022441286e+01,1,1
2,109,1,1.160375402190e+01,1,1
2,110,1,1.160722070209e+01,1,1
2,111,1,1.161062612127e+01,1,1
2,112,1,1.161397188886e+01,1,1
2,113,1,1.161725955842e+01,1,1
2,114,1,1.162049063002e+01,1,1
2,115,1,1.162366655254e+01,1,1
2,116,1,1.162678872583e+01,1,1
2,117,1,1.162985850276e+01,1,1
2,118,1,1.163287719119e+01,1,1
2,119,1,1.163584605580e+01,1,1
2,120,1,1.163876631991e+01,1,1
2,121,1,1.164163916708e+01,1,1
2,122,1,1.164446574277e+01,1,1
2,123,1,1.164724715584e+01,1,1
2,124,1,1.164998448002e+01,1,1
2,125,1,1.165267875525e+01,1,1
2,126,1,1.165533098904e+01,1,1
2,127,1,1.165794215770e+01,1,1
2,128,1,1.166051320754e+01,1,1
2,129,1,1.166304505604e+01,1,1
2,130,1,1.166553859288e+01,1,1
2,131,1,1.166799468106e+01,1,1
2,132,1,1.167041415783e+01,1,1
2,133,1,1.167279783569e+01,1,1
2,134,1,1.167514650326e+01,1,1
2,135,1,1.167746092618e+01,1,1
2,136,1,1.167974184792e+01,1,1
2,137,1,1.168198999058e+01,1,1
2,138,1,1.168420605567e+01,1,1
2,139,1,1.168639072482e+01,1,1
2,140,1,1.168854466049e+01,1,1
2,141,1,1.169066850661e+01,1,1
2,142,1,1.169276288929e+01,1,1
2,143,1,1.169482841734e+01,1,1
2,144,1,1.169686568297e+01,1,1
2,145,1,1.169887526224e+01,1,1
2,146,1,1.170085771569e+01,1,1
2,147,1,1.170281358884e+01,1,1
2,148,1,1.170474341265e+01,1,1
2,149,1,1.170664770406e+01,1,1
2,150,1,1.170852696641e+01,1,1
2,151,1,1.171038168990e+01,1,1
2,152,1,1.171221235201e+01,1,1
2,153,1,1.171401941792e+01,1,1
2,154,1,1.171580334089e+01,1,1
2,155,1,1.171756456265e+01,1,1
2,156,1,1.171930351375e+01,1,1
2,157,1,1.172102061394e+01,1,1
2,158,1,1.172271627247e+01,1,1
2,159,1,1.172439088844e+01,1,1
2,160,1,1.172604485111e+01,1,1
2,161,1,1.172767854021e+01,1,1
2,162,1,1.172929232618e+01,1,1
2,163,1,1.173088657053e+01,1,1
2,164,1,1.173246162605e+01,1,1
2,165,1,1.173401783710e+01,1,1
2,166,1,1.173555553983e+01,1,1
2,167,1,1.173707506246e+01,1,1
2,168,1,1.173857672549e+01,1,1
2,169,1,1.174006084193e+01,1,1
2,170,1,1.174152771752e+01,1,1
2,171,1,1.174297765094e+01,1,1
2,172,1,1.174441093401e+01,1,1
2,173,1,1.174582785188e+01,1,1
2,174,1,1.174722868323e+01,1,1
2,175,1,1.174861370046e+01,1,1
2,176,1,1.174998316983e+01,1,1
2,177,1,1.175133735169e+01,1,1
2,178,1,1.175267650057e+01,1,1
2,179,1,1.175400086541e+01,1,1
2,180,1,1.175531068967e+01,1,1
2,181,1,1.175660621152e+01,1,1
2,182,1,1.175788766391e+01,1,1
2,183,1,1.175915527480e+01,1,1
2,184,1,1.176040926723e+01,1,1
2,185,1,1.176164985949e+01,1,1
2,186,1,1.176287726521e+01,1,1
2,187,1,1.176409169352e+01,1,1
2,188,1,1.176529334915e+01,1,1
2,189,1,1.176648243253e+01,1,1
2,190,1,1.176765913993e+01,1,1
2,191,1,1.176882366356e+01,1,1
2,192,1,1.176997619167e+01,1,1
2,193,1,1.177111690864e+01,1,1
2,194,1,1.177224599510e+01,1,1
2,195,1,1.177336362801e+01,1,1
2,196,1,1.177446998078e+01,1,1
2,197,1,1.177556522330e+01,1,1
2,198,1,1.177664952210e+01,1,1
2,199,1,1.177772304037e+01,1,1
2,200,1,1.177878593809e+01,1,1
2,201,1,1.177983837209e+01,1,1
2,202,1,1.178088049612e+01,1,1
2,203,1,1.178191246093e+01,1,1
2,204,1,1.178293441436e+01,1,1
2,205,1,1.178394650139e+01,1,1
2,206,1,1.178494886419e+01,1,1
2,207,1,1.178594164225e+01,1,1
2,208,1,1.178692497238e+01,1,1
2,209,1,1.178789898881e+01,1,1
2,210,1,1.178886382324e+01,1,1
2,211,1,1.178981960487e+01,1,1
2,212,1,1.179076646054e+01,1,1
2,213,1,1.179170451469e+01,1,1
2,214,1,1.179263388946e+01,1,1
2,215,1,1.179355470477e+01,1,1
2,216,1,1.179446707831e+01,1,1
2,217,1,1.179537112564e+01,1,1
2,218,1,1.179626696021e+01,1,1
2,219,1,1.179715469342e+01,1,1
2,220,1,1.179803443468e+01,1,1
2,221,1,1.179890629142e+01,1,1
2,222,1,1.179977036915e+01,1,1
2,223,1,1.180062677153e+01,1,1
2,224,1,1.180147560035e+01,1,1
2,225,1,1.180231695566e+01,1,1
2,226,1,1.180315093570e+01,1,1
2,227,1,1.180397763703e+01,1,1
2,228,1,1.180479715452e+01,1,1
2,229,1,1.180560958141e+01,1,1
2,230,1,1.180641500931e+01,1,1
2,231,1,1.180721352828e+01,1,1
2,232,1,1.180800522684e+01,1,1
2,233,1,1.180879019200e+01,1,1
2,234,1,1.180956850928e+01,1,1
2,235,1,1.181034026278e+01,1,1
2,236,1,1.181110553519e+01,1,1
2,237,1,1.181186440780e+01,1,1
2,238,1,1.181261696056e+01,1,1
2,239,1,1.181336327207e+01,1,1
2,240,1,1.181410341967e+01,1,1
2,241,1,1.181483747939e+01,1,1
2,242,1,1.181556552605e+01,1,1
2,243,1,1.181628763321e+01,1,1
2,244,1,1.181700387328e+01,1,1
2,245,1,1.181771431745e+01,1,1
2,246,1,1.181841903580e+01,1,1
2,247,1,1.181911809727e+01,1,1
2,248,1,1.181981156969e+01,1,1
2,249,1,1.182049951983e+01,1,1
2,250,1,1.182118201339e+01,1,1
3,1,1,3.655409037441e-01,1,1
3,2,1,1.559292386238e+00,1,1
3,3,1,2.517606435508e+00,1,1
3,4,1,3.252141651799e+00,1,1
3,5,1,3.818411390023e+00,1,1
3,6,1,4.263198543558e+00,1,1
3,7,1,4.619744310161e+00,1,1
3,8,1,4.910998227676e+00,1,1
3,9,1,5.152922087660e+00,1,1
3,10,1,5.356819159843e+00,1,1
3,11,1,5.530859533587e+00,1,1
3,12,1,5.681068796241e+00,1,1
3,13,1,5.811975318777e+00,1,1
3,14,1,5.927041324964e+00,1,1
3,15,1,6.028955512806e+00,1,1
3,16,1,6.119835536902e+00,1,1
3,17,1,6.201370712269e+00,1,1
3,18,1,6.274924332976e+00,1,1
3,19,1,6.341608215539e+00,1,1
3,20,1,6.402337814308e+00,1,1
3,21,1,6.457873530934e+00,1,1
3,22,1,6.508852067552e+00,1,1
3,23,1,6.555810500973e+00,1,1
3,24,1,6.599204967136e+00,1,1
3,25,1,6.639425307337e+00,1,1
3,26,1,6.676806655387e+00,1,1
3,27,1,6.711638683642e+00,1,1
3,28,1,6.744173040135e+00,1,1
3,29,1,6.774629375543e+00,1,1
3,30,1,6.803200261605e+00,1,1
3,31,1,6.830055231257e+00,1,1
3,32,1,6.855344117787e+00,1,1
3,33,1,6.879199830639e+00,1,1
3,34,1,6.901740675508e+00,1,1
3,35,1,6.923072303556e+00,1,1
3,36,1,6.943289356988e+00,1,1
3,37,1,6.962476864720e+00,1,1
3,38,1,6.980711431241e+00,1,1
3,39,1,6.998062253522e+00,1,1
3,40,1,7.014591994266e+00,1,1
3,41,1,7.030357534612e+00,1,1
3,42,1,7.045410625231e+00,1,1
3,43,1,7.059798451467e+00,1,1
3,44,1,7.073564125457e+00,1,1
3,45,1,7.086747115982e+00,1,1
3,46,1,7.099383625068e+00,1,1
3,47,1,7.111506918847e+00,1,1
3,48,1,7.123147619042e+00,1,1
3,49,1,7.134333960423e+00,1,1
3,50,1,7.145092018781e+00,1,1
3,51,1,7.155445913281e+00,1,1
3,52,1,7.165417986491e+00,1,1
3,53,1,7.175028964904e+00,1,1
3,54,1,7.184298102376e+00,1,1
3,55,1,7.193243308558e+00,1,1
3,56,1,7.201881264130e+00,1,1
3,57,1,7.210227524387e+00,1,1
3,58,1,7.218296612519e+00,1,1
3,59,1,7.226102103780e+00,1,1
3,60,1,7.233656701548e+00,1,1
3,61,1,7.240972306184e+00,1,1
3,62,1,7.248060077468e+00,1,1
3,63,1,7.254930491303e+00,1,1
3,64,1,7.261593391289e+00,1,1
3,65,1,7.268058035700e+00,1,1
3,66,1,7.274333140336e+00,1,1
3,67,1,7.280426917667e+00,1,1
3,68,1,7.286347112640e+00,1,1
3,69,1,7.292101035463e+00,1,1
3,70,1,7.297695591682e+00,1,1
3,71,1,7.303137309787e+00,1,1
3,72,1,7.308432366595e+00,1,1
3,73,1,7.313586610603e+00,1,1
3,74,1,7.318605583515e+00,1,1
3,75,1,7.323494540090e+00,1,1
3,76,1,7.328258466471e+00,1,1
3,77,1,7.332902097128e+00,1,1
3,78,1,7.337429930537e+00,1,1
3,79,1,7.341846243697e+00,1,1
3,80,1,7.346155105590e+00,1,1
3,81,1,7.350360389677e+00,1,1
3,82,1,7.354465785494e+00,1,1
3,83,1,7.358474809441e+00,1,1
3,84,1,7.362390814820e+00,1,1
3,85,1,7.366217001175e+00,1,1
3,86,1,7.369956423008e+00,1,1
3,87,1,7.373611997899e+00,1,1
3,88,1,7.377186514098e+00,1,1
3,89,1,7.380682637606e+00,1,1
3,90,1,7.384102918801e+00,1,1
3,91,1,7.387449798641e+00,1,1
3,92,1,7.390725614467e+00,1,1
3,93,1,7.393932605440e+00,1,1
3,94,1,7.397072917647e+00,1,1
3,95,1,7.400148608881e+00,1,1
3,96,1,7.403161653136e+00,1,1
3,97,1,7.406113944832e+00,1,1
3,98,1,7.409007302781e+00,1,1
3,99,1,7.411843473921e+00,1,1
3,100,1,7.414624136833e+00,1,1
3,101,1,7.417350905049e+00,1,1
3,102,1,7.420025330174e+00,1,1
3,103,1,7.422648904829e+00,1,1
3,104,1,7.425223065426e+00,1,1
3,105,1,7.427749194787e+00,1,1
3,106,1,7.430228624623e+00,1,1
3,107,1,7.432662637872e+00,1,1
3,108,1,7.435052470911e+00,1,1
3,109,1,7.437399315648e+00,1,1
3,110,1,7.439704321507e+00,1,1
3,111,1,7.441968597299e+00,1,1
3,112,1,7.444193213003e+00,1,1
3,113,1,7.446379201452e+00,1,1
3,114,1,7.448527559925e+00,1,1
3,115,1,7.450639251672e+00,1,1
3,116,1,7.452715207345e+00,1,1
3,117,1,7.454756326372e+00,1,1
3,118,1,7.456763478251e+00,1,1
3,119,1,7.458737503784e+00,1,1
3,120,1,7.460679216256e+00,1,1
3,121,1,7.462589402547e+00,1,1
3,122,1,7.464468824196e+00,1,1
3,123,1,7.466318218412e+00,1,1
3,124,1,7.468138299042e+00,1,1
3,125,1,7.469929757483e+00,1,1
3,126,1,7.471693263562e+00,1,1
3,127,1,7.473429466368e+00,1,1
3,128,1,7.475138995050e+00,1,1
3,129,1,7.476822459577e+00,1,1
3,130,1,7.478480451460e+00,1,1
3,131,1,7.480113544451e+00,1,1
3,132,1,7.481722295198e+00,1,1
3,133,1,7.483307243882e+00,1,1
3,134,1,7.484868914817e+00,1,1
3,135,1,7.486407817036e+00,1,1
3,136,1,7.487924444833e+00,1,1
3,137,1,7.489419278304e+00,1,1
3,138,1,7.490892783842e+00,1,1
3,139,1,7.492345414632e+00,1,1
3,140,1,7.493777611109e+00,1,1
3,141,1,7.495189801405e+00,1,1
3,142,1,7.496582401776e+00,1,1
3,143,1,7.497955817013e+00,1,1
3,144,1,7.499310440828e+00,1,1
3,145,1,7.500646656236e+00,1,1
3,146,1,7.501964835915e+00,1,1
3,147,1,7.503265342549e+00,1,1
3,148,1,7.504548529166e+00,1,1
3,149,1,7.505814739450e+00,1,1
3,150,1,7.507064308058e+00,1,1
3,151,1,7.508297560904e+00,1,1
3,152,1,7.509514815449e+00,1,1
3,153,1,7.510716380972e+00,1,1
3,154,1,7.511902558833e+00,1,1
3,155,1,7.513073642720e+00,1,1
3,156,1,7.514229918898e+00,1,1
3,157,1,7.515371666437e+00,1,1
3,158,1,7.516499157441e+00,1,1
3,159,1,7.517612657259e+00,1,1
3,160,1,7.518712424698e+00,1,1
3,161,1,7.519798712220e+00,1,1
3,162,1,7.520871766138e+00,1,1
3,163,1,7.521931826798e+00,1,1
3,164,1,7.522979128765e+00,1,1
3,165,1,7.524013900989e+00,1,1
3,166,1,7.525036366976e+00,1,1
3,167,1,7.526046744947e+00,1,1
3,168,1,7.527045247996e+00,1,1
3,169,1,7.528032084237e+00,1,1
3,170,1,7.529007456948e+00,1,1
3,171,1,7.529971564714e+00,1,1
3,172,1,7.530924601559e+00,1,1
3,173,1,7.531866757077e+00,1,1
3,174,1,7.532798216556e+00,1,1
3,175,1,7.533719161105e+00,1,1
3,176,1,7.534629767763e+00,1,1
3,177,1,7.535530209621e+00,1,1
3,178,1,7.536420655924e+00,1,1
3,179,1,7.537301272182e+00,1,1
3,180,1,7.538172220273e+00,1,1
3,181,1,7.539033658537e+00,1,1
3,182,1,7.539885741877e+00,1,1
3,183,1,7.540728621850e+00,1,1
3,184,1,7.541562446758e+00,1,1
3,185,1,7.542387361731e+00,1,1
3,186,1,7.543203508817e+00,1,1
3,187,1,7.544011027059e+00,1,1
3,188,1,7.544810052577e+00,1,1
3,189,1,7.545600718642e+00,1,1
3,190,1,7.546383155750e+00,1,1
3,191,1,7.547157491699e+00,1,1
3,192,1,7.547923851649e+00,1,1
3,193,1,7.548682358200e+00,1,1
3,194,1,7.549433131450e+00,1,1
3,195,1,7.550176289059e+00,1,1
3,196,1,7.550911946317e+00,1,1
3,197,1,7.551640216193e+00,1,1
3,198,1,7.552361209403e+00,1,1
3,199,1,7.553075034461e+00,1,1
3,200,1,7.553781797732e+00,1,1
3,201,1,7.554481603488e+00,1,1
3,202,1,7.555174553960e+00,1,1
3,203,1,7.555860749384e+00,1,1
3,204,1,7.556540288052e+00,1,1
3,205,1,7.557213266358e+00,1,1
3,206,1,7.557879778844e+00,1,1
3,207,1,7.558539918246e+00,1,1
3,208,1,7.559193775531e+00,1,1
3,209,1,7.559841439947e+00,1,1
3,210,1,7.560482999058e+00,1,1
3,211,1,7.561118538783e+00,1,1
3,212,1,7.561748143441e+00,1,1
3,213,1,7.562371895779e+00,1,1
3,214,1,7.562989877015e+00,1,1
3,215,1,7.563602166871e+00,1,1
3,216,1,7.564208843608e+00,1,1
3,217,1,7.564809984057e+00,1,1
3,218,1,7.565405663655e+00,1,1
3,219,1,7.565995956474e+00,1,1
3,220,1,7.566580935252e+00,1,1
3,221,1,7.567160671423e+00,1,1
3,222,1,7.567735235149e+00,1,1
3,223,1,7.568304695342e+00,1,1
3,224,1,7.568869119698e+00,1,1
3,225,1,7.569428574720e+00,1,1
3,226,1,7.569983125745e+00,1,1
3,227,1,7.570532836971e+00,1,1
3,228,1,7.571077771478e+00,1,1
3,229,1,7.571617991256e+00,1,1
3,230,1,7.572153557227e+00,1,1
3,231,1,7.572684529268e+00,1,1
3,232,1,7.573210966232e+00,1,1
3,233,1,7.573732925974e+00,1,1
3,234,1,7.574250465366e+00,1,1
3,235,1,7.574763640321e+00,1,1
3,236,1,7.575272505815e+00,1,1
3,237,1,7.575777115904e+00,1,1
3,238,1,7.576277523743e+00,1,1
3,239,1,7.576773781605e+00,1,1
3,240,1,7.577265940900e+00,1,1
3,241,1,7.577754052194e+00,1,1
3,242,1,7.578238165222e+00,1,1
3,243,1,7.578718328909e+00,1,1
3,244,1,7.579194591386e+00,1,1
3,245,1,7.579667000002e+00,1,1
3,246,1,7.580135601347e+00,1,1
3,247,1,7.580600441259e+00,1,1
3,248,1,7.581061564846e+00,1,1
3,249,1,7.581519016497e+00,1,1
3,250,1,7.581972839895e+00,1,1
4,1,1,2.056167583560e-01,1,1
4,2,1,1.123725099940e+00,1,1
4,3,1,1.843469833932e+00,1,1
4,4,1,2.393758202864e+00,1,1
4,5,1,2.817742518531e+00,1,1
4,6,1,3.150709493146e+00,1,1
4,7,1,3.417602929462e+00,1,1
4,8,1,3.635617923050e+00,1,1
4,9,1,3.816707117342e+00,1,1
4,10,1,3.969332610840e+00,1,1
4,11,1,4.099610155634e+00,1,1
4,12,1,4.212049974446e+00,1,1
4,13,1,4.310041518002e+00,1,1
4,14,1,4.396176208173e+00,1,1
4,15,1,4.472466491896e+00,1,1
4,16,1,4.540497404837e+00,1,1
4,17,1,4.601533383978e+00,1,1
4,18,1,4.656594850149e+00,1,1
4,19,1,4.706514000820e+00,1,1
4,20,1,4.751976061540e+00,1,1
4,21,1,4.793550204234e+00,1,1
4,22,1,4.831713013717e+00,1,1
4,23,1,4.866866506272e+00,1,1
4,24,1,4.899352114309e+00,1,1
4,25,1,4.929461648620e+00,1,1
4,26,1,4.957445971077e+00,1,1
4,27,1,4.983521915097e+00,1,1
4,28,1,5.007877852235e+00,1,1
4,29,1,5.030678203304e+00,1,1
4,30,1,5.052067119796e+00,1,1
4,31,1,5.072171507930e+00,1,1
4,32,1,5.091103528023e+00,1,1
4,33,1,5.108962672210e+00,1,1
4,34,1,5.125837501074e+00,1,1
4,35,1,5.141807102669e+00,1,1
4,36,1,5.156942324276e+00,1,1
4,37,1,5.171306817096e+00,1,1
4,38,1,5.184957926151e+00,1,1
4,39,1,5.197947451480e+00,1,1
4,40,1,5.210322301799e+00,1,1
4,41,1,5.222125057929e+00,1,1
4,42,1,5.233394460175e+00,1,1
4,43,1,5.244165831362e+00,1,1
4,44,1,5.254471445209e+00,1,1
4,45,1,5.264340848100e+00,1,1
4,46,1,5.273801140986e+00,1,1
4,47,1,5.282877227062e+00,1,1
4,48,1,5.291592029957e+00,1,1
4,49,1,5.299966686456e+00,1,1
4,50,1,5.308020717158e+00,1,1
4,51,1,5.315772177949e+00,1,1
4,52,1,5.323237794766e+00,1,1
4,53,1,5.330433083762e+00,1,1
4,54,1,5.337372458677e+00,1,1
4,55,1,5.344069326983e+00,1,1
4,56,1,5.350536176148e+00,1,1
4,57,1,5.356784651168e+00,1,1
4,58,1,5.362825624409e+00,1,1
4,59,1,5.368669258604e+00,1,1
4,60,1,5.374325063797e+00,1,1
4,61,1,5.379801948886e+00,1,1
4,62,1,5.385108268365e+00,1,1
4,63,1,5.390251864771e+00,1,1
4,64,1,5.395240107292e+00,1,1
4,65,1,5.400079926932e+00,1,1
4,66,1,5.404777848595e+00,1,1
4,67,1,5.409340020383e+00,1,1
4,68,1,5.413772240402e+00,1,1
4,69,1,5.418079981307e+00,1,1
4,70,1,5.422268412816e+00,1,1
4,71,1,5.426342422375e+00,1,1
4,72,1,5.430306634159e+00,1,1
4,73,1,5.434165426559e+00,1,1
4,74,1,5.437922948294e+00,1,1
4,75,1,5.441583133265e+00,1,1
4,76,1,5.445149714286e+00,1,1
4,77,1,5.448626235761e+00,1,1
4,78,1,5.452016065421e+00,1,1
4,79,1,5.455322405195e+00,1,1
4,80,1,5.458548301286e+00,1,1
4,81,1,5.461696653523e+00,1,1
4,82,1,5.464770224044e+00,1,1
4,83,1,5.467771645373e+00,1,1
4,84,1,5.470703427933e+00,1,1
4,85,1,5.473567967039e+00,1,1
4,86,1,5.476367549423e+00,1,1
4,87,1,5.479104359316e+00,1,1
4,88,1,5.481780484123e+00,1,1
4,89,1,5.484397919733e+00,1,1
4,90,1,5.486958575475e+00,1,1
4,91,1,5.489464278761e+00,1,1
4,92,1,5.491916779435e+00,1,1
4,93,1,5.494317753836e+00,1,1
4,94,1,5.496668808627e+00,1,1
4,95,1,5.498971484370e+00,1,1
4,96,1,5.501227258892e+00,1,1
4,97,1,5.503437550448e+00,1,1
4,98,1,5.505603720690e+00,1,1
4,99,1,5.507727077462e+00,1,1
4,100,1,5.509808877433e+00,1,1
4,101,1,5.511850328575e+00,1,1
4,102,1,5.513852592498e+00,1,1
4,103,1,5.515816786654e+00,1,1
4,104,1,5.517743986415e+00,1,1
4,105,1,5.519635227033e+00,1,1
4,106,1,5.521491505497e+00,1,1
4,107,1,5.523313782281e+00,1,1
4,108,1,5.525102983002e+00,1,1
4,109,1,5.526859999987e+00,1,1
4,110,1,5.528585693756e+00,1,1
4,111,1,5.530280894423e+00,1,1
4,112,1,5.531946403035e+00,1,1
4,113,1,5.533582992824e+00,1,1
4,114,1,5.535191410411e+00,1,1
4,115,1,5.536772376936e+00,1,1
4,116,1,5.538326589137e+00,1,1
4,117,1,5.539854720376e+00,1,1
4,118,1,5.541357421608e+00,1,1
4,119,1,5.542835322305e+00,1,1
4,120,1,5.544289031338e+00,1,1
4,121,1,5.545719137810e+00,1,1
4,122,1,5.547126211853e+00,1,1
4,123,1,5.548510805384e+00,1,1
4,124,1,5.549873452829e+00,1,1
4,125,1,5.551214671810e+00,1,1
4,126,1,5.552534963796e+00,1,1
4,127,1,5.553834814734e+00,1,1
4,128,1,5.555114695643e+00,1,1
4,129,1,5.556375063180e+00,1,1
4,130,1,5.557616360187e+00,1,1
4,131,1,5.558839016207e+00,1,1
4,132,1,5.560043447981e+00,1,1
4,133,1,5.561230059920e+00,1,1
4,134,1,5.562399244558e+00,1,1
4,135,1,5.563551382987e+00,1,1
4,136,1,5.564686845267e+00,1,1
4,137,1,5.565805990825e+00,1,1
4,138,1,5.566909168833e+00,1,1
4,139,1,5.567996718571e+00,1,1
4,140,1,5.569068969777e+00,1,1
4,141,1,5.570126242978e+00,1,1
4,142,1,5.571168849808e+00,1,1
4,143,1,5.572197093317e+00,1,1
4,144,1,5.573211268265e+00,1,1
4,145,1,5.574211661400e+00,1,1
4,146,1,5.575198551731e+00,1,1
4,147,1,5.576172210788e+00,1,1
4,148,1,5.577132902868e+00,1,1
4,149,1,5.578080885276e+00,1,1
4,150,1,5.579016408557e+00,1,1
4,151,1,5.579939716710e+00,1,1
4,152,1,5.580851047408e+00,1,1
4,153,1,5.581750632197e+00,1,1
4,154,1,5.582638696692e+00,1,1
4,155,1,5.583515460770e+00,1,1
4,156,1,5.584381138746e+00,1,1
4,157,1,5.585235939549e+00,1,1
4,158,1,5.586080066895e+00,1,1
4,159,1,5.586913719441e+00,1,1
4,160,1,5.587737090946e+00,1,1
4,161,1,5.588550370421e+00,1,1
4,162,1,5.589353742270e+00,1,1
4,163,1,5.590147386434e+00,1,1
4,164,1,5.590931478522e+00,1,1
4,165,1,5.591706189942e+00,1,1
4,166,1,5.592471688025e+00,1,1
4,167,1,5.593228136146e+00,1,1
4,168,1,5.593975693841e+00,1,1
4,169,1,5.594714516918e+00,1,1
4,170,1,5.595444757564e+00,1,1
4,171,1,5.596166564454e+00,1,1
4,172,1,5.596880082846e+00,1,1
4,173,1,5.597585454684e+00,1,1
4,174,1,5.598282818687e+00,1,1
4,175,1,5.598972310444e+00,1,1
4,176,1,5.599654062500e+00,1,1
4,177,1,5.600328204441e+00,1,1
4,178,1,5.600994862977e+00,1,1
4,179,1,5.601654162019e+00,1,1
4,180,1,5.602306222759e+00,1,1
4,181,1,5.602951163742e+00,1,1
4,182,1,5.603589100940e+00,1,1
4,183,1,5.604220147817e+00,1,1
4,184,1,5.604844415403e+00,1,1
4,185,1,5.605462012353e+00,1,1
4,186,1,5.606073045012e+00,1,1
4,187,1,5.606677617479e+00,1,1
4,188,1,5.607275831662e+00,1,1
4,189,1,5.607867787336e+00,1,1
4,190,1,5.608453582201e+00,1,1
4,191,1,5.609033311934e+00,1,1
4,192,1,5.609607070239e+00,1,1
4,193,1,5.610174948903e+00,1,1
4,194,1,5.610737037840e+00,1,1
4,195,1,5.611293425138e+00,1,1
4,196,1,5.611844197110e+00,1,1
4,197,1,5.612389438335e+00,1,1
4,198,1,5.612929231701e+00,1,1
4,199,1,5.613463658449e+00,1,1
4,200,1,5.613992798213e+00,1,1
4,201,1,5.614516729057e+00,1,1
4,202,1,5.615035527518e+00,1,1
4,203,1,5.615549268640e+00,1,1
4,204,1,5.616058026012e+00,1,1
4,205,1,5.616561871801e+00,1,1
4,206,1,5.617060876788e+00,1,1
4,207,1,5.617555110401e+00,1,1
4,208,1,5.618044640745e+00,1,1
4,209,1,5.618529534638e+00,1,1
4,210,1,5.619009857635e+00,1,1
4,211,1,5.619485674063e+00,1,1
4,212,1,5.619957047047e+00,1,1
4,213,1,5.620424038538e+00,1,1
4,214,1,5.620886709344e+00,1,1
4,215,1,5.621345119147e+00,1,1
4,216,1,5.621799326541e+00,1,1
4,217,1,5.622249389047e+00,1,1
4,218,1,5.622695363142e+00,1,1
4,219,1,5.623137304282e+00,1,1
4,220,1,5.623575266923e+00,1,1
4,221,1,5.624009304548e+00,1,1
4,222,1,5.624439469682e+00,1,1
4,223,1,5.624865813920e+00,1,1
4,224,1,5.625288387943e+00,1,1
4,225,1,5.625707241541e+00,1,1
4,226,1,5.626122423628e+00,1,1
4,227,1,5.626533982269e+00,1,1
4,228,1,5.626941964690e+00,1,1
4,229,1,5.627346417302e+00,1,1
4,230,1,5.627747385714e+00,1,1
4,231,1,5.628144914755e+00,1,1
4,232,1,5.628539048487e+00,1,1
4,233,1,5.628929830223e+00,1,1
4,234,1,5.629317302543e+00,1,1
4,235,1,5.629701507308e+00,1,1
4,236,1,5.630082485677e+00,1,1
4,237,1,5.630460278118e+00,1,1
4,238,1,5.630834924428e+00,1,1
4,239,1,5.631206463744e+00,1,1
4,240,1,5.631574934554e+00,1,1
4,241,1,5.631940374714e+00,1,1
4,242,1,5.632302821462e+00,1,1
4,243,1,5.632662311425e+00,1,1
4,244,1,5.633018880638e+00,1,1
4,245,1,5.633372564551e+00,1,1
4,246,1,5.633723398042e+00,1,1
4,247,1,5.634071415432e+00,1,1
4,248,1,5.634416650490e+00,1,1
4,249,1,5.634759136448e+00,1,1
4,250,1,5.635098906014e+00,1,1
7,1,1,6.714016599380e-02,3,1
7,2,3,4.096138940213e-01,3,1
7,3,3,7.630104541773e-01,3,1
7,4,3,1.102998827672e+00,3,1
7,5,3,1.331546432932e+00,3,1
7,6,3,1.509422384890e+00,3,1
7,7,3,1.669955978732e+00,3,1
7,8,3,1.789700162980e+00,3,1
7,9,3,1.887893413329e+00,3,1
7,10,3,1.978981535062e+00,3,1
7,11,3,2.050964115080e+00,3,1
7,12,3,2.112298277707e+00,3,1
7,13,3,2.170567601678e+00,3,1
7,14,3,2.218297107813e+00,3,1
7,15,3,2.260045233743e+00,3,1
7,16,3,2.300414082012e+00,3,1
7,17,3,2.334292888062e+00,3,1
7,18,3,2.364483720598e+00,3,1
7,19,3,2.394064953955e+00,3,1
7,20,3,2.419327214031e+00,3,1
7,21,3,2.442153497831e+00,3,1
7,22,3,2.464746584046e+00,3,1
7,23,3,2.484295869919e+00,3,1
7,24,3,2.502149478502e+00,3,1
7,25,3,2.519962328716e+00,3,1
7,26,3,2.535533788756e+00,3,1
7,27,3,2.549875313842e+00,3,1
7,28,3,2.564276526540e+00,3,1
7,29,3,2.576969130039e+00,3,1
7,30,3,2.588739630205e+00,3,1
7,31,3,2.600621879976e+00,3,1
7,32,3,2.611164799967e+00,3,1
7,33,3,2.620997403164e+00,3,1
7,34,3,2.630967418488e+00,3,1
7,35,3,2.639863198576e+00,3,1
7,36,3,2.648199288808e+00,3,1
7,37,3,2.656683693845e+00,3,1
7,38,3,2.664289801265e+00,3,1
7,39,3,2.671446380822e+00,3,1
7,40,3,2.678753825648e+00,3,1
7,41,3,2.685331405230e+00,3,1
7,42,3,2.691541964506e+00,3,1
7,43,3,2.697901224172e+00,3,1
7,44,3,2.703645454885e+00,3,1
7,45,3,2.709085741177e+00,3,1
7,46,3,2.714669960086e+00,3,1
7,47,3,2.719729624668e+00,3,1
7,48,3,2.724534434418e+00,3,1
7,49,3,2.729477052910e+00,3,1
7,50,3,2.733967537810e+00,3,1
7,51,3,2.738241976548e+00,3,1
7,52,3,2.742647486337e+00,3,1
7,53,3,2.746659646373e+00,3,1
7,54,3,2.750486870217e+00,3,1
7,55,3,2.754438255596e+00,3,1
7,56,3,2.758044599506e+00,3,1
7,57,3,2.761491256358e+00,3,1
7,58,3,2.765055253715e+00,3,1
7,59,3,2.768314349257e+00,3,1
7,60,3,2.771434478938e+00,3,1
7,61,3,2.774665365657e+00,3,1
7,62,3,2.777625034401e+00,3,1
7,63,3,2.780462913646e+00,3,1
7,64,3,2.783405284515e+00,3,1
7,65,3,2.786104957076e+00,3,1
7,66,3,2.788697207863e+00,3,1
7,67,3,2.791388041057e+00,3,1
7,68,3,2.793860519219e+00,3,1
7,69,3,2.796237693646e+00,3,1
7,70,3,2.798707909584e+00,3,1
7,71,3,2.800980702478e+00,3,1
7,72,3,2.803168489714e+00,3,1
7,73,3,2.805444142274e+00,3,1
7,74,3,2.807540492010e+00,3,1
7,75,3,2.809560648396e+00,3,1
7,76,3,2.811663845760e+00,3,1
7,77,3,2.813603523563e+00,3,1
7,78,3,2.815474597183e+00,3,1
7,79,3,2.817424221294e+00,3,1
7,80,3,2.819224151858e+00,3,1
7,81,3,2.820962052676e+00,3,1
7,82,3,2.822774326854e+00,3,1
7,83,3,2.824449082653e+00,3,1
7,84,3,2.826067535281e+00,3,1
7,85,3,2.827756476108e+00,3,1
7,86,3,2.829318672193e+00,3,1
7,87,3,2.830829578532e+00,3,1
7,88,3,2.832407358624e+00,3,1
7,89,3,2.833867970506e+00,3,1
7,90,3,2.835281702524e+00,3,1
7,91,3,2.836758944032e+00,3,1
7,92,3,2.838127565586e+00,3,1
7,93,3,2.839453203423e+00,3,1
7,94,3,2.840839217221e+00,3,1
7,95,3,2.842124271404e+00,3,1
7,96,3,2.843369798372e+00,3,1
7,97,3,2.844672780297e+00,3,1
7,98,3,2.845881692451e+00,3,1
7,99,3,2.847054155752e+00,3,1
7,100,3,2.848281348634e+00,3,1
7,101,3,2.849420689902e+00,3,1
7,102,3,2.850526333896e+00,3,1
7,103,3,2.851684162141e+00,3,1
7,104,3,2.852759768839e+00,3,1
7,105,3,2.853804146183e+00,3,1
7,106,3,2.854898328174e+00,3,1
7,107,3,2.855915401694e+00,3,1
7,108,3,2.856903466520e+00,3,1
7,109,3,2.857939108994e+00,3,1
7,110,3,2.858902299840e+00,3,1
7,111,3,2.859838486265e+00,3,1
7,112,3,2.860820163950e+00,3,1
7,113,3,2.861733642778e+00,3,1
7,114,3,2.862621931378e+00,3,1
7,115,3,2.863553754504e+00,3,1
7,116,3,2.864421272441e+00,3,1
7,117,3,2.865265246785e+00,3,1
7,118,3,2.866150918566e+00,3,1
7,119,3,2.866975858662e+00,3,1
7,120,3,2.867778753592e+00,3,1
7,121,3,2.868621619387e+00,3,1
7,122,3,2.869407040672e+00,3,1
7,123,3,2.870171783708e+00,3,1
7,124,3,2.870974873221e+00,3,1
7,125,3,2.871723548584e+00,3,1
7,126,3,2.872452795570e+00,3,1
7,127,3,2.873218859216e+00,3,1
7,128,3,2.873933308093e+00,3,1
7,129,3,2.874629473992e+00,3,1
7,130,3,2.875361014351e+00,3,1
7,131,3,2.876043531032e+00,3,1
7,132,3,2.876708816626e+00,3,1
7,133,3,2.877408115741e+00,3,1
7,134,3,2.878060793968e+00,3,1
7,135,3,2.878697209083e+00,3,1
7,136,3,2.879366352225e+00,3,1
7,137,3,2.879991106634e+00,3,1
7,138,3,2.880600490410e+00,3,1
7,139,3,2.881241386839e+00,3,1
7,140,3,2.881839971707e+00,3,1
7,141,3,2.882424010339e+00,3,1
7,142,3,2.883038411486e+00,3,1
7,143,3,2.883612437174e+00,3,1
7,144,3,2.884172679484e+00,3,1
7,145,3,2.884762194932e+00,3,1
7,146,3,2.885313142343e+00,3,1
7,147,3,2.885851013490e+00,3,1
7,148,3,2.886417125046e+00,3,1
7,149,3,2.886946358379e+00,3,1
7,150,3,2.887463171958e+00,3,1
7,151,3,2.888007246082e+00,3,1
7,152,3,2.888516024105e+00,3,1
7,153,3,2.889012992853e+00,3,1
7,154,3,2.889536291668e+00,3,1
7,155,3,2.890025777707e+00,3,1
7,156,3,2.890504022999e+00,3,1
7,157,3,2.891007714066e+00,3,1
7,158,3,2.891478984883e+00,3,1
7,159,3,2.891939545175e+00,3,1
7,160,3,2.892424710181e+00,3,1
7,161,3,2.892878763876e+00,3,1
7,162,3,2.893322602234e+00,3,1
7,163,3,2.893790244743e+00,3,1
7,164,3,2.894228007812e+00,3,1
7,165,3,2.894656018624e+00,3,1
7,166,3,2.895107071009e+00,3,1
7,167,3,2.895529404647e+00,3,1
7,168,3,2.895942419643e+00,3,1
7,169,3,2.896377749284e+00,3,1
7,170,3,2.896785455040e+00,3,1
7,171,3,2.897184248680e+00,3,1
7,172,3,2.897604663532e+00,3,1
7,173,3,2.897998488385e+00,3,1
7,174,3,2.898383782708e+00,3,1
7,175,3,2.898790036303e+00,3,1
7,176,3,2.899170677226e+00,3,1
7,177,3,2.899543146209e+00,3,1
7,178,3,2.899935942163e+00,3,1
7,179,3,2.900304050241e+00,3,1
7,180,3,2.900664323731e+00,3,1
7,181,3,2.901044319809e+00,3,1
7,182,3,2.901400503952e+00,3,1
7,183,3,2.901749171224e+00,3,1
7,184,3,2.902116983014e+00,3,1
7,185,3,2.902461813319e+00,3,1
7,186,3,2.902799426285e+00,3,1
7,187,3,2.903155630527e+00,3,1
7,188,3,2.903489641319e+00,3,1
7,189,3,2.903816717449e+00,3,1
7,190,3,2.904161855050e+00,3,1
7,191,3,2.904485547647e+00,3,1
7,192,3,2.904802572609e+00,3,1
7,193,3,2.905137151384e+00,3,1
7,194,3,2.905450996607e+00,3,1
7,195,3,2.905758426674e+00,3,1
7,196,3,2.906082923839e+00,3,1
7,197,3,2.906387364293e+00,3,1
7,198,3,2.906685628538e+00,3,1
7,199,3,2.907000492978e+00,3,1
7,200,3,2.907295945137e+00,3,1
7,201,3,2.907585447424e+00,3,1
7,202,3,2.907891101768e+00,3,1
7,203,3,2.908177957874e+00,3,1
7,204,3,2.908459078686e+00,3,1
7,205,3,2.908755921196e+00,3,1
7,206,3,2.909034550999e+00,3,1
7,207,3,2.909307649104e+00,3,1
7,208,3,2.909596055408e+00,3,1
7,209,3,2.909866807750e+00,3,1
7,210,3,2.910132221731e+00,3,1
7,211,3,2.910412546406e+00,3,1
7,212,3,2.910675750682e+00,3,1
7,213,3,2.910933800334e+00,3,1
7,214,3,2.911206378363e+00,3,1
7,215,3,2.911462345859e+00,3,1
7,216,3,2.911713333473e+00,3,1
7,217,3,2.911978481579e+00,3,1
7,218,3,2.912227506694e+00,3,1
7,219,3,2.912471718244e+00,3,1
7,220,3,2.912729736116e+00,3,1
7,221,3,2.912972097496e+00,3,1
7,222,3,2.913209803721e+00,3,1
7,223,3,2.913460975146e+00,3,1
7,224,3,2.913696936722e+00,3,1
7,225,3,2.913928394127e+00,3,1
7,226,3,2.914172988029e+00,3,1
7,227,3,2.914402799978e+00,3,1
7,228,3,2.914628251758e+00,3,1
7,229,3,2.914866523161e+00,3,1
7,230,3,2.915090422786e+00,3,1
7,231,3,2.915310099680e+00,3,1
7,232,3,2.915542290591e+00,3,1
7,233,3,2.915760503144e+00,3,1
7,234,3,2.915974624219e+00,3,1
7,235,3,2.916200964452e+00,3,1
7,236,3,2.916413703883e+00,3,1
7,237,3,2.916622477266e+00,3,1
7,238,3,2.916843185197e+00,3,1
7,239,3,2.917050654861e+00,3,1
7,240,3,2.917254278411e+00,3,1
7,241,3,2.917469561682e+00,3,1
7,242,3,2.917671954981e+00,3,1
7,243,3,2.917870616917e+00,3,1
7,244,3,2.918080673088e+00,3,1
7,245,3,2.918278174076e+00,3,1
7,246,3,2.918472053555e+00,3,1
7,247,3,2.918677070707e+00,3,1
7,248,3,2.918869854648e+00,3,1
7,249,3,2.919059122302e+00,3,1
7,250,3,2.919259279603e+00,3,1
8,1,1,5.140418958901e-02,2,1
8,2,3,3.086763774117e-01,2,1
8,3,3,7.291467292099e-01,2,1
8,4,3,9.644421328446e-01,2,1
8,5,3,1.198247557572e+00,2,1
8,6,3,1.347605394481e+00,2,1
8,7,3,1.492171978652e+00,2,1
8,8,3,1.591659935796e+00,2,1
8,9,3,1.688924195030e+00,2,1
8,10,3,1.759179831823e+00,2,1
8,11,3,1.828812656228e+00,2,1
8,12,3,1.880840524623e+00,2,1
8,13,3,1.933051425174e+00,2,1
8,14,3,1.973045702663e+00,2,1
8,15,3,2.013604219904e+00,2,1
8,16,3,2.045270487350e+00,2,1
8,17,3,2.077666409952e+00,2,1
8,18,3,2.103343099591e+00,2,1
8,19,3,2.129805398272e+00,2,1
8,20,3,2.151035956886e+00,2,1
8,21,3,2.173052689781e+00,2,1
8,22,3,2.190894884021e+00,2,1
8,23,3,2.209496408774e+00,2,1
8,24,3,2.224698507677e+00,2,1
8,25,3,2.240620408488e+00,2,1
8,26,3,2.253726219345e+00,2,1
8,27,3,2.267507440294e+00,2,1
8,28,3,2.278921449784e+00,2,1
8,29,3,2.290965756373e+00,2,1
8,30,3,2.300994937473e+00,2,1
8,31,3,2.311610724765e+00,2,1
8,32,3,2.320492181870e+00,2,1
8,33,3,2.329919020244e+00,2,1
8,34,3,2.337838755668e+00,2,1
8,35,3,2.346265550098e+00,2,1
8,36,3,2.353371502286e+00,2,1
8,37,3,2.360949197481e+00,2,1
8,38,3,2.367360488153e+00,2,1
8,39,3,2.374211137356e+00,2,1
8,40,3,2.380024751998e+00,2,1
8,41,3,2.386248107099e+00,2,1
8,42,3,2.391543801929e+00,2,1
8,43,3,2.397222180085e+00,2,1
8,44,3,2.402066140790e+00,2,1
8,45,3,2.407268070992e+00,2,1
8,46,3,2.411715678161e+00,2,1
8,47,3,2.416498670007e+00,2,1
8,48,3,2.420596615489e+00,2,1
8,49,3,2.425009286990e+00,2,1
8,50,3,2.428797212044e+00,2,1
8,51,3,2.432880943025e+00,2,1
8,52,3,2.436392719634e+00,2,1
8,53,3,2.440182949651e+00,2,1
8,54,3,2.443447692433e+00,2,1
8,55,3,2.446974949214e+00,2,1
8,56,3,2.450017821725e+00,2,1
8,57,3,2.453308543216e+00,2,1
8,58,3,2.456151405753e+00,2,1
8,59,3,2.459228602487e+00,2,1
8,60,3,2.461890536565e+00,2,1
8,61,3,2.464774329404e+00,2,1
8,62,3,2.467272065439e+00,2,1
8,63,3,2.469980125187e+00,2,1
8,64,3,2.472328393591e+00,2,1
8,65,3,2.474876302760e+00,2,1
8,66,3,2.477088123977e+00,2,1
8,67,3,2.479489676309e+00,2,1
8,68,3,2.481576601827e+00,2,1
8,69,3,2.483844051723e+00,2,1
8,70,3,2.485816365457e+00,2,1
8,71,3,2.487960636813e+00,2,1
8,72,3,2.489827524258e+00,2,1
8,73,3,2.491858386212e+00,2,1
8,74,3,2.493628077224e+00,2,1
8,75,3,2.495554292768e+00,2,1
8,76,3,2.497234182645e+00,2,1
8,77,3,2.499063634871e+00,2,1
8,78,3,2.500660387486e+00,2,1
8,79,3,2.502400187296e+00,2,1
8,80,3,2.503919823312e+00,2,1
8,81,3,2.505576401682e+00,2,1
8,82,3,2.507024374302e+00,2,1
8,83,3,2.508603561631e+00,2,1
8,84,3,2.509984821897e+00,2,1
8,85,3,2.511491916504e+00,2,1
8,86,3,2.512810969779e+00,2,1
8,87,3,2.514250797231e+00,2,1
8,88,3,2.515511752230e+00,2,1
8,89,3,2.516888716908e+00,2,1
8,90,3,2.518095328400e+00,2,1
8,91,3,2.519413458464e+00,2,1
8,92,3,2.520569164568e+00,2,1
8,93,3,2.521832151277e+00,2,1
8,94,3,2.522940106150e+00,2,1
8,95,3,2.524151338359e+00,2,1
8,96,3,2.525214440906e+00,2,1
8,97,3,2.526377035407e+00,2,1
8,98,3,2.527397954589e+00,2,1
8,99,3,2.528514782868e+00,2,1
8,100,3,2.529495980053e+00,2,1
8,101,3,2.530569691958e+00,2,1
8,102,3,2.531513440711e+00,2,1
8,103,3,2.532546485427e+00,2,1
8,104,3,2.533454889086e+00,2,1
8,105,3,2.534449533772e+00,2,1
8,106,3,2.535324541085e+00,2,1
8,107,3,2.536282887476e+00,2,1
8,108,3,2.537126306542e+00,2,1
8,109,3,2.538050305761e+00,2,1
8,110,3,2.538863816493e+00,2,1
8,111,3,2.539755282309e+00,2,1
8,112,3,2.540540447594e+00,2,1
8,113,3,2.541401068291e+00,2,1
8,114,3,2.542159344005e+00,2,1
8,115,3,2.542990693054e+00,2,1
8,116,3,2.543723437064e+00,2,1
8,117,3,2.544526982716e+00,2,1
8,118,3,2.545235462989e+00,2,1
8,119,3,2.546012576925e+00,2,1
8,120,3,2.546697978849e+00,2,1
8,121,3,2.547449943990e+00,2,1
8,122,3,2.548113376985e+00,2,1
8,123,3,2.548841394555e+00,2,1
8,124,3,2.549483898063e+00,2,1
8,125,3,2.550189093995e+00,2,1
8,126,3,2.550811642910e+00,2,1
8,127,3,2.551495073647e+00,2,1
8,128,3,2.552098583250e+00,2,1
8,129,3,2.552761241026e+00,2,1
8,130,3,2.553346571472e+00,2,1
8,131,3,2.553989389119e+00,2,1
8,132,3,2.554557349523e+00,2,1
8,133,3,2.555181204848e+00,2,1
8,134,3,2.555732557017e+00,2,1
8,135,3,2.556338276800e+00,2,1
8,136,3,2.556873738641e+00,2,1
8,137,3,2.557462102291e+00,2,1
8,138,3,2.557982350925e+00,2,1
8,139,3,2.558554093822e+00,2,1
8,140,3,2.559059768443e+00,2,1
8,141,3,2.559615585005e+00,2,1
8,142,3,2.560107289497e+00,2,1
8,143,3,2.560647835992e+00,2,1
8,144,3,2.561126141333e+00,2,1
8,145,3,2.561652038464e+00,2,1
8,146,3,2.562117484938e+00,2,1
8,147,3,2.562629320221e+00,2,1
8,148,3,2.563082419453e+00,2,1
8,149,3,2.563580749401e+00,2,1
8,150,3,2.564021986231e+00,2,1
8,151,3,2.564507338378e+00,2,1
8,152,3,2.564937172592e+00,2,1
8,153,3,2.565410047351e+00,2,1
8,154,3,2.565828915280e+00,2,1
8,155,3,2.566289787664e+00,2,1
8,156,3,2.566698103658e+00,2,1
8,157,3,2.567147424874e+00,2,1
8,158,3,2.567545582669e+00,2,1
8,159,3,2.567983781587e+00,2,1
8,160,3,2.568372155574e+00,2,1
8,161,3,2.568799640096e+00,2,1
8,162,3,2.569178586492e+00,2,1
8,163,3,2.569595744813e+00,2,1
8,164,3,2.569965602750e+00,2,1
8,165,3,2.570372804542e+00,2,1
8,166,3,2.570733897081e+00,2,1
8,167,3,2.571131494574e+00,2,1
8,168,3,2.571484129646e+00,2,1
8,169,3,2.571872458654e+00,2,1
8,170,3,2.572216929931e+00,2,1
8,171,3,2.572596310793e+00,2,1
8,172,3,2.572932898511e+00,2,1
8,173,3,2.573303636971e+00,2,1
8,174,3,2.573632608684e+00,2,1
8,175,3,2.573994996716e+00,2,1
8,176,3,2.574316608007e+00,2,1
8,177,3,2.574670924580e+00,2,1
8,178,3,2.574985419724e+00,2,1
8,179,3,2.575331931517e+00,2,1
8,180,3,2.575639544099e+00,2,1
8,181,3,2.575978506174e+00,2,1
8,182,3,2.576279459665e+00,2,1
8,183,3,2.576611116087e+00,2,1
8,184,3,2.576905624391e+00,2,1
8,185,3,2.577230208821e+00,2,1
8,186,3,2.577518476774e+00,2,1
8,187,3,2.577836213012e+00,2,1
8,188,3,2.578118436865e+00,2,1
8,189,3,2.578429539367e+00,2,1
8,190,3,2.578705907227e+00,2,1
8,191,3,2.579010581588e+00,2,1
8,192,3,2.579281273837e+00,2,1
8,193,3,2.579579717242e+00,2,1
8,194,3,2.579844906928e+00,2,1
8,195,3,2.580137308581e+00,2,1
8,196,3,2.580397161789e+00,2,1
8,197,3,2.580683703310e+00,2,1
8,198,3,2.580938379508e+00,2,1
8,199,3,2.581219235310e+00,2,1
8,200,3,2.581468887675e+00,2,1
8,201,3,2.581744225317e+00,2,1
8,202,3,2.581989001043e+00,2,1
8,203,3,2.582258981566e+00,2,1
8,204,3,2.582499022152e+00,2,1
8,205,3,2.582763800391e+00,2,1
8,206,3,2.582999241913e+00,2,1
8,207,3,2.583258966792e+00,2,1
8,208,3,2.583489940166e+00,2,1
8,209,3,2.583744754979e+00,2,1
8,210,3,2.583971386196e+00,2,1
8,211,3,2.584221428871e+00,2,1
8,212,3,2.584443839229e+00,2,1
8,213,3,2.584689242576e+00,2,1
8,214,3,2.584907548898e+00,2,1
8,215,3,2.585148440843e+00,2,1
8,216,3,2.585362755682e+00,2,1
8,217,3,2.585599259492e+00,2,1
8,218,3,2.585809691319e+00,2,1
8,219,3,2.586041925811e+00,2,1
8,220,3,2.586248579206e+00,2,1
8,221,3,2.586476658945e+00,2,1
8,222,3,2.586679634764e+00,2,1
8,223,3,2.586903670253e+00,2,1
8,224,3,2.587103065794e+00,2,1
8,225,3,2.587323163652e+00,2,1
8,226,3,2.587519072812e+00,2,1
8,227,3,2.587735335943e+00,2,1
8,228,3,2.587927849363e+00,2,1
8,229,3,2.588140377115e+00,2,1
8,230,3,2.588329582323e+00,2,1
8,231,3,2.588538470644e+00,2,1
8,232,3,2.588724452183e+00,2,1
8,233,3,2.588929793762e+00,2,1
8,234,3,2.589112633321e+00,2,1
8,235,3,2.589314517725e+00,2,1
8,236,3,2.589494294255e+00,2,1
8,237,3,2.589692808061e+00,2,1
8,238,3,2.589869597891e+00,2,1
8,239,3,2.590064824810e+00,2,1
8,240,3,2.590238701752e+00,2,1
8,241,3,2.590430722746e+00,2,1
8,242,3,2.590601758201e+00,2,1
8,243,3,2.590790651594e+00,2,1
8,244,3,2.590958914648e+00,2,1
8,245,3,2.591144756233e+00,2,1
8,246,3,2.591310313751e+00,2,1
8,247,3,2.591493176892e+00,2,1
8,248,3,2.591656093605e+00,2,1
8,249,3,2.591836049334e+00,2,1
8,250,3,2.591996387926e+00,2,1
13,1,1,1.946667534732e-02,6,1
13,2,5,1.335660993808e-01,6,1
13,3,3,3.403041648018e-01,6,1
13,4,2,4.965067391151e-01,6,1
13,5,2,6.157072198876e-01,6,1
13,6,2,7.062308764433e-01,6,1
13,7,6,8.078735990542e-01,6,1
13,8,2,8.752862271642e-01,6,1
13,9,2,9.250069980184e-01,6,1
13,10,2,9.665575009004e-01,6,1
13,11,2,1.004418478230e+00,6,1
13,12,2,1.036226704541e+00,6,1
13,13,6,1.072811508322e+00,6,1
13,14,2,1.098535163165e+00,6,1
13,15,2,1.119922253546e+00,6,1
13,16,2,1.138772852929e+00,6,1
13,17,2,1.156632356623e+00,6,1
13,18,2,1.172353381684e+00,6,1
13,19,2,1.190900891081e+00,6,1
13,20,2,1.204320191293e+00,6,1
13,21,2,1.216059806324e+00,6,1
13,22,2,1.226707752757e+00,6,1
13,23,2,1.237023883687e+00,6,1
13,24,2,1.246337050102e+00,6,1
13,25,2,1.257439998985e+00,6,1
13,26,2,1.265714917459e+00,6,1
13,27,2,1.273105207086e+00,6,1
13,28,2,1.279925944932e+00,6,1
13,29,2,1.286627725992e+00,6,1
13,30,2,1.292773736235e+00,6,1
13,31,2,1.300154043621e+00,6,1
13,32,2,1.305758174067e+00,6,1
13,33,2,1.310830888504e+00,6,1
13,34,2,1.315567410238e+00,6,1
13,35,2,1.320266213813e+00,6,1
13,36,2,1.324621664564e+00,6,1
13,37,2,1.329879201079e+00,6,1
13,38,2,1.333922985370e+00,6,1
13,39,2,1.337617974341e+00,6,1
13,40,2,1.341096832537e+00,6,1
13,41,2,1.344572064255e+00,6,1
13,42,2,1.347818376051e+00,6,1
13,43,2,1.351752472400e+00,6,1
13,44,2,1.354806793494e+00,6,1
13,45,2,1.357617195211e+00,6,1
13,46,2,1.360279708158e+00,6,1
13,47,2,1.362953476744e+00,6,1
13,48,2,1.365465793102e+00,6,1
13,49,2,1.368519694972e+00,6,1
13,50,2,1.370907615179e+00,6,1
13,51,2,1.373116659930e+00,6,1
13,52,2,1.375219588602e+00,6,1
13,53,2,1.377340122431e+00,6,1
13,54,2,1.379341772123e+00,6,1
13,55,2,1.381780862539e+00,6,1
13,56,2,1.383698772464e+00,6,1
13,57,2,1.385480585793e+00,6,1
13,58,2,1.387183360551e+00,6,1
13,59,2,1.388906083519e+00,6,1
13,60,2,1.390538235718e+00,6,1
13,61,2,1.392531042650e+00,6,1
13,62,2,1.394105141724e+00,6,1
13,63,2,1.395572610465e+00,6,1
13,64,2,1.396979410903e+00,6,1
13,65,2,1.398406565977e+00,6,1
13,66,2,1.399762794568e+00,6,1
13,67,2,1.401421451422e+00,6,1
13,68,2,1.402736507993e+00,6,1
13,69,2,1.403966002257e+00,6,1
13,70,2,1.405147762357e+00,6,1
13,71,2,1.406349347305e+00,6,1
13,72,2,1.407494114184e+00,6,1
13,73,2,1.408896113791e+00,6,1
13,74,2,1.410011165536e+00,6,1
13,75,2,1.411056188361e+00,6,1
13,76,2,1.412062868475e+00,6,1
13,77,2,1.413088410079e+00,6,1
13,78,2,1.414067561771e+00,6,1
13,79,2,1.415268167007e+00,6,1
13,80,2,1.416225589157e+00,6,1
13,81,2,1.417124733554e+00,6,1
13,82,2,1.417992533683e+00,6,1
13,83,2,1.418878056958e+00,6,1
13,84,2,1.419725087862e+00,6,1
13,85,2,1.420764765841e+00,6,1
13,86,2,1.421595758946e+00,6,1
13,87,2,1.422377560484e+00,6,1
13,88,2,1.423133349873e+00,6,1
13,89,2,1.423905683118e+00,6,1
13,90,2,1.424645630756e+00,6,1
13,91,2,1.425554691862e+00,6,1
13,92,2,1.426282735770e+00,6,1
13,93,2,1.426968746772e+00,6,1
13,94,2,1.427632886748e+00,6,1
13,95,2,1.428312418897e+00,6,1
13,96,2,1.428964373263e+00,6,1
13,97,2,1.429765968389e+00,6,1
13,98,2,1.430409070241e+00,6,1
13,99,2,1.431015871855e+00,6,1
13,100,2,1.431604072793e+00,6,1
13,101,2,1.432206575246e+00,6,1
13,102,2,1.432785345084e+00,6,1
13,103,2,1.433497460974e+00,6,1
13,104,2,1.434069661288e+00,6,1
13,105,2,1.434610218060e+00,6,1
13,106,2,1.435134795093e+00,6,1
13,107,2,1.435672658373e+00,6,1
13,108,2,1.436189907193e+00,6,1
13,109,2,1.436826729898e+00,6,1
13,110,2,1.437339137398e+00,6,1
13,111,2,1.437823731971e+00,6,1
13,112,2,1.438294474850e+00,6,1
13,113,2,1.438777568166e+00,6,1
13,114,2,1.439242606884e+00,6,1
13,115,2,1.439815475011e+00,6,1
13,116,2,1.440276993657e+00,6,1
13,117,2,1.440713885936e+00,6,1
13,118,2,1.441138674585e+00,6,1
13,119,2,1.441574955912e+00,6,1
13,120,2,1.441995307358e+00,6,1
13,121,2,1.442513392194e+00,6,1
13,122,2,1.442931242152e+00,6,1
13,123,2,1.443327143215e+00,6,1
13,124,2,1.443712391659e+00,6,1
13,125,2,1.444108348902e+00,6,1
13,126,2,1.444490157276e+00,6,1
13,127,2,1.444960956896e+00,6,1
13,128,2,1.445341054486e+00,6,1
13,129,2,1.445701473263e+00,6,1
13,130,2,1.446052455265e+00,6,1
13,131,2,1.446413430646e+00,6,1
13,132,2,1.446761763407e+00,6,1
13,133,2,1.447191467533e+00,6,1
13,134,2,1.447538706765e+00,6,1
13,135,2,1.447868207606e+00,6,1
13,136,2,1.448189299211e+00,6,1
13,137,2,1.448519731409e+00,6,1
13,138,2,1.448838805191e+00,6,1
13,139,2,1.449232568584e+00,6,1
13,140,2,1.449551032779e+00,6,1
13,141,2,1.449853429536e+00,6,1
13,142,2,1.450148292248e+00,6,1
13,143,2,1.450451899636e+00,6,1
13,144,2,1.450745251582e+00,6,1
13,145,2,1.451107401637e+00,6,1
13,146,2,1.451400524580e+00,6,1
13,147,2,1.451679028738e+00,6,1
13,148,2,1.451950749611e+00,6,1
13,149,2,1.452230670642e+00,6,1
13,150,2,1.452501289948e+00,6,1
13,151,2,1.452835486263e+00,6,1
13,152,2,1.453106176394e+00,6,1
13,153,2,1.453363511453e+00,6,1
13,154,2,1.453614711474e+00,6,1
13,155,2,1.453873613475e+00,6,1
13,156,2,1.454124043519e+00,6,1
13,157,2,1.454433401908e+00,6,1
13,158,2,1.454684139067e+00,6,1
13,159,2,1.454922629822e+00,6,1
13,160,2,1.455155548652e+00,6,1
13,161,2,1.455395713013e+00,6,1
13,162,2,1.455628131466e+00,6,1
13,163,2,1.455915321329e+00,6,1
13,164,2,1.456148232894e+00,6,1
13,165,2,1.456369875804e+00,6,1
13,166,2,1.456586438681e+00,6,1
13,167,2,1.456809828212e+00,6,1
13,168,2,1.457026110478e+00,6,1
13,169,2,1.457293431974e+00,6,1
13,170,2,1.457510353320e+00,6,1
13,171,2,1.457716872489e+00,6,1
13,172,2,1.457918743524e+00,6,1
13,173,2,1.458127056180e+00,6,1
13,174,2,1.458328826073e+00,6,1
13,175,2,1.458578271825e+00,6,1
13,176,2,1.458780794755e+00,6,1
13,177,2,1.458973686834e+00,6,1
13,178,2,1.459162311827e+00,6,1
13,179,2,1.459357023915e+00,6,1
13,180,2,1.459545694474e+00,6,1
13,181,2,1.459778999297e+00,6,1
13,182,2,1.459968511144e+00,6,1
13,183,2,1.460149081641e+00,6,1
13,184,2,1.460325722737e+00,6,1
13,185,2,1.460508123937e+00,6,1
13,186,2,1.460684930546e+00,6,1
13,187,2,1.460903611830e+00,6,1
13,188,2,1.461081327264e+00,6,1
13,189,2,1.461250720106e+00,6,1
13,190,2,1.461416484056e+00,6,1
13,191,2,1.461587706005e+00,6,1
13,192,2,1.461753733458e+00,6,1
13,193,2,1.461959124194e+00,6,1
13,194,2,1.462126111268e+00,6,1
13,195,2,1.462285333048e+00,6,1
13,196,2,1.462441194408e+00,6,1
13,197,2,1.462602234185e+00,6,1
13,198,2,1.462758438949e+00,6,1
13,199,2,1.462951714910e+00,6,1
13,200,2,1.463108916534e+00,6,1
13,201,2,1.463258856518e+00,6,1
13,202,2,1.463405676809e+00,6,1
13,203,2,1.463557416356e+00,6,1
13,204,2,1.463704645002e+00,6,1
13,205,2,1.463886847257e+00,6,1
13,206,2,1.464035099000e+00,6,1
13,207,2,1.464176545735e+00,6,1
13,208,2,1.464315089369e+00,6,1
13,209,2,1.464458311645e+00,6,1
13,210,2,1.464597316187e+00,6,1
13,211,2,1.464769369852e+00,6,1
13,212,2,1.464909414794e+00,6,1
13,213,2,1.465043069972e+00,6,1
13,214,2,1.465174017561e+00,6,1
13,215,2,1.465309420042e+00,6,1
13,216,2,1.465440870782e+00,6,1
13,217,2,1.465603600725e+00,6,1
13,218,2,1.465736101908e+00,6,1
13,219,2,1.465862592006e+00,6,1
13,220,2,1.465986551532e+00,6,1
13,221,2,1.466114757573e+00,6,1
13,222,2,1.466239253900e+00,6,1
13,223,2,1.466393397961e+00,6,1
13,224,2,1.466518948883e+00,6,1
13,225,2,1.466638834972e+00,6,1
13,226,2,1.466756351228e+00,6,1
13,227,2,1.466877919648e+00,6,1
13,228,2,1.466995999178e+00,6,1
13,229,2,1.467142219352e+00,6,1
13,230,2,1.467261352848e+00,6,1
13,231,2,1.467375138917e+00,6,1
13,232,2,1.467486701504e+00,6,1
13,233,2,1.467602134729e+00,6,1
13,234,2,1.467714281059e+00,6,1
13,235,2,1.467853172994e+00,6,1
13,236,2,1.467966368796e+00,6,1
13,237,2,1.468074508825e+00,6,1
13,238,2,1.468180558971e+00,6,1
13,239,2,1.468290309972e+00,6,1
13,240,2,1.468396959300e+00,6,1
13,241,2,1.468529060406e+00,6,1
13,242,2,1.468636751595e+00,6,1
13,243,2,1.468739655612e+00,6,1
13,244,2,1.468840591998e+00,6,1
13,245,2,1.468945070228e+00,6,1
13,246,2,1.469046617020e+00,6,1
13,247,2,1.469172413417e+00,6,1
13,248,2,1.469274991962e+00,6,1
13,249,2,1.469373031230e+00,6,1
13,250,2,1.469469215001e+00,6,1
16,1,1,1.285104739725e-02,4,1
16,2,7,1.026846796203e-01,4,1
16,3,5,2.408200195127e-01,4,1
16,4,3,3.473785777309e-01,4,1
16,5,5,4.933126408513e-01,4,1
16,6,5,5.718505311385e-01,4,1
16,7,5,6.279146233102e-01,4,1
16,8,5,6.751181253046e-01,4,1
16,9,5,7.328613309608e-01,4,1
16,10,5,7.695213567662e-01,4,1
16,11,5,7.978262020092e-01,4,1
16,12,5,8.227256078916e-01,4,1
16,13,5,8.532129372487e-01,4,1
16,14,5,8.740105414386e-01,4,1
16,15,5,8.907974209962e-01,4,1
16,16,5,9.060062489783e-01,4,1
16,17,5,9.247695325538e-01,4,1
16,18,5,9.380965522153e-01,4,1
16,19,5,9.491536564286e-01,4,1
16,20,5,9.593701290585e-01,4,1
16,21,5,9.720604179579e-01,4,1
16,22,5,9.813100964037e-01,4,1
16,23,5,9.891282402665e-01,4,1
16,24,5,9.964526211727e-01,4,1
16,25,5,1.005600600227e+00,4,1
16,26,5,1.012389342594e+00,4,1
16,27,5,1.018204535411e+00,4,1
16,28,5,1.023708398666e+00,4,1
16,29,5,1.030612807031e+00,4,1
16,30,5,1.035804804001e+00,4,1
16,31,5,1.040297130222e+00,4,1
16,32,5,1.044582391769e+00,4,1
16,33,5,1.049977188452e+00,4,1
16,34,5,1.054075310964e+00,4,1
16,35,5,1.057649031499e+00,4,1
16,36,5,1.061079204416e+00,4,1
16,37,5,1.065410084524e+00,4,1
16,38,5,1.068726484825e+00,4,1
16,39,5,1.071636696100e+00,4,1
16,40,5,1.074444053584e+00,4,1
16,41,5,1.077997166673e+00,4,1
16,42,5,1.080735720992e+00,4,1
16,43,5,1.083151222968e+00,4,1
16,44,5,1.085491026382e+00,4,1
16,45,5,1.088458439373e+00,4,1
16,46,5,1.090757887353e+00,4,1
16,47,5,1.092794776590e+00,4,1
16,48,5,1.094774706415e+00,4,1
16,49,5,1.097290103729e+00,4,1
16,50,5,1.099248108766e+00,4,1
16,51,5,1.100988833009e+00,4,1
16,52,5,1.102685897665e+00,4,1
16,53,5,1.104845182941e+00,4,1
16,54,5,1.106532471775e+00,4,1
16,55,5,1.108037184241e+00,4,1
16,56,5,1.109507904197e+00,4,1
16,57,5,1.111381658405e+00,4,1
16,58,5,1.112850701205e+00,4,1
16,59,5,1.114164312313e+00,4,1
16,60,5,1.115451102776e+00,4,1
16,61,5,1.117092420223e+00,4,1
16,62,5,1.118382959909e+00,4,1
16,63,5,1.119539673928e+00,4,1
16,64,5,1.120674983246e+00,4,1
16,65,5,1.122124568721e+00,4,1
16,66,5,1.123267256797e+00,4,1
16,67,5,1.124293580440e+00,4,1
16,68,5,1.125302653254e+00,4,1
16,69,5,1.126592235209e+00,4,1
16,70,5,1.127611089294e+00,4,1
16,71,5,1.128527880403e+00,4,1
16,72,5,1.129430650409e+00,4,1
16,73,5,1.130585325124e+00,4,1
16,74,5,1.131499430623e+00,4,1
16,75,5,1.132323326001e+00,4,1
16,76,5,1.133135742053e+00,4,1
16,77,5,1.134175619899e+00,4,1
16,78,5,1.135000333681e+00,4,1
16,79,5,1.135744764903e+00,4,1
16,80,5,1.136479738870e+00,4,1
16,81,5,1.137421123543e+00,4,1
16,82,5,1.138168941676e+00,4,1
16,83,5,1.138844871155e+00,4,1
16,84,5,1.139512967636e+00,4,1
16,85,5,1.140369215912e+00,4,1
16,86,5,1.141050409931e+00,4,1
16,87,5,1.141666873144e+00,4,1
16,88,5,1.142276819453e+00,4,1
16,89,5,1.143058978064e+00,4,1
16,90,5,1.143682068715e+00,4,1
16,91,5,1.144246579604e+00,4,1
16,92,5,1.144805648389e+00,4,1
16,93,5,1.145522932605e+00,4,1
16,94,5,1.146095047513e+00,4,1
16,95,5,1.146613905709e+00,4,1
16,96,5,1.147128205801e+00,4,1
16,97,5,1.147788363798e+00,4,1
16,98,5,1.148315510914e+00,4,1
16,99,5,1.148794037434e+00,4,1
16,100,5,1.149268737622e+00,4,1
16,101,5,1.149878331205e+00,4,1
16,102,5,1.150365610302e+00,4,1
16,103,5,1.150808330416e+00,4,1
16,104,5,1.151247833515e+00,4,1
16,105,5,1.151812456770e+00,4,1
16,106,5,1.152264224752e+00,4,1
16,107,5,1.152675011334e+00,4,1
16,108,5,1.153083090971e+00,4,1
16,109,5,1.153607542287e+00,4,1
16,110,5,1.154027543670e+00,4,1
16,111,5,1.154409730644e+00,4,1
16,112,5,1.154789639741e+00,4,1
16,113,5,1.155278058404e+00,4,1
16,114,5,1.155669529233e+00,4,1
16,115,5,1.156026002151e+00,4,1
16,116,5,1.156380559725e+00,4,1
16,117,5,1.156836535310e+00,4,1
16,118,5,1.157202286616e+00,4,1
16,119,5,1.157535555563e+00,4,1
16,120,5,1.157867216722e+00,4,1
16,121,5,1.158293877405e+00,4,1
16,122,5,1.158636362745e+00,4,1
16,123,5,1.158948621473e+00,4,1
16,124,5,1.159259534291e+00,4,1
16,125,5,1.159659618661e+00,4,1
16,126,5,1.159980989187e+00,4,1
16,127,5,1.160274163414e+00,4,1
16,128,5,1.160566215461e+00,4,1
16,129,5,1.160942131335e+00,4,1
16,130,5,1.161244280980e+00,4,1
16,131,5,1.161520068105e+00,4,1
16,132,5,1.161794924771e+00,4,1
16,133,5,1.162148797661e+00,4,1
16,134,5,1.162433400462e+00,4,1
16,135,5,1.162693302424e+00,4,1
16,136,5,1.162952438668e+00,4,1
16,137,5,1.163286151972e+00,4,1
16,138,5,1.163554693079e+00,4,1
16,139,5,1.163800043699e+00,4,1
16,140,5,1.164044770507e+00,4,1
16,141,5,1.164359999026e+00,4,1
16,142,5,1.164613800610e+00,4,1
16,143,5,1.164845788470e+00,4,1
16,144,5,1.165077275019e+00,4,1
16,145,5,1.165375513055e+00,4,1
16,146,5,1.165615756064e+00,4,1
16,147,5,1.165835443746e+00,4,1
16,148,5,1.166054736076e+00,4,1
16,149,5,1.166337321107e+00,4,1
16,150,5,1.166565063626e+00,4,1
16,151,5,1.166773403980e+00,4,1
16,152,5,1.166981440783e+00,4,1
16,153,5,1.167249573507e+00,4,1
16,154,5,1.167465766332e+00,4,1
16,155,5,1.167663616279e+00,4,1
16,156,5,1.167861242324e+00,4,1
16,157,5,1.168116003710e+00,4,1
16,158,5,1.168321503609e+00,4,1
16,159,5,1.168509635916e+00,4,1
16,160,5,1.168697613509e+00,4,1
16,161,5,1.168939979354e+00,4,1
16,162,5,1.169135560405e+00,4,1
16,163,5,1.169314673767e+00,4,1
16,164,5,1.169493692571e+00,4,1
16,165,5,1.169724545986e+00,4,1
16,166,5,1.169910909324e+00,4,1
16,167,5,1.170081637029e+00,4,1
16,168,5,1.170252322515e+00,4,1
16,169,5,1.170472464676e+00,4,1
16,170,5,1.170650246877e+00,4,1
16,171,5,1.170813164288e+00,4,1
16,172,5,1.170976085033e+00,4,1
16,173,5,1.171186244465e+00,4,1
16,174,5,1.171356024816e+00,4,1
16,175,5,1.171511655839e+00,4,1
16,176,5,1.171667329852e+00,4,1
16,177,5,1.171868170480e+00,4,1
16,178,5,1.172030477280e+00,4,1
16,179,5,1.172179299994e+00,4,1
16,180,5,1.172328200212e+00,4,1
16,181,5,1.172520328370e+00,4,1
16,182,5,1.172675644416e+00,4,1
16,183,5,1.172818095975e+00,4,1
16,184,5,1.172960655063e+00,4,1
16,185,5,1.173144625600e+00,4,1
16,186,5,1.173293392984e+00,4,1
16,187,5,1.173429873905e+00,4,1
16,188,5,1.173566488450e+00,4,1
16,189,5,1.173742810086e+00,4,1
16,190,5,1.173885434396e+00,4,1
16,191,5,1.174016312316e+00,4,1
16,192,5,1.174147346514e+00,4,1
16,193,5,1.174316486532e+00,4,1
16,194,5,1.174453340541e+00,4,1
16,195,5,1.174578953525e+00,4,1
16,196,5,1.174704742419e+00,4,1
16,197,5,1.174867130801e+00,4,1
16,198,5,1.174998557724e+00,4,1
16,199,5,1.175119217177e+00,4,1
16,200,5,1.175240069517e+00,4,1
16,201,5,1.175396102594e+00,4,1
16,202,5,1.175522418957e+00,4,1
16,203,5,1.175638412204e+00,4,1
16,204,5,1.175754612975e+00,4,1
16,205,5,1.175904656654e+00,4,1
16,206,5,1.176026154839e+00,4,1
16,207,5,1.176137747406e+00,4,1
16,208,5,1.176249560076e+00,4,1
16,209,5,1.176393952704e+00,4,1
16,210,5,1.176510903209e+00,4,1
16,211,5,1.176618340853e+00,4,1
16,212,5,1.176726009360e+00,4,1
16,213,5,1.176865064272e+00,4,1
16,214,5,1.176977717721e+00,4,1
16,215,5,1.177081228235e+00,4,1
16,216,5,1.177184978766e+00,4,1
16,217,5,1.177318986556e+00,4,1
16,218,5,1.177427575488e+00,4,1
16,219,5,1.177527370313e+00,4,1
16,220,5,1.177627412893e+00,4,1
16,221,5,1.177756643433e+00,4,1
16,222,5,1.177861383909e+00,4,1
16,223,5,1.177957659577e+00,4,1
16,224,5,1.178054189481e+00,4,1
16,225,5,1.178178893745e+00,4,1
16,226,5,1.178279986778e+00,4,1
16,227,5,1.178372926202e+00,4,1
16,228,5,1.178466125231e+00,4,1
16,229,5,1.178586536914e+00,4,1
16,230,5,1.178684169759e+00,4,1
16,231,5,1.178773943390e+00,4,1
16,232,5,1.178863981015e+00,4,1
16,233,5,1.178980317998e+00,4,1
16,234,5,1.179074665308e+00,4,1
16,235,5,1.179161432183e+00,4,1
16,236,5,1.179248466569e+00,4,1
16,237,5,1.179360932232e+00,4,1
16,238,5,1.179452157102e+00,4,1
16,239,5,1.179536065781e+00,4,1
16,240,5,1.179620244715e+00,4,1
16,241,5,1.179729029128e+00,4,1
16,242,5,1.179817284033e+00,4,1
16,243,5,1.179898473448e+00,4,1
16,244,5,1.179979935179e+00,4,1
16,245,5,1.180085216167e+00,4,1
16,246,5,1.180170643815e+00,4,1
16,247,5,1.180249244038e+00,4,1
16,248,5,1.180328118032e+00,4,1
16,249,5,1.180430062150e+00,4,1
16,250,5,1.180512796250e+00,4,1
31,1,1,3.423379951817e-03,15,1
31,2,12,2.959634025848e-02,15,1
31,3,7,8.608171901125e-02,15,1
31,4,9,1.517988913905e-01,15,1
31,5,7,1.973199878286e-01,15,1
31,6,7,2.308471391113e-01,15,1
31,7,7,2.599256345551e-01,15,1
31,8,7,2.856732141304e-01,15,1
31,9,7,3.051388251807e-01,15,1
31,10,7,3.244631783449e-01,15,1
31,11,7,3.415545661063e-01,15,1
31,12,7,3.530983985802e-01,15,1
31,13,7,3.658624387295e-01,15,1
31,14,7,3.755295143541e-01,15,1
31,15,7,3.837058970749e-01,15,1
31,16,7,3.981495374484e-01,15,1
31,17,7,4.057580814271e-01,15,1
31,18,7,4.120564102136e-01,15,1
31,19,7,4.185519281347e-01,15,1
31,20,7,4.237911106798e-01,15,1
31,21,7,4.284793080131e-01,15,1
31,22,7,4.329150979936e-01,15,1
31,23,7,4.371691972513e-01,15,1
31,24,7,4.408456890124e-01,15,1
31,25,7,4.446928558242e-01,15,1
31,26,7,4.483647209212e-01,15,1
31,27,7,4.511512832108e-01,15,1
31,28,7,4.543332841368e-01,15,1
31,29,7,4.569415143157e-01,15,1
31,30,7,4.592866295119e-01,15,1
31,31,7,4.633918213778e-01,15,1
31,32,7,4.657608756436e-01,15,1
31,33,7,4.678273145903e-01,15,1
31,34,7,4.700238609487e-01,15,1
31,35,7,4.718807148970e-01,15,1
31,36,7,4.736057288763e-01,15,1
31,37,7,4.752878010325e-01,15,1
31,38,7,4.769460002260e-01,15,1
31,39,7,4.784284552229e-01,15,1
31,40,7,4.800114312146e-01,15,1
31,41,7,4.815594730723e-01,15,1
31,42,7,4.827752729778e-01,15,1
31,43,7,4.841826572402e-01,15,1
31,44,7,4.853677611591e-01,15,1
31,45,7,4.864571868194e-01,15,1
31,46,7,4.883639887513e-01,15,1
31,47,7,4.895010749125e-01,15,1
31,48,7,4.905133457272e-01,15,1
31,49,7,4.916034191405e-01,15,1
31,50,7,4.925429744772e-01,15,1
31,51,7,4.934299218904e-01,15,1
31,52,7,4.943066379401e-01,15,1
31,53,7,4.951820064727e-01,15,1
31,54,7,4.959766793798e-01,15,1
31,55,7,4.968336792765e-01,15,1
31,56,7,4.976816706389e-01,15,1
31,57,7,4.983586666658e-01,15,1
31,58,7,4.991479400492e-01,15,1
31,59,7,4.998215869960e-01,15,1
31,60,7,5.004479219809e-01,15,1
31,61,7,5.015446957451e-01,15,1
31,62,7,5.022098768744e-01,15,1
31,63,7,5.028084918140e-01,15,1
31,64,7,5.034577476213e-01,15,1
31,65,7,5.040233088471e-01,15,1
31,66,7,5.045619632086e-01,15,1
31,67,7,5.050985270007e-01,15,1
31,68,7,5.056382038091e-01,15,1
31,69,7,5.061324220231e-01,15,1
31,70,7,5.066685233857e-01,15,1
31,71,7,5.072026661357e-01,15,1
31,72,7,5.076332116933e-01,15,1
31,73,7,5.081373477052e-01,15,1
31,74,7,5.085711278783e-01,15,1
31,75,7,5.089772345805e-01,15,1
31,76,7,5.096886880147e-01,15,1
31,77,7,5.101246417725e-01,15,1
31,78,7,5.105196120469e-01,15,1
31,79,7,5.109499390592e-01,15,1
31,80,7,5.113272985586e-01,15,1
31,81,7,5.116887361811e-01,15,1
31,82,7,5.120505621197e-01,15,1
31,83,7,5.124162185998e-01,15,1
31,84,7,5.127529650499e-01,15,1
31,85,7,5.131196569170e-01,15,1
31,86,7,5.134866731523e-01,15,1
31,87,7,5.137843764229e-01,15,1
31,88,7,5.141339851272e-01,15,1
31,89,7,5.144364314999e-01,15,1
31,90,7,5.147208977552e-01,15,1
31,91,7,5.152194363126e-01,15,1
31,92,7,5.155270481966e-01,15,1
31,93,7,5.158070183397e-01,15,1
31,94,7,5.161130034860e-01,15,1
31,95,7,5.163825568819e-01,15,1
31,96,7,5.166417445966e-01,15,1
31,97,7,5.169021097967e-01,15,1
31,98,7,5.171661075469e-01,15,1
31,99,7,5.174101910172e-01,15,1
31,100,7,5.176767043888e-01,15,1
31,101,7,5.179443127583e-01,15,1
31,102,7,5.181623510133e-01,15,1
31,103,7,5.184189433936e-01,15,1
31,104,7,5.186417786036e-01,15,1
31,105,7,5.188520645188e-01,15,1
31,106,7,5.192207099664e-01,15,1
31,107,7,5.194493110213e-01,15,1
31,108,7,5.196580601336e-01,15,1
31,109,7,5.198867267912e-01,15,1
31,110,7,5.200888411545e-01,15,1
31,111,7,5.202837383701e-01,15,1
31,112,7,5.204800205552e-01,15,1
31,113,7,5.206795309432e-01,15,1
31,114,7,5.208645279821e-01,15,1
31,115,7,5.210669353272e-01,15,1
31,116,7,5.212706617332e-01,15,1
31,117,7,5.214372024832e-01,15,1
31,118,7,5.216335017071e-01,15,1
31,119,7,5.218044692740e-01,15,1
31,120,7,5.219662127627e-01,15,1
31,121,7,5.222498294887e-01,15,1
31,122,7,5.224263653928e-01,15,1
31,123,7,5.225879756867e-01,15,1
31,124,7,5.227653136760e-01,15,1
31,125,7,5.229224585969e-01,15,1
31,126,7,5.230743227270e-01,15,1
31,127,7,5.232275653714e-01,15,1
31,128,7,5.233836231258e-01,15,1
31,129,7,5.235286517621e-01,15,1
31,130,7,5.236875784334e-01,15,1
31,131,7,5.238478375577e-01,15,1
31,132,7,5.239791814081e-01,15,1
31,133,7,5.241341856782e-01,15,1
31,134,7,5.242694909603e-01,15,1
31,135,7,5.243977462273e-01,15,1
31,136,7,5.246226868464e-01,15,1
31,137,7,5.247631114283e-01,15,1
31,138,7,5.248919165932e-01,15,1
31,139,7,5.250334504560e-01,15,1
31,140,7,5.251591193920e-01,15,1
31,141,7,5.252807742207e-01,15,1
31,142,7,5.254037234790e-01,15,1
31,143,7,5.255291192323e-01,15,1
31,144,7,5.256458591219e-01,15,1
31,145,7,5.257739461786e-01,15,1
31,146,7,5.259032979792e-01,15,1
31,147,7,5.260095278136e-01,15,1
31,148,7,5.261350180736e-01,15,1
31,149,7,5.262447572489e-01,15,1
31,150,7,5.263489413399e-01,15,1
31,151,7,5.265316955154e-01,15,1
31,152,7,5.266460530685e-01,15,1
31,153,7,5.267511143265e-01,15,1
31,154,7,5.268666855969e-01,15,1
31,155,7,5.269694680941e-01,15,1
31,156,7,5.270691059870e-01,15,1
31,157,7,5.271699305391e-01,15,1
31,158,7,5.272728866891e-01,15,1
31,159,7,5.273688736816e-01,15,1
31,160,7,5.274742980616e-01,15,1
31,161,7,5.275808916726e-01,15,1
31,162,7,5.276685772866e-01,15,1
31,163,7,5.277722450989e-01,15,1
31,164,7,5.278630342904e-01,15,1
31,165,7,5.279493382067e-01,15,1
31,166,7,5.281007495359e-01,15,1
31,167,7,5.281956775436e-01,15,1
31,168,7,5.282830023311e-01,15,1
31,169,7,5.283791504735e-01,15,1
31,170,7,5.284647731178e-01,15,1
31,171,7,5.285478715161e-01,15,1
31,172,7,5.286320469843e-01,15,1
31,173,7,5.287180888628e-01,15,1
31,174,7,5.287984019717e-01,15,1
31,175,7,5.288866861694e-01,15,1
31,176,7,5.289760388547e-01,15,1
31,177,7,5.290496435657e-01,15,1
31,178,7,5.291367228763e-01,15,1
31,179,7,5.292130778317e-01,15,1
31,180,7,5.292857382769e-01,15,1
31,181,7,5.294132291149e-01,15,1
31,182,7,5.294932890206e-01,15,1
31,183,7,5.295670168423e-01,15,1
31,184,7,5.296482563009e-01,15,1
31,185,7,5.297206831883e-01,15,1
31,186,7,5.297910426500e-01,15,1
31,187,7,5.298623763657e-01,15,1
31,188,7,5.299353537514e-01,15,1
31,189,7,5.300035404372e-01,15,1
31,190,7,5.300785482735e-01,15,1
31,191,7,5.301545280604e-01,15,1
31,192,7,5.302171899084e-01,15,1
31,193,7,5.302913655698e-01,15,1
31,194,7,5.303564734850e-01,15,1
31,195,7,5.304184872438e-01,15,1
31,196,7,5.305273087852e-01,15,1
31,197,7,5.305957384420e-01,15,1
31,198,7,5.306588141969e-01,15,1
31,199,7,5.307283615789e-01,15,1
31,200,7,5.307904236382e-01,15,1
31,201,7,5.308507636474e-01,15,1
31,202,7,5.309119847730e-01,15,1
31,203,7,5.309746620093e-01,15,1
31,204,7,5.310332747582e-01,15,1
31,205,7,5.310977903601e-01,15,1
31,206,7,5.311631891859e-01,15,1
31,207,7,5.312171786273e-01,15,1
31,208,7,5.312811197952e-01,15,1
31,209,7,5.313372942273e-01,15,1
31,210,7,5.313908406549e-01,15,1
31,211,7,5.314848124214e-01,15,1
31,212,7,5.315439735195e-01,15,1
31,213,7,5.315985492705e-01,15,1
31,214,7,5.316587582863e-01,15,1
31,215,7,5.317125310254e-01,15,1
31,216,7,5.317648487172e-01,15,1
31,217,7,5.318179645194e-01,15,1
31,218,7,5.318723777315e-01,15,1
31,219,7,5.319232999008e-01,15,1
31,220,7,5.319793800733e-01,15,1
31,221,7,5.320362635317e-01,15,1
31,222,7,5.320832637755e-01,15,1
31,223,7,5.321389511852e-01,15,1
31,224,7,5.321879120901e-01,15,1
31,225,7,5.322346139328e-01,15,1
31,226,7,5.323165803931e-01,15,1
31,227,7,5.323682359437e-01,15,1
31,228,7,5.324159208138e-01,15,1
31,229,7,5.324685533493e-01,15,1
31,230,7,5.325155929885e-01,15,1
31,231,7,5.325613879714e-01,15,1
31,232,7,5.326079076253e-01,15,1
31,233,7,5.326555896219e-01,15,1
31,234,7,5.327002411454e-01,15,1
31,235,7,5.327494382414e-01,15,1
31,236,7,5.327993672891e-01,15,1
31,237,7,5.328406525666e-01,15,1
31,238,7,5.328895869647e-01,15,1
31,239,7,5.329326395412e-01,15,1
31,240,7,5.329737299132e-01,15,1
31,241,7,5.330458528699e-01,15,1
31,242,7,5.330913455456e-01,15,1
31,243,7,5.331333667292e-01,15,1
31,244,7,5.331797678023e-01,15,1
31,245,7,5.332212640713e-01,15,1
31,246,7,5.332616842276e-01,15,1
31,247,7,5.333027642446e-01,15,1
31,248,7,5.333448909424e-01,15,1
31,249,7,5.333843625673e-01,15,1
31,250,7,5.334278701617e-01,15,1
32,1,1,3.212761849313e-03,8,1
32,2,7,3.321127307572e-02,8,1
32,3,7,8.786215380863e-02,8,1
32,4,7,1.359261037267e-01,8,1
32,5,13,1.875849776377e-01,8,1
32,6,13,2.205054967471e-01,8,1
32,7,13,2.473208881051e-01,8,1
32,8,13,2.692922979266e-01,8,1
32,9,13,3.090388809683e-01,8,1
32,10,13,3.280174194711e-01,8,1
32,11,13,3.424949026211e-01,8,1
32,12,13,3.559919554374e-01,8,1
32,13,13,3.663726148670e-01,8,1
32,14,13,3.756301149629e-01,8,1
32,15,13,3.838049613611e-01,8,1
32,16,13,3.910153957042e-01,8,1
32,17,13,4.034773125394e-01,8,1
32,18,13,4.103458287507e-01,8,1
32,19,13,4.159966075535e-01,8,1
32,20,13,4.214911010096e-01,8,1
32,21,13,4.259810831403e-01,8,1
32,22,13,4.301447168469e-01,8,1
32,23,13,4.339635576332e-01,8,1
32,24,13,4.374515666463e-01,8,1
32,25,13,4.434528108159e-01,8,1
32,26,13,4.469458267674e-01,8,1
32,27,13,4.499155035990e-01,8,1
32,28,13,4.528656422290e-01,8,1
32,29,13,4.553463271117e-01,8,1
32,30,13,4.576944438684e-01,8,1
32,31,13,4.598914082121e-01,8,1
32,32,13,4.619362278198e-01,8,1
32,33,13,4.654533425967e-01,8,1
32,34,13,4.675601615011e-01,8,1
32,35,13,4.693843186178e-01,8,1
32,36,13,4.712195707711e-01,8,1
32,37,13,4.727885241045e-01,8,1
32,38,13,4.742922650501e-01,8,1
32,39,13,4.757164149645e-01,8,1
32,40,13,4.770575414621e-01,8,1
32,41,13,4.793653053292e-01,8,1
32,42,13,4.807724536449e-01,8,1
32,43,13,4.820050274412e-01,8,1
32,44,13,4.832554553322e-01,8,1
32,45,13,4.843360244011e-01,8,1
32,46,13,4.853803559410e-01,8,1
32,47,13,4.863775324648e-01,8,1
32,48,13,4.873240755542e-01,8,1
32,49,13,4.889537491292e-01,8,1
32,50,13,4.899594813241e-01,8,1
32,51,13,4.908475341983e-01,8,1
32,52,13,4.917537549839e-01,8,1
32,53,13,4.925428265610e-01,8,1
32,54,13,4.933099987335e-01,8,1
32,55,13,4.940468438426e-01,8,1
32,56,13,4.947503095980e-01,8,1
32,57,13,4.959621022943e-01,8,1
32,58,13,4.967164916457e-01,8,1
32,59,13,4.973865361818e-01,8,1
32,60,13,4.980732772445e-01,8,1
32,61,13,4.986746064608e-01,8,1
32,62,13,4.992618686239e-01,8,1
32,63,13,4.998284133534e-01,8,1
32,64,13,5.003716527092e-01,8,1
32,65,13,5.013078671286e-01,8,1
32,66,13,5.018945562781e-01,8,1
32,67,13,5.024179946963e-01,8,1
32,68,13,5.029562856757e-01,8,1
32,69,13,5.034296705390e-01,8,1
32,70,13,5.038935928211e-01,8,1
32,71,13,5.043426931692e-01,8,1
32,72,13,5.047747890731e-01,8,1
32,73,13,5.055197551709e-01,8,1
32,74,13,5.059890154607e-01,8,1
32,75,13,5.064091700717e-01,8,1
32,76,13,5.068424047552e-01,8,1
32,77,13,5.072247114847e-01,8,1
32,78,13,5.076004202474e-01,8,1
32,79,13,5.079651308279e-01,8,1
32,80,13,5.083169948033e-01,8,1
32,81,13,5.089238430636e-01,8,1
32,82,13,5.093076944630e-01,8,1
32,83,13,5.096523636815e-01,8,1
32,84,13,5.100085383007e-01,8,1
32,85,13,5.103237227499e-01,8,1
32,86,13,5.106341733982e-01,8,1
32,87,13,5.109362185173e-01,8,1
32,88,13,5.112282808073e-01,8,1
32,89,13,5.117321409655e-01,8,1
32,90,13,5.120519400027e-01,8,1
32,91,13,5.123397750146e-01,8,1
32,92,13,5.126377565765e-01,8,1
32,93,13,5.129020565857e-01,8,1
32,94,13,5.131628810473e-01,8,1
32,95,13,5.134171228401e-01,8,1
32,96,13,5.136634246306e-01,8,1
32,97,13,5.140884499955e-01,8,1
32,98,13,5.143589849497e-01,8,1
32,99,13,5.146029638047e-01,8,1
32,100,13,5.148559285766e-01,8,1
32,101,13,5.150807385344e-01,8,1
32,102,13,5.153029482819e-01,8,1
32,103,13,5.155198962717e-01,8,1
32,104,13,5.157304046424e-01,8,1
32,105,13,5.160937466756e-01,8,1
32,106,13,5.163255810920e-01,8,1
32,107,13,5.165350120978e-01,8,1
32,108,13,5.167524396460e-01,8,1
32,109,13,5.169459900735e-01,8,1
32,110,13,5.171375648889e-01,8,1
32,111,13,5.173248598649e-01,8,1
32,112,13,5.175068447390e-01,8,1
32,113,13,5.178210178662e-01,8,1
32,114,13,5.180218979701e-01,8,1
32,115,13,5.182036305304e-01,8,1
32,116,13,5.183925145911e-01,8,1
32,117,13,5.185608984686e-01,8,1
32,118,13,5.187277621314e-01,8,1
32,119,13,5.188910920004e-01,8,1
32,120,13,5.190499802567e-01,8,1
32,121,13,5.193243292077e-01,8,1
32,122,13,5.195000640537e-01,8,1
32,123,13,5.196592499652e-01,8,1
32,124,13,5.198248628156e-01,8,1
32,125,13,5.199726869046e-01,8,1
32,126,13,5.201193290146e-01,8,1
32,127,13,5.202630149891e-01,8,1
32,128,13,5.204029394692e-01,8,1
32,129,13,5.206445827584e-01,8,1
32,130,13,5.207996139425e-01,8,1
32,131,13,5.209402024464e-01,8,1
32,132,13,5.210865936709e-01,8,1
32,133,13,5.212174054517e-01,8,1
32,134,13,5.213472905282e-01,8,1
32,135,13,5.214746742047e-01,8,1
32,136,13,5.215988375790e-01,8,1
32,137,13,5.218132930097e-01,8,1
32,138,13,5.219510745553e-01,8,1
32,139,13,5.220761437551e-01,8,1
32,140,13,5.222064751530e-01,8,1
32,141,13,5.223230506356e-01,8,1
32,142,13,5.224388947863e-01,8,1
32,143,13,5.225526007636e-01,8,1
32,144,13,5.226635231967e-01,8,1
32,145,13,5.228551337381e-01,8,1
32,146,13,5.229783920426e-01,8,1
32,147,13,5.230903764768e-01,8,1
32,148,13,5.232071526369e-01,8,1
32,149,13,5.233116951980e-01,8,1
32,150,13,5.234156577957e-01,8,1
32,151,13,5.235177761337e-01,8,1
32,152,13,5.236174678426e-01,8,1
32,153,13,5.237896984368e-01,8,1
32,154,13,5.239006142392e-01,8,1
32,155,13,5.240014646749e-01,8,1
32,156,13,5.241066952558e-01,8,1
32,157,13,5.242009760102e-01,8,1
32,158,13,5.242947953475e-01,8,1
32,159,13,5.243870110214e-01,8,1
32,160,13,5.244770950136e-01,8,1
32,161,13,5.246327437475e-01,8,1
32,162,13,5.247330821007e-01,8,1
32,163,13,5.248243799808e-01,8,1
32,164,13,5.249196961807e-01,8,1
32,165,13,5.250051550007e-01,8,1
32,166,13,5.250902461329e-01,8,1
32,167,13,5.251739326130e-01,8,1
32,168,13,5.252557336117e-01,8,1
32,169,13,5.253970847503e-01,8,1
32,170,13,5.254882895412e-01,8,1
32,171,13,5.255713304165e-01,8,1
32,172,13,5.256580700381e-01,8,1
32,173,13,5.257358895154e-01,8,1
32,174,13,5.258134160388e-01,8,1
32,175,13,5.258897040806e-01,8,1
32,176,13,5.259643140243e-01,8,1
32,177,13,5.260932507579e-01,8,1
32,178,13,5.261765145628e-01,8,1
32,179,13,5.262523698896e-01,8,1
32,180,13,5.263316404530e-01,8,1
32,181,13,5.264028008938e-01,8,1
32,182,13,5.264737284147e-01,8,1
32,183,13,5.265435573939e-01,8,1
32,184,13,5.266118844068e-01,8,1
32,185,13,5.267299731628e-01,8,1
32,186,13,5.268062896342e-01,8,1
32,187,13,5.268758532088e-01,8,1
32,188,13,5.269485794481e-01,8,1
32,189,13,5.270139003428e-01,8,1
32,190,13,5.270790368624e-01,8,1
32,191,13,5.271431936123e-01,8,1
32,192,13,5.272059991135e-01,8,1
32,193,13,5.273145534607e-01,8,1
32,194,13,5.273847571359e-01,8,1
32,195,13,5.274487804458e-01,8,1
32,196,13,5.275157405172e-01,8,1
32,197,13,5.275759122121e-01,8,1
32,198,13,5.276359390149e-01,8,1
32,199,13,5.276950875768e-01,8,1
32,200,13,5.277530147500e-01,8,1
32,201,13,5.278531444349e-01,8,1
32,202,13,5.279179413545e-01,8,1
32,203,13,5.279770608117e-01,8,1
32,204,13,5.280389142244e-01,8,1
32,205,13,5.280945223930e-01,8,1
32,206,13,5.281500179469e-01,8,1
32,207,13,5.282047226202e-01,8,1
32,208,13,5.282583185022e-01,8,1
32,209,13,5.283509675010e-01,8,1
32,210,13,5.284109590199e-01,8,1
32,211,13,5.284657171727e-01,8,1
32,212,13,5.285230265683e-01,8,1
32,213,13,5.285745713223e-01,8,1
32,214,13,5.286260299660e-01,8,1
32,215,13,5.286767733548e-01,8,1
32,216,13,5.287265061515e-01,8,1
32,217,13,5.288124825048e-01,8,1
32,218,13,5.288681839986e-01,8,1
32,219,13,5.289190462185e-01,8,1
32,220,13,5.289722945234e-01,8,1
32,221,13,5.290202054846e-01,8,1
32,222,13,5.290680521833e-01,8,1
32,223,13,5.291152494618e-01,8,1
32,224,13,5.291615222524e-01,8,1
32,225,13,5.292415216816e-01,8,1
32,226,13,5.292933773807e-01,8,1
32,227,13,5.293407451122e-01,8,1
32,228,13,5.293903491702e-01,8,1
32,229,13,5.294349974657e-01,8,1
32,230,13,5.294795995664e-01,8,1
32,231,13,5.295236098568e-01,8,1
32,232,13,5.295667715354e-01,8,1
32,233,13,5.296413963010e-01,8,1
32,234,13,5.296897911561e-01,8,1
32,235,13,5.297340125276e-01,8,1
32,236,13,5.297803340285e-01,8,1
32,237,13,5.298220419168e-01,8,1
32,238,13,5.298637185918e-01,8,1
32,239,13,5.299048541137e-01,8,1
32,240,13,5.299452081973e-01,8,1
32,241,13,5.300149822815e-01,8,1
32,242,13,5.300602515313e-01,8,1
32,243,13,5.301016299213e-01,8,1
32,244,13,5.301449842293e-01,8,1
32,245,13,5.301840328867e-01,8,1
32,246,13,5.302230627796e-01,8,1
32,247,13,5.302615962638e-01,8,1
32,248,13,5.302994080364e-01,8,1
32,249,13,5.303647894596e-01,8,1
32,250,13,5.304072264039e-01,8,1
61,1,1,8.841354833908e-04,30,1
61,2,17,9.435112590792e-03,30,1
61,3,24,3.429638307245e-02,30,1
61,4,29,5.696782138624e-02,30,1
61,5,19,7.583697975390e-02,30,1
61,6,19,9.043809210149e-02,30,1
61,7,19,1.067145187436e-01,30,1
61,8,19,1.209581937840e-01,30,1
61,9,19,1.308773860298e-01,30,1
61,10,7,1.434843479063e-01,30,1
61,11,10,1.510544288748e-01,30,1
61,12,10,1.566582393976e-01,30,1
61,13,10,1.626445290115e-01,30,1
61,14,19,1.674828204653e-01,30,1
61,15,19,1.713940276917e-01,30,1
61,16,10,1.790630736124e-01,30,1
61,17,10,1.827720951521e-01,30,1
61,18,7,1.864290990619e-01,30,1
61,19,7,1.890316492895e-01,30,1
61,20,7,1.924623613901e-01,30,1
61,21,7,1.947539320828e-01,30,1
61,22,7,1.969906343928e-01,30,1
61,23,10,1.990185603742e-01,30,1
61,24,10,2.006840327168e-01,30,1
61,25,7,2.026399718175e-01,30,1
61,26,7,2.042171701644e-01,30,1
61,27,7,2.056258030540e-01,30,1
61,28,10,2.070754276957e-01,30,1
61,29,10,2.084282023831e-01,30,1
61,30,10,2.095480490893e-01,30,1
61,31,10,2.126229862398e-01,30,1
61,32,10,2.140872699823e-01,30,1
61,33,10,2.151803517546e-01,30,1
61,34,10,2.161534932275e-01,30,1
61,35,10,2.170545763526e-01,30,1
61,36,10,2.180785712420e-01,30,1
61,37,10,2.188249684745e-01,30,1
61,38,10,2.196111991046e-01,30,1
61,39,10,2.202759032735e-01,30,1
61,40,10,2.210606118572e-01,30,1
61,41,10,2.216781364783e-01,30,1
61,42,10,2.222756758011e-01,30,1
61,43,10,2.229463850431e-01,30,1
61,44,10,2.237410883829e-01,30,1
61,45,10,2.243253781651e-01,30,1
61,46,10,2.250430603607e-01,30,1
61,47,10,2.256013684608e-01,30,1
61,48,10,2.262342635136e-01,30,1
61,49,7,2.267969333761e-01,30,1
61,50,10,2.272556178874e-01,30,1
61,51,10,2.276903684757e-01,30,1
61,52,10,2.280943933573e-01,30,1
61,53,10,2.285083584905e-01,30,1
61,54,10,2.288721444527e-01,30,1
61,55,10,2.293475489314e-01,30,1
61,56,10,2.296983534222e-01,30,1
61,57,10,2.300477359430e-01,30,1
61,58,10,2.303775655292e-01,30,1
61,59,10,2.307268871291e-01,30,1
61,60,10,2.310271876957e-01,30,1
61,61,10,2.318400933347e-01,30,1
61,62,10,2.322474737641e-01,30,1
61,63,10,2.325636982868e-01,30,1
61,64,10,2.328533990900e-01,30,1
61,65,10,2.331285701879e-01,30,1
61,66,10,2.334460705873e-01,30,1
61,67,10,2.336858434537e-01,30,1
61,68,10,2.339425552662e-01,30,1
61,69,10,2.341654040435e-01,30,1
61,70,10,2.344313536157e-01,30,1
61,71,10,2.346464157152e-01,30,1
61,72,10,2.348583159269e-01,30,1
61,73,10,2.350991083687e-01,30,1
61,74,10,2.353876878550e-01,30,1
61,75,10,2.356051119196e-01,30,1
61,76,10,2.358747424463e-01,30,1
61,77,10,2.360890317126e-01,30,1
61,78,10,2.363345985765e-01,30,1
61,79,10,2.365696988212e-01,30,1
61,80,10,2.367409504479e-01,30,1
61,81,10,2.369182705476e-01,30,1
61,82,10,2.370855119853e-01,30,1
61,83,10,2.372587623107e-01,30,1
61,84,10,2.374133349700e-01,30,1
61,85,10,2.376163607936e-01,30,1
61,86,10,2.377689311376e-01,30,1
61,87,10,2.379225256644e-01,30,1
61,88,10,2.380692364323e-01,30,1
61,89,10,2.382260332802e-01,30,1
61,90,10,2.383625929381e-01,30,1
61,91,10,2.387307790620e-01,30,1
61,92,10,2.389185893749e-01,30,1
61,93,10,2.390664003384e-01,30,1
61,94,10,2.392032591893e-01,30,1
61,95,10,2.393345223222e-01,30,1
61,96,10,2.394869104626e-01,30,1
61,97,10,2.396035442881e-01,30,1
61,98,10,2.397292651896e-01,30,1
61,99,10,2.398395566462e-01,30,1
61,100,10,2.399718087271e-01,30,1
61,101,10,2.400799474355e-01,30,1
61,102,10,2.401873156712e-01,30,1
61,103,10,2.403099814529e-01,30,1
61,104,10,2.404577304355e-01,30,1
61,105,10,2.405702299713e-01,30,1
61,106,10,2.407103471536e-01,30,1
61,107,10,2.408227643342e-01,30,1
61,108,10,2.409522356993e-01,30,1
61,109,10,2.410770691267e-01,30,1
61,110,10,2.411689350215e-01,30,1
61,111,10,2.412645896188e-01,30,1
61,112,10,2.413554310510e-01,30,1
61,113,10,2.414500408481e-01,30,1
61,114,10,2.415350632633e-01,30,1
61,115,10,2.416470304181e-01,30,1
61,116,10,2.417319124786e-01,30,1
61,117,10,2.418178226716e-01,30,1
61,118,10,2.419003643720e-01,30,1
61,119,10,2.419889855545e-01,30,1
61,120,10,2.420666787632e-01,30,1
61,121,10,2.422757616624e-01,30,1
61,122,10,2.423833774013e-01,30,1
61,123,10,2.424686727778e-01,30,1
61,124,10,2.425480863511e-01,30,1
61,125,10,2.426246431941e-01,30,1
61,126,10,2.427138152375e-01,30,1
61,127,10,2.427825476130e-01,30,1
61,128,10,2.428569088303e-01,30,1
61,129,10,2.429225133948e-01,30,1
61,130,10,2.430013907882e-01,30,1
61,131,10,2.430662756766e-01,30,1
61,132,10,2.431309711742e-01,30,1
61,133,10,2.432051071699e-01,30,1
61,134,10,2.432946547093e-01,30,1
61,135,10,2.433632405671e-01,30,1
61,136,10,2.434488742137e-01,30,1
61,137,10,2.435179464074e-01,30,1
61,138,10,2.435977260114e-01,30,1
61,139,10,2.436749586744e-01,30,1
61,140,10,2.437321279196e-01,30,1
61,141,10,2.437918494015e-01,30,1
61,142,10,2.438487923866e-01,30,1
61,143,10,2.439082849941e-01,30,1
61,144,10,2.439619755589e-01,30,1
61,145,10,2.440327941869e-01,30,1
61,146,10,2.440867589490e-01,30,1
61,147,10,2.441415523287e-01,30,1
61,148,10,2.441943822125e-01,30,1
61,149,10,2.442512599629e-01,30,1
61,150,10,2.443013226888e-01,30,1
61,151,10,2.444359035551e-01,30,1
61,152,10,2.445055506583e-01,30,1
61,153,10,2.445609892389e-01,30,1
61,154,10,2.446127803791e-01,30,1
61,155,10,2.446628660584e-01,30,1
61,156,10,2.447213255908e-01,30,1
61,157,10,2.447665814619e-01,30,1
61,158,10,2.448156573250e-01,30,1
61,159,10,2.448591069259e-01,30,1
61,160,10,2.449114359548e-01,30,1
61,161,10,2.449546448851e-01,30,1
61,162,10,2.449978432464e-01,30,1
61,163,10,2.450474404910e-01,30,1
61,164,10,2.451074562524e-01,30,1
61,165,10,2.451535959557e-01,30,1
61,166,10,2.452112957726e-01,30,1
61,167,10,2.452579962068e-01,30,1
61,168,10,2.453120366682e-01,30,1
61,169,10,2.453644884249e-01,30,1
61,170,10,2.454034614047e-01,30,1
61,171,10,2.454442613442e-01,30,1
61,172,10,2.454832643564e-01,30,1
61,173,10,2.455240986466e-01,30,1
61,174,10,2.455610530841e-01,30,1
61,175,10,2.456098487115e-01,30,1
61,176,10,2.456471579604e-01,30,1
61,177,10,2.456851207482e-01,30,1
61,178,10,2.457218087184e-01,30,1
61,179,10,2.457613806815e-01,30,1
61,180,10,2.457963039538e-01,30,1
61,181,10,2.458901207534e-01,30,1
61,182,10,2.459388492986e-01,30,1
61,183,10,2.459777485551e-01,30,1
61,184,10,2.460141720149e-01,30,1
61,185,10,2.460494714474e-01,30,1
61,186,10,2.460907308400e-01,30,1
61,187,10,2.461227656838e-01,30,1
61,188,10,2.461575599694e-01,30,1
61,189,10,2.461884395524e-01,30,1
61,190,10,2.462256735761e-01,30,1
61,191,10,2.462564980687e-01,30,1
61,192,10,2.462873720518e-01,30,1
61,193,10,2.463228666709e-01,30,1
61,194,10,2.463658712398e-01,30,1
61,195,10,2.463990188942e-01,30,1
61,196,10,2.464405175713e-01,30,1
61,197,10,2.464741855142e-01,30,1
61,198,10,2.465131960863e-01,30,1
61,199,10,2.465511288757e-01,30,1
61,200,10,2.465793885891e-01,30,1
61,201,10,2.466090176800e-01,30,1
61,202,10,2.466373936879e-01,30,1
61,203,10,2.466671458912e-01,30,1
61,204,10,2.466941241362e-01,30,1
61,205,10,2.467297742885e-01,30,1
61,206,10,2.467570980167e-01,30,1
61,207,10,2.467849425669e-01,30,1
61,208,10,2.468118969544e-01,30,1
61,209,10,2.468410085894e-01,30,1
61,210,10,2.468667493366e-01,30,1
61,211,10,2.469358646351e-01,30,1
61,212,10,2.469718571176e-01,30,1
61,213,10,2.470006487467e-01,30,1
61,214,10,2.470276525407e-01,30,1
61,215,10,2.470538634682e-01,30,1
61,216,10,2.470845313146e-01,30,1
61,217,10,2.471083934126e-01,30,1
61,218,10,2.471343411049e-01,30,1
61,219,10,2.471574097452e-01,30,1
61,220,10,2.471852495327e-01,30,1
61,221,10,2.472083404803e-01,30,1
61,222,10,2.472314998143e-01,30,1
61,223,10,2.472581513123e-01,30,1
61,224,10,2.472904715028e-01,30,1
61,225,10,2.473154312679e-01,30,1
61,226,10,2.473467048406e-01,30,1
61,227,10,2.473721217385e-01,30,1
61,228,10,2.474016004360e-01,30,1
61,229,10,2.474303033052e-01,30,1
61,230,10,2.474517286484e-01,30,1
61,231,10,2.474742173817e-01,30,1
61,232,10,2.474957842585e-01,30,1
61,233,10,2.475184220039e-01,30,1
61,234,10,2.475389791425e-01,30,1
61,235,10,2.475661598715e-01,30,1
61,236,10,2.475870296094e-01,30,1
61,237,10,2.476083213209e-01,30,1
61,238,10,2.476289581150e-01,30,1
61,239,10,2.476512686400e-01,30,1
61,240,10,2.476710240411e-01,30,1
61,241,10,2.477240491456e-01,30,1
61,242,10,2.477517168056e-01,30,1
61,243,10,2.477738835456e-01,30,1
61,244,10,2.477946998268e-01,30,1
61,245,10,2.478149285479e-01,30,1
61,246,10,2.478386154320e-01,30,1
61,247,10,2.478570755154e-01,30,1
61,248,10,2.478771668197e-01,30,1
61,249,10,2.478950526204e-01,30,1
61,250,10,2.479166519076e-01,30,1
64,1,1,8.031904623280e-04,16,1
64,2,19,8.495385072185e-03,16,1
64,3,11,3.350013381460e-02,16,1
64,4,25,5.489562507499e-02,16,1
64,5,23,7.421305307877e-02,16,1
64,6,25,8.929402914845e-02,16,1
64,7,25,1.014182456546e-01,16,1
64,8,25,1.119110000754e-01,16,1
64,9,19,1.243792584110e-01,16,1
64,10,19,1.318710100817e-01,16,1
64,11,19,1.387981107211e-01,16,1
64,12,19,1.467781662163e-01,16,1
64,13,19,1.513816460381e-01,16,1
64,14,19,1.554983345243e-01,16,1
64,15,19,1.593235043505e-01,16,1
64,16,19,1.627981932019e-01,16,1
64,17,19,1.725244916685e-01,16,1
64,18,19,1.764288843122e-01,16,1
64,19,19,1.796300303321e-01,16,1
64,20,19,1.821039718198e-01,16,1
64,21,19,1.843256818910e-01,16,1
64,22,19,1.866015748608e-01,16,1
64,23,19,1.883710818222e-01,16,1
64,24,19,1.901032966913e-01,16,1
64,25,19,1.916665713490e-01,16,1
64,26,19,1.931245768328e-01,16,1
64,27,19,1.945636633681e-01,16,1
64,28,19,1.962769774695e-01,16,1
64,29,19,1.974023208685e-01,16,1
64,30,19,1.984672063305e-01,16,1
64,31,19,1.995056454700e-01,16,1
64,32,19,2.004969636825e-01,16,1
64,33,19,2.031874120882e-01,16,1
64,34,19,2.043731719267e-01,16,1
64,35,19,2.053969987718e-01,16,1
64,36,19,2.062311392827e-01,16,1
64,37,19,2.070083039478e-01,16,1
64,38,19,2.078261029707e-01,16,1
64,39,19,2.084900773851e-01,16,1
64,40,19,2.091567449821e-01,16,1
64,41,19,2.097766757054e-01,16,1
64,42,19,2.103698897386e-01,16,1
64,43,19,2.109683715355e-01,16,1
64,44,19,2.116907203196e-01,16,1
64,45,19,2.121833867861e-01,16,1
64,46,19,2.126592520920e-01,16,1
64,47,19,2.131317991814e-01,16,1
64,48,19,2.135913599226e-01,16,1
64,49,19,2.148292309983e-01,16,1
64,50,19,2.153933266606e-01,16,1
64,51,19,2.158900701561e-01,16,1
64,52,19,2.163032627028e-01,16,1
64,53,19,2.166942515989e-01,16,1
64,54,19,2.171105892459e-01,16,1
64,55,19,2.174548967058e-01,16,1
64,56,19,2.178046850625e-01,16,1
64,57,19,2.181343836742e-01,16,1
64,58,19,2.184537343465e-01,16,1
64,59,19,2.187793340307e-01,16,1
64,60,19,2.191750517404e-01,16,1
64,61,19,2.194498248590e-01,16,1
64,62,19,2.197179919899e-01,16,1
64,63,19,2.199867842327e-01,16,1
64,64,19,2.202507111736e-01,16,1
64,65,19,2.209592937854e-01,16,1
64,66,19,2.212877833900e-01,16,1
64,67,19,2.215800646080e-01,16,1
64,68,19,2.218258884477e-01,16,1
64,69,19,2.220604914853e-01,16,1
64,70,19,2.223119668213e-01,16,1
64,71,19,2.225220625191e-01,16,1
64,72,19,2.227369441321e-01,16,1
64,73,19,2.229410498263e-01,16,1
64,74,19,2.231401516328e-01,16,1
64,75,19,2.233444067675e-01,16,1
64,76,19,2.235936804109e-01,16,1
64,77,19,2.237685904542e-01,16,1
64,78,19,2.239403624998e-01,16,1
64,79,19,2.241135127108e-01,16,1
64,80,19,2.242845268899e-01,16,1
64,81,19,2.247428278995e-01,16,1
64,82,19,2.249575224028e-01,16,1
64,83,19,2.251497767133e-01,16,1
64,84,19,2.253125874275e-01,16,1
64,85,19,2.254688037806e-01,16,1
64,86,19,2.256369652573e-01,16,1
64,87,19,2.257783664363e-01,16,1
64,88,19,2.259236200387e-01,16,1
64,89,19,2.260622764486e-01,16,1
64,90,19,2.261981591008e-01,16,1
64,91,19,2.263381248846e-01,16,1
64,92,19,2.265094116548e-01,16,1
64,93,19,2.266304287669e-01,16,1
64,94,19,2.267497698383e-01,16,1
64,95,19,2.268705265006e-01,16,1
64,96,19,2.269902642808e-01,16,1
64,97,19,2.273107822371e-01,16,1
64,98,19,2.274619909440e-01,16,1
64,99,19,2.275979835147e-01,16,1
64,100,19,2.277136893964e-01,16,1
64,101,19,2.278251202527e-01,16,1
64,102,19,2.279454242023e-01,16,1
64,103,19,2.280470359805e-01,16,1
64,104,19,2.281517347524e-01,16,1
64,105,19,2.282520255988e-01,16,1
64,106,19,2.283506299434e-01,16,1
64,107,19,2.284524884686e-01,16,1
64,108,19,2.285773859165e-01,16,1
64,109,19,2.286660576223e-01,16,1
64,110,19,2.287537613202e-01,16,1
64,111,19,2.288427476263e-01,16,1
64,112,19,2.289312333495e-01,16,1
64,113,19,2.291679084467e-01,16,1
64,114,19,2.292801290802e-01,16,1
64,115,19,2.293813738425e-01,16,1
64,116,19,2.294678083909e-01,16,1
64,117,19,2.295512745731e-01,16,1
64,118,19,2.296415813303e-01,16,1
64,119,19,2.297181062990e-01,16,1
64,120,19,2.297971338434e-01,16,1
64,121,19,2.298730282847e-01,16,1
64,122,19,2.299478265321e-01,16,1
64,123,19,2.300252580542e-01,16,1
64,124,19,2.301203433670e-01,16,1
64,125,19,2.301880940631e-01,16,1
64,126,19,2.302552545420e-01,16,1
64,127,19,2.303235371021e-01,16,1
64,128,19,2.303915805705e-01,16,1
64,129,19,2.305734739337e-01,16,1
64,130,19,2.306600487438e-01,16,1
64,131,19,2.307383414924e-01,16,1
64,132,19,2.308053538001e-01,16,1
64,133,19,2.308701981259e-01,16,1
64,134,19,2.309404725387e-01,16,1
64,135,19,2.310001710894e-01,16,1
64,136,19,2.310619287501e-01,16,1
64,137,19,2.311213547395e-01,16,1
64,138,19,2.311800313859e-01,16,1
64,139,19,2.312408738284e-01,16,1
64,140,19,2.313156733538e-01,16,1
64,141,19,2.313691189566e-01,16,1
64,142,19,2.314221907956e-01,16,1
64,143,19,2.314762356643e-01,16,1
64,144,19,2.315301810453e-01,16,1
64,145,19,2.316743246652e-01,16,1
64,146,19,2.317431362581e-01,16,1
64,147,19,2.318054807717e-01,16,1
64,148,19,2.318589505528e-01,16,1
64,149,19,2.319107744393e-01,16,1
64,150,19,2.319670112007e-01,16,1
64,151,19,2.320148787933e-01,16,1
64,152,19,2.320644654150e-01,16,1
64,153,19,2.321122542894e-01,16,1
64,154,19,2.321595103359e-01,16,1
64,155,19,2.322085748937e-01,16,1
64,156,19,2.322689498457e-01,16,1
64,157,19,2.323121848567e-01,16,1
64,158,19,2.323551770233e-01,16,1
64,159,19,2.323990135414e-01,16,1
64,160,19,2.324428278434e-01,16,1
64,161,19,2.325598608625e-01,16,1
64,162,19,2.326158637885e-01,16,1
64,163,19,2.326666792762e-01,16,1
64,164,19,2.327103321330e-01,16,1
64,165,19,2.327526967332e-01,16,1
64,166,19,2.327987171949e-01,16,1
64,167,19,2.328379512913e-01,16,1
64,168,19,2.328786396832e-01,16,1
64,169,19,2.329179025639e-01,16,1
64,170,19,2.329567743962e-01,16,1
64,171,19,2.329971769956e-01,16,1
64,172,19,2.330469303559e-01,16,1
64,173,19,2.330826237812e-01,16,1
64,174,19,2.331181569650e-01,16,1
64,175,19,2.331544260562e-01,16,1
64,176,19,2.331907164853e-01,16,1
64,177,19,2.332876256415e-01,16,1
64,178,19,2.333340896638e-01,16,1
64,179,19,2.333763015993e-01,16,1
64,180,19,2.334126121591e-01,16,1
64,181,19,2.334478892303e-01,16,1
64,182,19,2.334862439134e-01,16,1
64,183,19,2.335189856633e-01,16,1
64,184,19,2.335529724082e-01,16,1
64,185,19,2.335858028001e-01,16,1
64,186,19,2.336183386563e-01,16,1
64,187,19,2.336521857773e-01,16,1
64,188,19,2.336938923734e-01,16,1
64,189,19,2.337238580675e-01,16,1
64,190,19,2.337537174129e-01,16,1
64,191,19,2.337842218561e-01,16,1
64,192,19,2.338147721602e-01,16,1
64,193,19,2.338963344968e-01,16,1
64,194,19,2.339355042700e-01,16,1
64,195,19,2.339711260273e-01,16,1
64,196,19,2.340018020775e-01,16,1
64,197,19,2.340316320279e-01,16,1
64,198,19,2.340640881011e-01,16,1
64,199,19,2.340918250504e-01,16,1
64,200,19,2.341206390657e-01,16,1
64,201,19,2.341484972684e-01,16,1
64,202,19,2.341761287755e-01,16,1
64,203,19,2.342048954121e-01,16,1
64,204,19,2.342403604381e-01,16,1
64,205,19,2.342658740305e-01,16,1
64,206,19,2.342913173905e-01,16,1
64,207,19,2.343173297254e-01,16,1
64,208,19,2.343434013553e-01,16,1
64,209,19,2.344129934275e-01,16,1
64,210,19,2.344464608595e-01,16,1
64,211,19,2.344769233237e-01,16,1
64,212,19,2.345031813615e-01,16,1
64,213,19,2.345287348482e-01,16,1
64,214,19,2.345565552982e-01,16,1
64,215,19,2.345803529948e-01,16,1
64,216,19,2.346050911864e-01,16,1
64,217,19,2.346290267629e-01,16,1
64,218,19,2.346527846333e-01,16,1
64,219,19,2.346775343334e-01,16,1
64,220,19,2.347080608025e-01,16,1
64,221,19,2.347300454625e-01,16,1
64,222,19,2.347519846185e-01,16,1
64,223,19,2.347744286588e-01,16,1
64,224,19,2.347969388191e-01,16,1
64,225,19,2.348570146900e-01,16,1
64,226,19,2.348859400471e-01,16,1
64,227,19,2.349122879773e-01,16,1
64,228,19,2.349350179542e-01,16,1
64,229,19,2.349571527346e-01,16,1
64,230,19,2.349812641352e-01,16,1
64,231,19,2.350019058061e-01,16,1
64,232,19,2.350233755309e-01,16,1
64,233,19,2.350441621753e-01,16,1
64,234,19,2.350648073134e-01,16,1
64,235,19,2.350863262390e-01,16,1
64,236,19,2.351128781930e-01,16,1
64,237,19,2.351320184520e-01,16,1
64,238,19,2.351511304287e-01,16,1
64,239,19,2.351706930163e-01,16,1
64,240,19,2.351903245540e-01,16,1
64,241,19,2.352427105899e-01,16,1
64,242,19,2.352679594596e-01,16,1
64,243,19,2.352909734601e-01,16,1
64,244,19,2.353108414231e-01,16,1
64,245,19,2.353302003134e-01,16,1
64,246,19,2.353512978055e-01,16,1
64,247,19,2.353693720189e-01,16,1
64,248,19,2.353881806786e-01,16,1
64,249,19,2.354064012349e-01,16,1
64,250,19,2.354245075696e-01,16,1
101,1,1,3.225044734529e-04,50,1
101,2,39,3.698166003488e-03,50,1
101,3,32,1.480587014873e-02,50,1
101,4,27,2.512535938628e-02,50,1
101,5,24,3.686511360918e-02,50,1
101,6,24,4.766428767593e-02,50,1
101,7,24,5.472854564185e-02,50,1
101,8,24,6.055554445575e-02,50,1
101,9,24,6.602321035843e-02,50,1
101,10,37,7.198295536302e-02,50,1
101,11,37,7.564069699177e-02,50,1
101,12,37,7.904045197715e-02,50,1
101,13,37,8.193691023808e-02,50,1
101,14,37,8.453603723677e-02,50,1
101,15,37,8.666073900043e-02,50,1
101,16,37,9.016357106389e-02,50,1
101,17,37,9.235349999171e-02,50,1
101,18,37,9.439910309435e-02,50,1
101,19,37,9.602740880673e-02,50,1
101,20,37,9.747071704519e-02,50,1
101,21,37,9.887905821839e-02,50,1
101,22,37,1.001615488120e-01,50,1
101,23,37,1.013339549891e-01,50,1
101,24,37,1.024698020376e-01,50,1
101,25,37,1.033033530202e-01,50,1
101,26,37,1.071096627491e-01,50,1
101,27,37,1.084448733134e-01,50,1
101,28,37,1.094264444151e-01,50,1
101,29,37,1.102894424716e-01,50,1
101,30,37,1.110381393482e-01,50,1
101,31,37,1.117235191982e-01,50,1
101,32,37,1.123412576153e-01,50,1
101,33,37,1.129110000792e-01,50,1
101,34,37,1.135340683975e-01,50,1
101,35,37,1.140706384244e-01,50,1
101,36,37,1.145434671743e-01,50,1
101,37,37,1.150062128794e-01,50,1
101,38,37,1.154369069934e-01,50,1
101,39,37,1.158540904046e-01,50,1
101,40,37,1.162212796385e-01,50,1
101,41,37,1.168141329389e-01,50,1
101,42,37,1.172269789009e-01,50,1
101,43,37,1.176319022273e-01,50,1
101,44,37,1.179759196056e-01,50,1
101,45,37,1.182983925838e-01,50,1
101,46,37,1.186244406908e-01,50,1
101,47,37,1.189350149089e-01,50,1
101,48,37,1.192305202338e-01,50,1
101,49,37,1.195263930701e-01,50,1
101,50,37,1.197557561299e-01,50,1
101,51,37,1.207646005739e-01,50,1
101,52,37,1.211418403187e-01,50,1
101,53,37,1.214316381717e-01,50,1
101,54,37,1.216952091590e-01,50,1
101,55,37,1.219316115578e-01,50,1
101,56,37,1.221542908269e-01,50,1
101,57,37,1.223609225183e-01,50,1
101,58,37,1.225558856657e-01,50,1
101,59,37,1.227727662133e-01,50,1
101,60,37,1.229644744572e-01,50,1
101,61,37,1.231375971624e-01,50,1
101,62,37,1.233100309147e-01,50,1
101,63,37,1.234739792292e-01,50,1
101,64,37,1.236358188710e-01,50,1
101,65,37,1.237810982887e-01,50,1
101,66,37,1.240156369863e-01,50,1
101,67,37,1.241833885680e-01,50,1
101,68,37,1.243503570055e-01,50,1
101,69,37,1.244949036575e-01,50,1
101,70,37,1.246327260651e-01,50,1
101,71,37,1.247737427301e-01,50,1
101,72,37,1.249100559534e-01,50,1
101,73,37,1.250414693555e-01,50,1
101,74,37,1.251745826431e-01,50,1
101,75,37,1.252797220731e-01,50,1
101,76,37,1.257370402080e-01,50,1
101,77,37,1.259119138964e-01,50,1
101,78,37,1.260483858629e-01,50,1
101,79,37,1.261740837270e-01,50,1
101,80,37,1.262882894621e-01,50,1
101,81,37,1.263970657269e-01,50,1
101,82,37,1.264991819906e-01,50,1
101,83,37,1.265964542908e-01,50,1
101,84,37,1.267054469075e-01,50,1
101,85,37,1.268028673503e-01,50,1
101,86,37,1.268917577774e-01,50,1
101,87,37,1.269810034669e-01,50,1
101,88,37,1.270666607329e-01,50,1
101,89,37,1.271519324367e-01,50,1
101,90,37,1.272291705410e-01,50,1
101,91,37,1.273539203837e-01,50,1
101,92,37,1.274442357275e-01,50,1
101,93,37,1.275347604622e-01,50,1
101,94,37,1.276138302486e-01,50,1
101,95,37,1.276898435925e-01,50,1
101,96,37,1.277680772441e-01,50,1
101,97,37,1.278442532862e-01,50,1
101,98,37,1.279181701851e-01,50,1
101,99,37,1.279934857890e-01,50,1
101,100,37,1.280535370721e-01,50,1
101,101,37,1.283133454153e-01,50,1
101,102,37,1.284138317711e-01,50,1
101,103,37,1.284928894106e-01,50,1
101,104,37,1.285661868368e-01,50,1
101,105,37,1.286332402203e-01,50,1
101,106,37,1.286974833416e-01,50,1
101,107,37,1.287581703042e-01,50,1
101,108,37,1.288162812144e-01,50,1
101,109,37,1.288816539104e-01,50,1
101,110,37,1.289404465343e-01,50,1
101,111,37,1.289943983799e-01,50,1
101,112,37,1.290488120182e-01,50,1
101,113,37,1.291013155521e-01,50,1
101,114,37,1.291538324506e-01,50,1
101,115,37,1.292016470608e-01,50,1
101,116,37,1.292789041977e-01,50,1
101,117,37,1.293352250714e-01,50,1
101,118,37,1.293919075371e-01,50,1
101,119,37,1.294416753888e-01,50,1
101,120,37,1.294897512337e-01,50,1
101,121,37,1.295394049149e-01,50,1
101,122,37,1.295879626661e-01,50,1
101,123,37,1.296352634838e-01,50,1
101,124,37,1.296836313045e-01,50,1
101,125,37,1.297224158399e-01,50,1
101,126,37,1.298896897782e-01,50,1
101,127,37,1.299548347528e-01,50,1
101,128,37,1.300063410917e-01,50,1
101,129,37,1.300542881172e-01,50,1
101,130,37,1.300983369096e-01,50,1
101,131,37,1.301406941249e-01,50,1
101,132,37,1.301808625931e-01,50,1
101,133,37,1.302194529162e-01,50,1
101,134,37,1.302629753366e-01,50,1
101,135,37,1.303022701827e-01,50,1
101,136,37,1.303384603191e-01,50,1
101,137,37,1.303750670150e-01,50,1
101,138,37,1.304105090215e-01,50,1
101,139,37,1.304460687757e-01,50,1
101,140,37,1.304785525615e-01,50,1
101,141,37,1.305310544959e-01,50,1
101,142,37,1.305695006261e-01,50,1
101,143,37,1.306082972622e-01,50,1
101,144,37,1.306424772981e-01,50,1
101,145,37,1.306756005120e-01,50,1
101,146,37,1.307098903803e-01,50,1
101,147,37,1.307435200487e-01,50,1
101,148,37,1.307763637260e-01,50,1
101,149,37,1.308100284477e-01,50,1
101,150,37,1.308371256071e-01,50,1
101,151,37,1.309537526648e-01,50,1
101,152,37,1.309993840457e-01,50,1
101,153,37,1.310355821517e-01,50,1
101,154,37,1.310693710927e-01,50,1
101,155,37,1.311005024745e-01,50,1
101,156,37,1.311305129230e-01,50,1
101,157,37,1.311590483522e-01,50,1
101,158,37,1.311865249098e-01,50,1
101,159,37,1.312175671477e-01,50,1
101,160,37,1.312456697941e-01,50,1
101,161,37,1.312716167751e-01,50,1
101,162,37,1.312979159732e-01,50,1
101,163,37,1.313234387371e-01,50,1
101,164,37,1.313491009812e-01,50,1
101,165,37,1.313725981162e-01,50,1
101,166,37,1.314105842055e-01,50,1
101,167,37,1.314384880635e-01,50,1
101,168,37,1.314666995434e-01,50,1
101,169,37,1.314916137802e-01,50,1
101,170,37,1.315158121567e-01,50,1
101,171,37,1.315409042909e-01,50,1
101,172,37,1.315655637964e-01,50,1
101,173,37,1.315896912174e-01,50,1
101,174,37,1.316144640531e-01,50,1
101,175,37,1.316344581734e-01,50,1
101,176,37,1.317203883414e-01,50,1
101,177,37,1.317541211922e-01,50,1
101,178,37,1.317809445089e-01,50,1
101,179,37,1.318060320479e-01,50,1
101,180,37,1.318291946884e-01,50,1
101,181,37,1.318515636250e-01,50,1
101,182,37,1.318728742253e-01,50,1
101,183,37,1.318934280511e-01,50,1
101,184,37,1.319166787723e-01,50,1
101,185,37,1.319377693467e-01,50,1
101,186,37,1.319572777747e-01,50,1
101,187,37,1.319770807628e-01,50,1
101,188,37,1.319963325869e-01,50,1
101,189,37,1.320157200601e-01,50,1
101,190,37,1.320335024327e-01,50,1
101,191,37,1.320622551564e-01,50,1
101,192,37,1.320834253822e-01,50,1
101,193,37,1.321048590679e-01,50,1
101,194,37,1.321238215077e-01,50,1
101,195,37,1.321422700602e-01,50,1
101,196,37,1.321614236750e-01,50,1
101,197,37,1.321802759408e-01,50,1
101,198,37,1.321987467954e-01,50,1
101,199,37,1.322177360997e-01,50,1
101,200,37,1.322330935774e-01,50,1
101,201,37,1.322990250294e-01,50,1
101,202,37,1.323249719453e-01,50,1
101,203,37,1.323456412975e-01,50,1
101,204,37,1.323650019401e-01,50,1
101,205,37,1.323829053692e-01,50,1
101,206,37,1.324002189601e-01,50,1
101,207,37,1.324167375959e-01,50,1
101,208,37,1.324326897474e-01,50,1
101,209,37,1.324507525500e-01,50,1
101,210,37,1.324671619319e-01,50,1
101,211,37,1.324823615495e-01,50,1
101,212,37,1.324978084829e-01,50,1
101,213,37,1.325128455431e-01,50,1
101,214,37,1.325280068206e-01,50,1
101,215,37,1.325419313260e-01,50,1
101,216,37,1.325644494979e-01,50,1
101,217,37,1.325810589019e-01,50,1
101,218,37,1.325978932576e-01,50,1
101,219,37,1.326128072228e-01,50,1
101,220,37,1.326273358925e-01,50,1
101,221,37,1.326424343008e-01,50,1
101,222,37,1.326573128686e-01,50,1
101,223,37,1.326719059887e-01,50,1
101,224,37,1.326869237175e-01,50,1
101,225,37,1.326990884723e-01,50,1
101,226,37,1.327512694443e-01,50,1
101,227,37,1.327718450079e-01,50,1
101,228,37,1.327882585801e-01,50,1
101,229,37,1.328036508360e-01,50,1
101,230,37,1.328179022089e-01,50,1
101,231,37,1.328316988428e-01,50,1
101,232,37,1.328448771643e-01,50,1
101,233,37,1.328576162068e-01,50,1
101,234,37,1.328720518257e-01,50,1
101,235,37,1.328851816572e-01,50,1
101,236,37,1.328973569098e-01,50,1
101,237,37,1.329097415798e-01,50,1
101,238,37,1.329218103628e-01,50,1
101,239,37,1.329339904579e-01,50,1
101,240,37,1.329451887305e-01,50,1
101,241,37,1.329633003350e-01,50,1
101,242,37,1.329766783602e-01,50,1
101,243,37,1.329902492815e-01,50,1
101,244,37,1.330022853007e-01,50,1
101,245,37,1.330140225305e-01,50,1
101,246,37,1.330262293877e-01,50,1
101,247,37,1.330382699565e-01,50,1
101,248,37,1.330500896029e-01,50,1
101,249,37,1.330622628992e-01,50,1
101,250,37,1.330721361059e-01,50,1
127,1,1,2.039722322336e-04,63,1
127,2,29,2.627440480351e-03,63,1
127,3,24,8.492402622421e-03,63,1
127,4,24,1.660652557184e-02,63,1
127,5,36,2.477727060776e-02,63,1
127,6,36,3.333582419662e-02,63,1
127,7,36,3.977031051197e-02,63,1
127,8,36,4.400157499137e-02,63,1
127,9,36,4.801597112311e-02,63,1
127,10,44,5.363276906697e-02,63,1
127,11,44,5.656573656919e-02,63,1
127,12,44,6.049091388323e-02,63,1
127,13,44,6.326959480227e-02,63,1
127,14,44,6.579304440945e-02,63,1
127,15,44,6.775655631525e-02,63,1
127,16,44,6.981198086093e-02,63,1
127,17,44,7.138917538224e-02,63,1
127,18,44,7.275893931326e-02,63,1
127,19,44,7.407631653883e-02,63,1
127,20,44,7.503957918855e-02,63,1
127,21,44,7.605581925069e-02,63,1
127,22,44,7.691164053349e-02,63,1
127,23,44,7.775678187269e-02,63,1
127,24,44,7.861267995773e-02,63,1
127,25,44,7.927024463648e-02,63,1
127,26,44,8.065409458186e-02,63,1
127,27,44,8.125406503371e-02,63,1
127,28,44,8.247992143968e-02,63,1
127,29,44,8.312708010424e-02,63,1
127,30,44,8.369204576417e-02,63,1
127,31,44,8.419802055508e-02,63,1
127,32,44,8.467723373370e-02,63,1
127,33,44,8.509647068052e-02,63,1
127,34,44,8.550195405848e-02,63,1
127,35,44,8.622596696470e-02,63,1
127,36,44,8.658885606548e-02,63,1
127,37,44,8.728629251774e-02,63,1
127,38,44,8.768301298552e-02,63,1
127,39,44,8.803385896388e-02,63,1
127,40,44,8.835383827953e-02,63,1
127,41,44,8.864023294448e-02,63,1
127,42,44,8.892651270946e-02,63,1
127,43,44,8.918161553546e-02,63,1
127,44,44,8.946609060863e-02,63,1
127,45,44,8.973285727939e-02,63,1
127,46,44,8.997669868042e-02,63,1
127,47,44,9.020821579395e-02,63,1
127,48,44,9.046657632419e-02,63,1
127,49,44,9.067818069700e-02,63,1
127,50,44,9.085788701349e-02,63,1
127,51,44,9.105627220330e-02,63,1
127,52,44,9.126448707511e-02,63,1
127,53,44,9.158204366529e-02,63,1
127,54,44,9.175099316790e-02,63,1
127,55,44,9.204629503865e-02,63,1
127,56,44,9.221924940749e-02,63,1
127,57,44,9.236473376991e-02,63,1
127,58,44,9.253808499532e-02,63,1
127,59,44,9.268138572483e-02,63,1
127,60,44,9.286357775388e-02,63,1
127,61,44,9.300252834185e-02,63,1
127,62,44,9.316493358898e-02,63,1
127,63,44,9.327824765720e-02,63,1
127,64,44,9.389807437554e-02,63,1
127,65,44,9.411989998870e-02,63,1
127,66,44,9.427676452889e-02,63,1
127,67,44,9.442139230597e-02,63,1
127,68,44,9.454196232426e-02,63,1
127,69,44,9.465583310507e-02,63,1
127,70,44,9.476830350627e-02,63,1
127,71,44,9.487412340949e-02,63,1
127,72,44,9.496934782678e-02,63,1
127,73,44,9.509144050342e-02,63,1
127,74,44,9.518620124867e-02,63,1
127,75,44,9.531299070040e-02,63,1
127,76,44,9.541723136659e-02,63,1
127,77,44,9.552193260996e-02,63,1
127,78,44,9.561331188996e-02,63,1
127,79,44,9.571421889943e-02,63,1
127,80,44,9.580171050030e-02,63,1
127,81,44,9.588346076009e-02,63,1
127,82,44,9.596755402173e-02,63,1
127,83,44,9.603539040053e-02,63,1
127,84,44,9.610990881976e-02,63,1
127,85,44,9.617734569083e-02,63,1
127,86,44,9.624708090528e-02,63,1
127,87,44,9.632087572116e-02,63,1
127,88,44,9.638182392657e-02,63,1
127,89,44,9.650737143098e-02,63,1
127,90,44,9.656823106890e-02,63,1
127,91,44,9.669106201856e-02,63,1
127,92,44,9.676140808368e-02,63,1
127,93,44,9.682601063789e-02,63,1
127,94,44,9.688635998814e-02,63,1
127,95,44,9.694570049745e-02,63,1
127,96,44,9.700001883266e-02,63,1
127,97,44,9.705423366962e-02,63,1
127,98,44,9.715075725685e-02,63,1
127,99,44,9.720269669481e-02,63,1
127,100,44,9.730185602632e-02,63,1
127,101,44,9.736149450991e-02,63,1
127,102,44,9.741615377930e-02,63,1
127,103,44,9.746750880280e-02,63,1
127,104,44,9.751499571290e-02,63,1
127,105,44,9.756363971524e-02,63,1
127,106,44,9.760830865304e-02,63,1
127,107,44,9.765897606081e-02,63,1
127,108,44,9.770768380847e-02,63,1
127,109,44,9.775342383130e-02,63,1
127,110,44,9.779790351085e-02,63,1
127,111,44,9.784832192426e-02,63,1
127,112,44,9.789083510406e-02,63,1
127,113,44,9.792790758337e-02,63,1
127,114,44,9.796946777292e-02,63,1
127,115,44,9.801380184659e-02,63,1
127,116,44,9.808180630066e-02,63,1
127,117,44,9.811937428812e-02,63,1
127,118,44,9.818508750060e-02,63,1
127,119,44,9.822484383794e-02,63,1
127,120,44,9.825907394255e-02,63,1
127,121,44,9.830025839822e-02,63,1
127,122,44,9.833505623557e-02,63,1
127,123,44,9.837964628950e-02,63,1
127,124,44,9.841446752718e-02,63,1
127,125,44,9.845556220890e-02,63,1
127,126,44,9.848497762694e-02,63,1
127,127,44,9.864343858460e-02,63,1
127,128,44,9.870164689967e-02,63,1
127,129,44,9.874367697372e-02,63,1
127,130,44,9.878303219489e-02,63,1
127,131,44,9.881643118611e-02,63,1
127,132,44,9.884842078612e-02,63,1
127,133,44,9.888041192225e-02,63,1
127,134,44,9.891093438879e-02,63,1
127,135,44,9.893880519428e-02,63,1
127,136,44,9.897475048795e-02,63,1
127,137,44,9.900312767632e-02,63,1
127,138,44,9.904127575404e-02,63,1
127,139,44,9.907311086417e-02,63,1
127,140,44,9.910544056666e-02,63,1
127,141,44,9.913403865081e-02,63,1
127,142,44,9.916587823661e-02,63,1
127,143,44,9.919386469458e-02,63,1
127,144,44,9.922030415477e-02,63,1
127,145,44,9.924776065946e-02,63,1
127,146,44,9.927022321271e-02,63,1
127,147,44,9.929507757556e-02,63,1
127,148,44,9.931782669396e-02,63,1
127,149,44,9.934154743895e-02,63,1
127,150,44,9.936684615566e-02,63,1
127,151,44,9.938800262864e-02,63,1
127,152,44,9.943148924907e-02,63,1
127,153,44,9.945297751242e-02,63,1
127,154,44,9.949629042683e-02,63,1
127,155,44,9.952147804187e-02,63,1
127,156,44,9.954483447246e-02,63,1
127,157,44,9.956684976258e-02,63,1
127,158,44,9.958867266299e-02,63,1
127,159,44,9.960883733228e-02,63,1
127,160,44,9.962911300679e-02,63,1
127,161,44,9.966521544906e-02,63,1
127,162,44,9.968494442833e-02,63,1
127,163,44,9.972258514995e-02,63,1
127,164,44,9.974551598334e-02,63,1
127,165,44,9.976670872249e-02,63,1
127,166,44,9.978677293224e-02,63,1
127,167,44,9.980547637719e-02,63,1
127,168,44,9.982475771528e-02,63,1
127,169,44,9.984260277110e-02,63,1
127,170,44,9.986294025642e-02,63,1
127,171,44,9.988262509779e-02,63,1
127,172,44,9.990124528727e-02,63,1
127,173,44,9.991947308363e-02,63,1
127,174,44,9.994022970727e-02,63,1
127,175,44,9.995787549951e-02,63,1
127,176,44,9.997338217563e-02,63,1
127,177,44,9.999084435977e-02,63,1
127,178,44,1.000095652014e-01,63,1
127,179,44,1.000383361610e-01,63,1
127,180,44,1.000544114505e-01,63,1
127,181,44,1.000825414048e-01,63,1
127,182,44,1.000997313464e-01,63,1
127,183,44,1.001146397604e-01,63,1
127,184,44,1.001326353246e-01,63,1
127,185,44,1.001479483384e-01,63,1
127,186,44,1.001676235281e-01,63,1
127,187,44,1.001831068446e-01,63,1
127,188,44,1.002014414676e-01,63,1
127,189,44,1.002146780055e-01,63,1
127,190,44,1.002856343395e-01,63,1
127,191,44,1.003119313617e-01,63,1
127,192,44,1.003310561097e-01,63,1
127,193,44,1.003490605572e-01,63,1
127,194,44,1.003644357601e-01,63,1
127,195,44,1.003792368519e-01,63,1
127,196,44,1.003941061028e-01,63,1
127,197,44,1.004083645498e-01,63,1
127,198,44,1.004214544100e-01,63,1
127,199,44,1.004383742634e-01,63,1
127,200,44,1.004518169247e-01,63,1
127,201,44,1.004699226826e-01,63,1
127,202,44,1.004851177001e-01,63,1
127,203,44,1.005006135922e-01,63,1
127,204,44,1.005143921059e-01,63,1
127,205,44,1.005297823721e-01,63,1
127,206,44,1.005433812590e-01,63,1
127,207,44,1.005562852610e-01,63,1
127,208,44,1.005697360876e-01,63,1
127,209,44,1.005808025377e-01,63,1
127,210,44,1.005930838367e-01,63,1
127,211,44,1.006043767574e-01,63,1
127,212,44,1.006161925704e-01,63,1
127,213,44,1.006288354386e-01,63,1
127,214,44,1.006394629388e-01,63,1
127,215,44,1.006612904006e-01,63,1
127,216,44,1.006721621652e-01,63,1
127,217,44,1.006940655897e-01,63,1
127,218,44,1.007068855351e-01,63,1
127,219,44,1.007188224439e-01,63,1
127,220,44,1.007301177284e-01,63,1
127,221,44,1.007413537440e-01,63,1
127,222,44,1.007517782156e-01,63,1
127,223,44,1.007622945876e-01,63,1
127,224,44,1.007810221087e-01,63,1
127,225,44,1.007913255071e-01,63,1
127,226,44,1.008109794786e-01,63,1
127,227,44,1.008230210886e-01,63,1
127,228,44,1.008341916620e-01,63,1
127,229,44,1.008448043403e-01,63,1
127,230,44,1.008547335197e-01,63,1
127,231,44,1.008649993908e-01,63,1
127,232,44,1.008745348486e-01,63,1
127,233,44,1.008854262291e-01,63,1
127,234,44,1.008960018017e-01,63,1
127,235,44,1.009060391878e-01,63,1
127,236,44,1.009158956893e-01,63,1
127,237,44,1.009271442286e-01,63,1
127,238,44,1.009367438457e-01,63,1
127,239,44,1.009452108208e-01,63,1
127,240,44,1.009547660129e-01,63,1
127,241,44,1.009650347173e-01,63,1
127,242,44,1.009808310291e-01,63,1
127,243,44,1.009897053462e-01,63,1
127,244,44,1.010052378326e-01,63,1
127,245,44,1.010147759538e-01,63,1
127,246,44,1.010230775005e-01,63,1
127,247,44,1.010331143440e-01,63,1
127,248,44,1.010416849863e-01,63,1
127,249,44,1.010527121471e-01,63,1
127,250,44,1.010614230353e-01,63,1
128,1,1,2.007976155818e-04,32,1
128,2,47,2.292644618512e-03,32,1
128,3,23,9.916557388582e-03,32,1
128,4,61,2.112305330184e-02,32,1
128,5,61,2.785512982275e-02,32,1
128,6,13,3.520941157390e-02,32,1
128,7,61,4.115135324513e-02,32,1
128,8,61,4.628946163923e-02,32,1
128,9,61,5.096019003213e-02,32,1
128,10,61,5.440488424217e-02,32,1
128,11,61,5.715472244658e-02,32,1
128,12,61,6.068483095625e-02,32,1
128,13,61,6.292759710548e-02,32,1
128,14,61,6.507322394714e-02,32,1
128,15,61,6.733571784273e-02,32,1
128,16,61,6.956727386378e-02,32,1
128,17,61,7.177923147490e-02,32,1
128,18,61,7.367184363561e-02,32,1
128,19,13,7.497461916787e-02,32,1
128,20,61,7.614353466740e-02,32,1
128,21,61,7.722643264236e-02,32,1
128,22,61,7.812471531341e-02,32,1
128,23,61,7.893966200486e-02,32,1
128,24,61,7.973968869918e-02,32,1
128,25,61,8.056908264581e-02,32,1
128,26,61,8.120884836898e-02,32,1
128,27,61,8.181337844506e-02,32,1
128,28,61,8.258734888808e-02,32,1
128,29,61,8.313986948273e-02,32,1
128,30,61,8.365741734510e-02,32,1
128,31,61,8.416808093166e-02,32,1
128,32,61,8.459562516439e-02,32,1
128,33,61,8.689230739243e-02,32,1
128,34,61,8.768943901197e-02,32,1
128,35,61,8.822067670407e-02,32,1
128,36,61,8.864418744879e-02,32,1
128,37,61,8.901876098043e-02,32,1
128,38,61,8.942573418246e-02,32,1
128,39,61,8.974844926503e-02,32,1
128,40,61,9.007841110258e-02,32,1
128,41,61,9.041412200918e-02,32,1
128,42,61,9.069776670452e-02,32,1
128,43,61,9.095306941996e-02,32,1
128,44,61,9.128097277234e-02,32,1
128,45,61,9.152417209141e-02,32,1
128,46,61,9.177200142714e-02,32,1
128,47,61,9.204570239225e-02,32,1
128,48,61,9.233237531016e-02,32,1
128,49,61,9.263421122321e-02,32,1
128,50,61,9.290907751417e-02,32,1
128,51,61,9.312819223782e-02,32,1
128,52,61,9.331372312442e-02,32,1
128,53,61,9.350519821567e-02,32,1
128,54,61,9.367406217769e-02,32,1
128,55,61,9.383420927955e-02,32,1
128,56,61,9.399745030339e-02,32,1
128,57,61,9.417206649313e-02,32,1
128,58,61,9.431408202521e-02,32,1
128,59,61,9.445303540133e-02,32,1
128,60,61,9.463297667260e-02,32,1
128,61,61,9.476813204007e-02,32,1
128,62,61,9.489894321929e-02,32,1
128,63,61,9.503137937329e-02,32,1
128,64,61,9.514638387095e-02,32,1
128,65,61,9.574618038178e-02,32,1
128,66,61,9.596469408552e-02,32,1
128,67,61,9.611620456575e-02,32,1
128,68,61,9.624100820886e-02,32,1
128,69,61,9.635439285007e-02,32,1
128,70,61,9.647968239285e-02,32,1
128,71,61,9.658195684375e-02,32,1
128,72,61,9.668839203395e-02,32,1
128,73,61,9.679865072265e-02,32,1
128,74,61,9.689406398574e-02,32,1
128,75,61,9.698177784626e-02,32,1
128,76,61,9.709526487317e-02,32,1
128,77,61,9.718167747775e-02,32,1
128,78,61,9.727103994147e-02,32,1
128,79,61,9.737090243019e-02,32,1
128,80,61,9.747693524494e-02,32,1
128,81,61,9.759009892866e-02,32,1
128,82,61,9.769478745096e-02,32,1
128,83,61,9.777990532082e-02,32,1
128,84,61,9.785325990354e-02,32,1
128,85,61,9.792981585142e-02,32,1
128,86,61,9.799841867773e-02,32,1
128,87,61,9.806432672304e-02,32,1
128,88,61,9.813225952122e-02,32,1
128,89,61,9.820562478124e-02,32,1
128,90,61,9.826624685580e-02,32,1
128,91,61,9.832621963730e-02,32,1
128,92,61,9.840424665740e-02,32,1
128,93,61,9.846379787492e-02,32,1
128,94,61,9.852206015664e-02,32,1
128,95,61,9.858158410860e-02,32,1
128,96,61,9.863392076422e-02,32,1
128,97,61,9.890444169781e-02,32,1
128,98,61,9.900466495078e-02,32,1
128,99,61,9.907512941051e-02,32,1
128,100,61,9.913386476560e-02,32,1
128,101,61,9.918776264092e-02,32,1
128,102,61,9.924771539932e-02,32,1
128,103,61,9.929720517813e-02,32,1
128,104,61,9.934907600642e-02,32,1
128,105,61,9.940319683491e-02,32,1
128,106,61,9.945048646032e-02,32,1
128,107,61,9.949433722755e-02,32,1
128,108,61,9.955126441587e-02,32,1
128,109,61,9.959508341473e-02,32,1
128,110,61,9.964068751665e-02,32,1
128,111,61,9.969191627935e-02,32,1
128,112,61,9.974663712713e-02,32,1
128,113,61,9.980538563425e-02,32,1
128,114,61,9.986012163663e-02,32,1
128,115,61,9.990501448063e-02,32,1
128,116,61,9.994401318738e-02,32,1
128,117,61,9.998492838287e-02,32,1
128,118,61,1.000218631605e-01,32,1
128,119,61,1.000575647963e-01,32,1
128,120,61,1.000945583387e-01,32,1
128,121,61,1.001346947971e-01,32,1
128,122,61,1.001681132346e-01,32,1
128,123,61,1.002013522571e-01,32,1
128,124,61,1.002447030649e-01,32,1
128,125,61,1.002780488286e-01,32,1
128,126,61,1.003108481251e-01,32,1
128,127,61,1.003445127072e-01,32,1
128,128,61,1.003742985045e-01,32,1
128,129,61,1.005275924283e-01,32,1
128,130,61,1.005848712037e-01,32,1
128,131,61,1.006254289703e-01,32,1
128,132,61,1.006594431137e-01,32,1
128,133,61,1.006908192972e-01,32,1
128,134,61,1.007258435826e-01,32,1
128,135,61,1.007549270262e-01,32,1
128,136,61,1.007855267214e-01,32,1
128,137,61,1.008175768628e-01,32,1
128,138,61,1.008457286370e-01,32,1
128,139,61,1.008719560420e-01,32,1
128,140,61,1.009060698486e-01,32,1
128,141,61,1.009324845465e-01,32,1
128,142,61,1.009600729553e-01,32,1
128,143,61,1.009911549590e-01,32,1
128,144,61,1.010244675274e-01,32,1
128,145,61,1.010603512992e-01,32,1
128,146,61,1.010939194732e-01,32,1
128,147,61,1.011215864977e-01,32,1
128,148,61,1.011457306104e-01,32,1
128,149,61,1.011711385679e-01,32,1
128,150,61,1.011941716259e-01,32,1
128,151,61,1.012165151273e-01,32,1
128,152,61,1.012397387553e-01,32,1
128,153,61,1.012650038180e-01,32,1
128,154,61,1.012861342696e-01,32,1
128,155,61,1.013072183973e-01,32,1
128,156,61,1.013347575641e-01,32,1
128,157,61,1.013560394414e-01,32,1
128,158,61,1.013770396914e-01,32,1
128,159,61,1.013986542099e-01,32,1
128,160,61,1.014178506315e-01,32,1
128,161,61,1.015163945329e-01,32,1
128,162,61,1.015534060685e-01,32,1
128,163,61,1.015797259677e-01,32,1
128,164,61,1.016018819538e-01,32,1
128,165,61,1.016223853082e-01,32,1
128,166,61,1.016453227317e-01,32,1
128,167,61,1.016644393999e-01,32,1
128,168,61,1.016846008878e-01,32,1
128,169,61,1.017057688121e-01,32,1
128,170,61,1.017244231039e-01,32,1
128,171,61,1.017418535486e-01,32,1
128,172,61,1.017645531843e-01,32,1
128,173,61,1.017821954823e-01,32,1
128,174,61,1.018006633650e-01,32,1
128,175,61,1.018215089725e-01,32,1
128,176,61,1.018438986779e-01,32,1
128,177,61,1.018680679578e-01,32,1
128,178,61,1.018907365248e-01,32,1
128,179,61,1.019094789533e-01,32,1
128,180,61,1.019258829968e-01,32,1
128,181,61,1.019431801048e-01,32,1
128,182,61,1.019589034062e-01,32,1
128,183,61,1.019741915818e-01,32,1
128,184,61,1.019901141598e-01,32,1
128,185,61,1.020074673173e-01,32,1
128,186,61,1.020220233701e-01,32,1
128,187,61,1.020365781586e-01,32,1
128,188,61,1.020556080386e-01,32,1
128,189,61,1.020703593110e-01,32,1
128,190,61,1.020849464028e-01,32,1
128,191,61,1.020999882768e-01,32,1
128,192,61,1.021133810774e-01,32,1
128,193,61,1.021820171068e-01,32,1
128,194,61,1.022078849018e-01,32,1
128,195,61,1.022263333291e-01,32,1
128,196,61,1.022419022642e-01,32,1
128,197,61,1.022563412044e-01,32,1
128,198,61,1.022725183657e-01,32,1
128,199,61,1.022860344752e-01,32,1
128,200,61,1.023003126473e-01,32,1
128,201,61,1.023153281873e-01,32,1
128,202,61,1.023285904479e-01,32,1
128,203,61,1.023410077111e-01,32,1
128,204,61,1.023571925918e-01,32,1
128,205,61,1.023698039096e-01,32,1
128,206,61,1.023830260577e-01,32,1
128,207,61,1.023979700325e-01,32,1
128,208,61,1.024140449797e-01,32,1
128,209,61,1.024314233034e-01,32,1
128,210,61,1.024477522390e-01,32,1
128,211,61,1.024612826580e-01,32,1
128,212,61,1.024731493217e-01,32,1
128,213,61,1.024856795627e-01,32,1
128,214,61,1.024970916015e-01,32,1
128,215,61,1.025082060788e-01,32,1
128,216,61,1.025197983152e-01,32,1
128,217,61,1.025324480356e-01,32,1
128,218,61,1.025430808815e-01,32,1
128,219,61,1.025537287299e-01,32,1
128,220,61,1.025676604456e-01,32,1
128,221,61,1.025784834168e-01,32,1
128,222,61,1.025892021886e-01,32,1
128,223,61,1.026002699602e-01,32,1
128,224,61,1.026101421314e-01,32,1
128,225,61,1.026606753755e-01,32,1
128,226,61,1.026797677312e-01,32,1
128,227,61,1.026934122560e-01,32,1
128,228,61,1.027049479659e-01,32,1
128,229,61,1.027156631798e-01,32,1
128,230,61,1.027276813122e-01,32,1
128,231,61,1.027377406571e-01,32,1
128,232,61,1.027483798110e-01,32,1
128,233,61,1.027595817517e-01,32,1
128,234,61,1.027694919061e-01,32,1
128,235,61,1.027787843326e-01,32,1
128,236,61,1.027909039135e-01,32,1
128,237,61,1.028003652439e-01,32,1
128,238,61,1.028102962290e-01,32,1
128,239,61,1.028215312322e-01,32,1
128,240,61,1.028336298091e-01,32,1
128,241,61,1.028467235993e-01,32,1
128,242,61,1.028590432385e-01,32,1
128,243,61,1.028692679695e-01,32,1
128,244,61,1.028782490434e-01,32,1
128,245,61,1.028877421933e-01,32,1
128,246,61,1.028964004643e-01,32,1
128,247,61,1.029048432822e-01,32,1
128,248,61,1.029136583773e-01,32,1
128,249,61,1.029232866742e-01,32,1
128,250,61,1.029313923848e-01,32,1
199,1,1,8.307538026031e-05,99,1
199,2,55,1.028097349128e-03,99,1
199,3,42,4.225354593850e-03,99,1
199,4,90,8.142707728817e-03,99,1
199,5,43,1.334196300789e-02,99,1
199,6,95,1.743862756430e-02,99,1
199,7,95,2.232490113260e-02,99,1
199,8,95,2.479215864996e-02,99,1
199,9,95,2.716235522673e-02,99,1
199,10,95,2.935940130609e-02,99,1
199,11,95,3.262523876651e-02,99,1
199,12,95,3.434315166874e-02,99,1
199,13,95,3.608012027515e-02,99,1
199,14,95,3.749612255679e-02,99,1
199,15,95,3.906892220822e-02,99,1
199,16,95,4.005524244341e-02,99,1
199,17,95,4.094557801348e-02,99,1
199,18,94,4.200183867907e-02,99,1
199,19,94,4.262189101165e-02,99,1
199,20,95,4.350643429383e-02,99,1
199,21,95,4.458088047449e-02,99,1
199,22,95,4.535679868445e-02,99,1
199,23,95,4.585982601473e-02,99,1
199,24,95,4.714139418256e-02,99,1
199,25,95,4.766858404050e-02,99,1
199,26,95,4.810926411131e-02,99,1
199,27,95,4.850779030021e-02,99,1
199,28,95,4.891961598736e-02,99,1
199,29,94,4.927924674027e-02,99,1
199,30,94,4.958172824731e-02,99,1
199,31,94,4.999671498828e-02,99,1
199,32,95,5.032247222632e-02,99,1
199,33,95,5.059597913091e-02,99,1
199,34,95,5.085812927399e-02,99,1
199,35,95,5.108739358729e-02,99,1
199,36,95,5.133498049528e-02,99,1
199,37,95,5.158647333772e-02,99,1
199,38,95,5.181220216439e-02,99,1
199,39,95,5.202998988950e-02,99,1
199,40,95,5.220761777720e-02,99,1
199,41,95,5.239745928572e-02,99,1
199,42,95,5.287227960072e-02,99,1
199,43,95,5.308653339384e-02,99,1
199,44,95,5.330247030666e-02,99,1
199,45,95,5.347290840449e-02,99,1
199,46,95,5.360975034267e-02,99,1
199,47,95,5.375366042895e-02,99,1
199,48,95,5.390602619745e-02,99,1
199,49,95,5.403436834199e-02,99,1
199,50,95,5.415922216574e-02,99,1
199,51,95,5.427015499234e-02,99,1
199,52,95,5.438885894934e-02,99,1
199,53,95,5.448927622218e-02,99,1
199,54,95,5.462764802792e-02,99,1
199,55,95,5.472793208085e-02,99,1
199,56,95,5.484036320156e-02,99,1
199,57,95,5.493526358579e-02,99,1
199,58,95,5.501839367889e-02,99,1
199,59,95,5.524198810987e-02,99,1
199,60,95,5.535326715236e-02,99,1
199,61,95,5.544644381113e-02,99,1
199,62,95,5.554687066231e-02,99,1
199,63,95,5.563163125323e-02,99,1
199,64,95,5.571362914789e-02,99,1
199,65,95,5.581521771385e-02,99,1
199,66,95,5.589122094358e-02,99,1
199,67,95,5.597938648615e-02,99,1
199,68,95,5.604711377174e-02,99,1
199,69,95,5.612414238579e-02,99,1
199,70,95,5.618789161845e-02,99,1
199,71,95,5.627266482529e-02,99,1
199,72,95,5.632947067305e-02,99,1
199,73,95,5.647124023012e-02,99,1
199,74,95,5.653523768146e-02,99,1
199,75,95,5.659149072142e-02,99,1
199,76,95,5.666259580886e-02,99,1
199,77,95,5.671431884463e-02,99,1
199,78,95,5.676454758111e-02,99,1
199,79,95,5.682261009188e-02,99,1
199,80,95,5.690069142587e-02,99,1
199,81,95,5.695195515732e-02,99,1
199,82,95,5.700517481806e-02,99,1
199,83,95,5.706817456164e-02,99,1
199,84,95,5.712125862579e-02,99,1
199,85,95,5.718308098679e-02,99,1
199,86,95,5.722510474191e-02,99,1
199,87,95,5.726296953246e-02,99,1
199,88,95,5.731498800693e-02,99,1
199,89,95,5.736134544961e-02,99,1
199,90,95,5.739841645321e-02,99,1
199,91,95,5.743404061890e-02,99,1
199,92,95,5.746867496536e-02,99,1
199,93,95,5.750996119395e-02,99,1
199,94,95,5.754634695807e-02,99,1
199,95,95,5.758154277202e-02,99,1
199,96,95,5.763556652743e-02,99,1
199,97,95,5.767323158330e-02,99,1
199,98,95,5.770591174260e-02,99,1
199,99,95,5.773566092404e-02,99,1
199,100,95,5.797357956526e-02,99,1
199,101,95,5.805050302366e-02,99,1
199,102,95,5.809943028187e-02,99,1
199,103,95,5.813933977427e-02,99,1
199,104,95,5.817666253573e-02,99,1
199,105,95,5.820776215358e-02,99,1
199,106,95,5.824658908439e-02,99,1
199,107,95,5.827457846590e-02,99,1
199,108,95,5.830325690588e-02,99,1
199,109,95,5.833226905702e-02,99,1
199,110,95,5.837430266373e-02,99,1
199,111,95,5.840299748277e-02,99,1
199,112,95,5.843443402891e-02,99,1
199,113,95,5.846299054072e-02,99,1
199,114,95,5.849640776881e-02,99,1
199,115,95,5.852151267580e-02,99,1
199,116,95,5.854589862593e-02,99,1
199,117,95,5.857759712950e-02,99,1
199,118,95,5.860202513367e-02,99,1
199,119,95,5.862471889310e-02,99,1
199,120,95,5.866158631048e-02,99,1
199,121,95,5.869092007848e-02,99,1
199,122,95,5.871211083450e-02,99,1
199,123,95,5.876400275295e-02,99,1
199,124,95,5.878834729244e-02,99,1
199,125,95,5.881017150773e-02,99,1
199,126,95,5.883103826184e-02,99,1
199,127,95,5.885357287278e-02,99,1
199,128,95,5.887831930671e-02,99,1
199,129,95,5.890025860509e-02,99,1
199,130,95,5.891945150443e-02,99,1
199,131,95,5.893920978367e-02,99,1
199,132,95,5.895816685082e-02,99,1
199,133,95,5.897705079855e-02,99,1
199,134,95,5.899433713709e-02,99,1
199,135,95,5.901353740871e-02,99,1
199,136,95,5.903366979264e-02,99,1
199,137,95,5.905248586435e-02,99,1
199,138,95,5.907122715373e-02,99,1
199,139,95,5.908724409450e-02,99,1
199,140,95,5.910475401948e-02,99,1
199,141,95,5.914810453374e-02,99,1
199,142,95,5.916887951282e-02,99,1
199,143,95,5.919042519368e-02,99,1
199,144,95,5.920812934290e-02,99,1
199,145,95,5.922290913032e-02,99,1
199,146,95,5.923878701861e-02,99,1
199,147,95,5.925594694401e-02,99,1
199,148,95,5.927089029196e-02,99,1
199,149,95,5.928578251282e-02,99,1
199,150,95,5.929942071820e-02,99,1
199,151,95,5.931426766734e-02,99,1
199,152,95,5.932723402733e-02,99,1
199,153,95,5.934519962723e-02,99,1
199,154,95,5.935868467324e-02,99,1
199,155,95,5.937403462145e-02,99,1
199,156,95,5.938734476655e-02,99,1
199,157,95,5.939931247525e-02,99,1
199,158,95,5.943109193113e-02,99,1
199,159,95,5.944753233872e-02,99,1
199,160,95,5.946163707110e-02,99,1
199,161,95,5.947707510045e-02,99,1
199,162,95,5.949042323969e-02,99,1
199,163,95,5.950357698558e-02,99,1
199,164,95,5.952003493543e-02,99,1
199,165,95,5.953266822086e-02,99,1
199,166,95,5.954748734436e-02,99,1
199,167,95,5.955915661916e-02,99,1
199,168,95,5.957257936500e-02,99,1
199,169,95,5.958392964650e-02,99,1
199,170,95,5.959911985599e-02,99,1
199,171,95,5.960958536430e-02,99,1
199,172,95,5.963549843955e-02,99,1
199,173,95,5.964757488815e-02,99,1
199,174,95,5.965837683524e-02,99,1
199,175,95,5.967212698200e-02,99,1
199,176,95,5.968236507668e-02,99,1
199,177,95,5.969243953507e-02,99,1
199,178,95,5.970419045333e-02,99,1
199,179,95,5.972008764536e-02,99,1
199,180,95,5.973076375522e-02,99,1
199,181,95,5.974197504193e-02,99,1
199,182,95,5.975536098592e-02,99,1
199,183,95,5.976681722085e-02,99,1
199,184,95,5.978027618906e-02,99,1
199,185,95,5.978961419060e-02,99,1
199,186,95,5.979815188623e-02,99,1
199,187,95,5.980991808636e-02,99,1
199,188,95,5.982054545587e-02,99,1
199,189,95,5.982918554665e-02,99,1
199,190,95,5.983758136936e-02,99,1
199,191,95,5.984583413372e-02,99,1
199,192,95,5.985573084485e-02,99,1
199,193,95,5.986457330335e-02,99,1
199,194,95,5.987321527803e-02,99,1
199,195,95,5.988650773620e-02,99,1
199,196,95,5.989592472524e-02,99,1
199,197,95,5.990419932393e-02,99,1
199,198,95,5.991181818132e-02,99,1
199,199,95,5.997207470174e-02,99,1
199,200,95,5.999186402482e-02,99,1
199,201,95,6.000463291439e-02,99,1
199,202,95,6.001517414979e-02,99,1
199,203,95,6.002513438562e-02,99,1
199,204,95,6.003353089132e-02,99,1
199,205,95,6.004406650097e-02,99,1
199,206,95,6.005176683415e-02,99,1
199,207,95,6.005971950669e-02,99,1
199,208,95,6.006782902147e-02,99,1
199,209,95,6.007961163395e-02,99,1
199,210,95,6.008776644985e-02,99,1
199,211,95,6.009675946772e-02,99,1
199,212,95,6.010500200779e-02,99,1
199,213,95,6.011470051694e-02,99,1
199,214,95,6.012207630346e-02,99,1
199,215,95,6.012929719578e-02,99,1
199,216,95,6.013871718894e-02,99,1
199,217,95,6.014605598151e-02,99,1
199,218,95,6.015293212261e-02,99,1
199,219,95,6.016411352983e-02,99,1
199,220,95,6.017309716484e-02,99,1
199,221,95,6.017966113293e-02,99,1
199,222,95,6.019569420281e-02,99,1
199,223,95,6.020332342275e-02,99,1
199,224,95,6.021021931014e-02,99,1
199,225,95,6.021686059430e-02,99,1
199,226,95,6.022407311437e-02,99,1
199,227,95,6.023203418304e-02,99,1
199,228,95,6.023914862895e-02,99,1
199,229,95,6.024542432354e-02,99,1
199,230,95,6.025192257443e-02,99,1
199,231,95,6.025819938659e-02,99,1
199,232,95,6.026449026427e-02,99,1
199,233,95,6.027029028876e-02,99,1
199,234,95,6.027676230798e-02,99,1
199,235,95,6.028358480972e-02,99,1
199,236,95,6.029000389476e-02,99,1
199,237,95,6.029643396956e-02,99,1
199,238,95,6.030197240124e-02,99,1
199,239,95,6.030805359564e-02,99,1
199,240,95,6.032308849857e-02,99,1
199,241,95,6.033037136192e-02,99,1
199,242,95,6.033796435507e-02,99,1
199,243,95,6.034425009184e-02,99,1
199,244,95,6.034953650842e-02,99,1
199,245,95,6.035524072959e-02,99,1
199,246,95,6.036143232658e-02,99,1
199,247,95,6.036686021719e-02,99,1
199,248,95,6.037229710387e-02,99,1
199,249,95,6.037730708547e-02,99,1
199,250,95,6.038278256939e-02,99,1
251,1,1,5.221930022836e-05,125,1
251,2,70,6.886339323180e-04,125,1
251,3,89,2.864670977832e-03,125,1
251,4,44,6.180154430889e-03,125,1
251,5,32,9.316425479286e-03,125,1
251,6,66,1.240362224978e-02,125,1
251,7,60,1.557333806749e-02,125,1
251,8,60,1.800640351268e-02,125,1
251,9,71,2.019374551806e-02,125,1
251,10,71,2.165411968534e-02,125,1
251,11,71,2.292171854693e-02,125,1
251,12,37,2.425283898129e-02,125,1
251,13,71,2.540716705382e-02,125,1
251,14,71,2.643592916621e-02,125,1
251,15,71,2.730526881774e-02,125,1
251,16,71,2.803666005278e-02,125,1
251,17,60,2.966159660643e-02,125,1
251,18,60,3.021386582567e-02,125,1
251,19,60,3.081721031019e-02,125,1
251,20,60,3.181126816766e-02,125,1
251,21,60,3.236952486567e-02,125,1
251,22,60,3.280628345147e-02,125,1
251,23,60,3.317376597652e-02,125,1
251,24,60,3.367788877088e-02,125,1
251,25,60,3.402207860177e-02,125,1
251,26,60,3.437289286895e-02,125,1
251,27,60,3.494730133603e-02,125,1
251,28,60,3.525615678743e-02,125,1
251,29,60,3.560770323734e-02,125,1
251,30,60,3.591776612435e-02,125,1
251,31,60,3.613935874770e-02,125,1
251,32,60,3.636654942982e-02,125,1
251,33,60,3.661825751317e-02,125,1
251,34,60,3.686522132770e-02,125,1
251,35,60,3.703534955000e-02,125,1
251,36,60,3.720223072706e-02,125,1
251,37,60,3.771855570752e-02,125,1
251,38,60,3.790468139717e-02,125,1
251,39,60,3.805264267649e-02,125,1
251,40,60,3.820859218784e-02,125,1
251,41,60,3.864623027844e-02,125,1
251,42,60,3.884369693239e-02,125,1
251,43,60,3.898552636469e-02,125,1
251,44,60,3.912898404246e-02,125,1
251,45,60,3.926612824327e-02,125,1
251,46,60,3.943132846350e-02,125,1
251,47,60,3.954389995209e-02,125,1
251,48,60,3.964347197540e-02,125,1
251,49,60,3.979654095463e-02,125,1
251,50,60,3.988188310383e-02,125,1
251,51,60,3.997138039988e-02,125,1
251,52,60,4.006651244384e-02,125,1
251,53,60,4.017104297268e-02,125,1
251,54,60,4.024904207824e-02,125,1
251,55,60,4.033906286707e-02,125,1
251,56,60,4.043781032388e-02,125,1
251,57,60,4.050988168554e-02,125,1
251,58,60,4.058858858820e-02,125,1
251,59,60,4.065959157018e-02,125,1
251,60,60,4.075979861512e-02,125,1
251,61,60,4.082016553151e-02,125,1
251,62,60,4.090852560523e-02,125,1
251,63,60,4.097089443836e-02,125,1
251,64,60,4.104243501304e-02,125,1
251,65,60,4.109692895381e-02,125,1
251,66,60,4.115524847248e-02,125,1
251,67,60,4.122036444282e-02,125,1
251,68,60,4.126947617680e-02,125,1
251,69,60,4.132496678473e-02,125,1
251,70,60,4.137124222819e-02,125,1
251,71,60,4.143550323255e-02,125,1
251,72,60,4.148641343578e-02,125,1
251,73,60,4.153160758536e-02,125,1
251,74,60,4.158367337561e-02,125,1
251,75,60,4.162706075412e-02,125,1
251,76,60,4.166471456529e-02,125,1
251,77,60,4.172001765186e-02,125,1
251,78,60,4.175829279495e-02,125,1
251,79,60,4.180098997315e-02,125,1
251,80,60,4.184085429152e-02,125,1
251,81,60,4.190612570879e-02,125,1
251,82,60,4.194620837850e-02,125,1
251,83,60,4.199216518631e-02,125,1
251,84,60,4.202531634807e-02,125,1
251,85,60,4.205822648130e-02,125,1
251,86,60,4.215700928888e-02,125,1
251,87,60,4.220229705984e-02,125,1
251,88,60,4.223988926404e-02,125,1
251,89,60,4.227653582352e-02,125,1
251,90,60,4.230841565306e-02,125,1
251,91,60,4.233857428934e-02,125,1
251,92,60,4.236726518436e-02,125,1
251,93,60,4.240819917202e-02,125,1
251,94,60,4.243652082497e-02,125,1
251,95,60,4.246641787919e-02,125,1
251,96,60,4.249411453594e-02,125,1
251,97,60,4.251848714118e-02,125,1
251,98,60,4.254531138530e-02,125,1
251,99,60,4.256967003489e-02,125,1
251,100,60,4.262178837263e-02,125,1
251,101,60,4.265027129841e-02,125,1
251,102,60,4.267892845234e-02,125,1
251,103,60,4.270101911702e-02,125,1
251,104,60,4.272352532555e-02,125,1
251,105,60,4.274929024570e-02,125,1
251,106,60,4.276910475906e-02,125,1
251,107,60,4.280086053341e-02,125,1
251,108,60,4.282091439762e-02,125,1
251,109,60,4.287982226948e-02,125,1
251,110,60,4.290209057236e-02,125,1
251,111,60,4.292621083445e-02,125,1
251,112,60,4.295091477091e-02,125,1
251,113,60,4.297081793485e-02,125,1
251,114,60,4.298902312036e-02,125,1
251,115,60,4.302117662578e-02,125,1
251,116,60,4.303988280142e-02,125,1
251,117,60,4.305886876461e-02,125,1
251,118,60,4.308367601244e-02,125,1
251,119,60,4.310990612869e-02,125,1
251,120,60,4.313055830304e-02,125,1
251,121,60,4.314897468194e-02,125,1
251,122,60,4.317065387914e-02,125,1
251,123,60,4.318917970422e-02,125,1
251,124,60,4.320514931675e-02,125,1
251,125,60,4.321942997059e-02,125,1
251,126,60,4.336630007465e-02,125,1
251,127,60,4.341112790995e-02,125,1
251,128,60,4.343842074364e-02,125,1
251,129,60,4.345962308633e-02,125,1
251,130,60,4.347880921036e-02,125,1
251,131,60,4.349741684671e-02,125,1
251,132,60,4.351300157216e-02,125,1
251,133,60,4.353051526781e-02,125,1
251,134,60,4.354903621973e-02,125,1
251,135,60,4.356343510328e-02,125,1
251,136,60,4.358174148408e-02,125,1
251,137,60,4.359558741821e-02,125,1
251,138,60,4.360917054834e-02,125,1
251,139,60,4.362223433414e-02,125,1
251,140,60,4.363682113662e-02,125,1
251,141,60,4.365155001831e-02,125,1
251,142,60,4.366317888202e-02,125,1
251,143,60,4.367485036948e-02,125,1
251,144,60,4.368785336180e-02,125,1
251,145,60,4.370914624494e-02,125,1
251,146,60,4.372282820376e-02,125,1
251,147,60,4.373467620418e-02,125,1
251,148,60,4.374541174083e-02,125,1
251,149,60,4.376028980076e-02,125,1
251,150,60,4.377153002352e-02,125,1
251,151,60,4.378352242251e-02,125,1
251,152,60,4.380318709795e-02,125,1
251,153,60,4.381496489268e-02,125,1
251,154,60,4.382875898856e-02,125,1
251,155,60,4.384164616568e-02,125,1
251,156,60,4.385157755230e-02,125,1
251,157,60,4.386218153136e-02,125,1
251,158,60,4.387427312364e-02,125,1
251,159,60,4.388661078464e-02,125,1
251,160,60,4.389573027784e-02,125,1
251,161,60,4.390500515498e-02,125,1
251,162,60,4.393284065932e-02,125,1
251,163,60,4.394380708346e-02,125,1
251,164,60,4.395298991832e-02,125,1
251,165,60,4.396292791473e-02,125,1
251,166,60,4.399042111956e-02,125,1
251,167,60,4.400363566821e-02,125,1
251,168,60,4.401361654398e-02,125,1
251,169,60,4.402401523067e-02,125,1
251,170,60,4.403425670710e-02,125,1
251,171,60,4.404683379005e-02,125,1
251,172,60,4.405584083370e-02,125,1
251,173,60,4.406407733692e-02,125,1
251,174,60,4.407674919531e-02,125,1
251,175,60,4.408424931666e-02,125,1
251,176,60,4.409227315788e-02,125,1
251,177,60,4.410098308826e-02,125,1
251,178,60,4.411071981912e-02,125,1
251,179,60,4.411827913980e-02,125,1
251,180,60,4.412712178296e-02,125,1
251,181,60,4.413699056798e-02,125,1
251,182,60,4.414447280309e-02,125,1
251,183,60,4.415277495415e-02,125,1
251,184,60,4.416045230780e-02,125,1
251,185,60,4.417136097496e-02,125,1
251,186,60,4.417822032985e-02,125,1
251,187,60,4.418827687378e-02,125,1
251,188,60,4.419561868902e-02,125,1
251,189,60,4.420415558743e-02,125,1
251,190,60,4.421085547669e-02,125,1
251,191,60,4.421812429638e-02,125,1
251,192,60,4.422635389029e-02,125,1
251,193,60,4.423273664521e-02,125,1
251,194,60,4.424004009932e-02,125,1
251,195,60,4.424627233509e-02,125,1
251,196,60,4.425496791346e-02,125,1
251,197,60,4.426202597642e-02,125,1
251,198,60,4.426841814734e-02,125,1
251,199,60,4.427586455053e-02,125,1
251,200,60,4.428220120157e-02,125,1
251,201,60,4.428781340554e-02,125,1
251,202,60,4.429607090125e-02,125,1
251,203,60,4.430193708588e-02,125,1
251,204,60,4.430854788290e-02,125,1
251,205,60,4.431482372690e-02,125,1
251,206,60,4.432511612838e-02,125,1
251,207,60,4.433160476393e-02,125,1
251,208,60,4.433911484311e-02,125,1
251,209,60,4.434465432047e-02,125,1
251,210,60,4.435022481235e-02,125,1
251,211,60,4.436680836728e-02,125,1
251,212,60,4.437460765627e-02,125,1
251,213,60,4.438118972649e-02,125,1
251,214,60,4.438768747972e-02,125,1
251,215,60,4.439343399109e-02,125,1
251,216,60,4.439893848591e-02,125,1
251,217,60,4.440424496008e-02,125,1
251,218,60,4.441184010475e-02,125,1
251,219,60,4.441720258789e-02,125,1
251,220,60,4.442291650957e-02,125,1
251,221,60,4.442827734191e-02,125,1
251,222,60,4.443306301113e-02,125,1
251,223,60,4.443837412852e-02,125,1
251,224,60,4.444325913705e-02,125,1
251,225,60,4.445368019260e-02,125,1
251,226,60,4.445948932063e-02,125,1
251,227,60,4.446539465134e-02,125,1
251,228,60,4.447001730638e-02,125,1
251,229,60,4.447477028855e-02,125,1
251,230,60,4.448024998032e-02,125,1
251,231,60,4.448452877714e-02,125,1
251,232,60,4.449139027909e-02,125,1
251,233,60,4.449580219615e-02,125,1
251,234,60,4.450868432908e-02,125,1
251,235,60,4.451366229838e-02,125,1
251,236,60,4.451909503964e-02,125,1
251,237,60,4.452470620779e-02,125,1
251,238,60,4.452928627514e-02,125,1
251,239,60,4.453351830276e-02,125,1
251,240,60,4.454098962134e-02,125,1
251,241,60,4.454541104832e-02,125,1
251,242,60,4.454993434513e-02,125,1
251,243,60,4.455586819966e-02,125,1
251,244,60,4.456218985362e-02,125,1
251,245,60,4.456722480260e-02,125,1
251,246,60,4.457175892072e-02,125,1
251,247,60,4.457712474002e-02,125,1
251,248,60,4.458175657286e-02,125,1
251,249,60,4.458579057869e-02,125,1
251,250,60,4.458943230773e-02,125,1
256,1,1,5.019940389528e-05,64,1
256,2,75,6.581008656030e-04,64,1
256,3,71,3.519955825691e-03,64,1
256,4,119,6.513404080538e-03,64,1
256,5,69,1.020324291673e-02,64,1
256,6,117,1.396755093106e-02,64,1
256,7,117,1.654441688812e-02,64,1
256,8,61,1.888560713964e-02,64,1
256,9,61,2.055548525629e-02,64,1
256,10,61,2.237390919098e-02,64,1
256,11,61,2.384585423064e-02,64,1
256,12,55,2.609302611209e-02,64,1
256,13,55,2.716728177952e-02,64,1
256,14,55,2.798982594727e-02,64,1
256,15,55,2.874893885094e-02,64,1
256,16,55,2.968002779185e-02,64,1
256,17,55,3.067958245383e-02,64,1
256,18,55,3.148454658805e-02,64,1
256,19,55,3.209462496405e-02,64,1
256,20,55,3.276216162196e-02,64,1
256,21,55,3.317743233072e-02,64,1
256,22,55,3.372008369935e-02,64,1
256,23,55,3.410387630909e-02,64,1
256,24,55,3.470184439251e-02,64,1
256,25,55,3.503089730854e-02,64,1
256,26,55,3.534337337713e-02,64,1
256,27,55,3.574913650928e-02,64,1
256,28,55,3.601744747888e-02,64,1
256,29,55,3.627384164911e-02,64,1
256,30,55,3.649760640634e-02,64,1
256,31,55,3.679981313205e-02,64,1
256,32,55,3.699599520500e-02,64,1
256,33,61,3.793944182434e-02,64,1
256,34,61,3.813631077598e-02,64,1
256,35,61,3.831754465049e-02,64,1
256,36,61,3.848619502320e-02,64,1
256,37,61,3.864725679048e-02,64,1
256,38,61,3.884144531656e-02,64,1
256,39,61,3.899509370972e-02,64,1
256,40,61,3.918841662164e-02,64,1
256,41,61,3.931035833609e-02,64,1
256,42,61,3.942645892118e-02,64,1
256,43,61,3.955573421540e-02,64,1
256,44,61,3.968619555966e-02,64,1
256,45,61,3.980932805689e-02,64,1
256,46,61,3.993689931336e-02,64,1
256,47,61,4.010314622347e-02,64,1
256,48,61,4.020036751141e-02,64,1
256,49,61,4.033430243444e-02,64,1
256,50,61,4.050456779142e-02,64,1
256,51,61,4.062575910337e-02,64,1
256,52,61,4.071823857503e-02,64,1
256,53,61,4.081782488273e-02,64,1
256,54,61,4.090218027897e-02,64,1
256,55,61,4.097351968836e-02,64,1
256,56,61,4.104793718729e-02,64,1
256,57,61,4.114628141360e-02,64,1
256,58,61,4.122580673451e-02,64,1
256,59,61,4.128711468471e-02,64,1
256,60,61,4.137687567985e-02,64,1
256,61,61,4.145274900637e-02,64,1
256,62,61,4.152614101750e-02,64,1
256,63,61,4.158011269910e-02,64,1
256,64,61,4.163619973575e-02,64,1
256,65,61,4.218634656457e-02,64,1
256,66,61,4.235383484018e-02,64,1
256,67,61,4.245277966581e-02,64,1
256,68,61,4.252849505517e-02,64,1
256,69,61,4.258930804217e-02,64,1
256,70,61,4.265567215053e-02,64,1
256,71,61,4.271218635720e-02,64,1
256,72,61,4.275971032792e-02,64,1
256,73,61,4.280641503036e-02,64,1
256,74,61,4.285722232570e-02,64,1
256,75,61,4.290406432544e-02,64,1
256,76,61,4.298173223044e-02,64,1
256,77,61,4.303241618320e-02,64,1
256,78,61,4.306933235912e-02,64,1
256,79,61,4.310937245280e-02,64,1
256,80,61,4.318084294554e-02,64,1
256,81,61,4.322620231001e-02,64,1
256,82,61,4.326345175392e-02,64,1
256,83,61,4.329892483323e-02,64,1
256,84,61,4.333365261254e-02,64,1
256,85,61,4.336458526060e-02,64,1
256,86,61,4.339680495022e-02,64,1
256,87,61,4.343081313434e-02,64,1
256,88,61,4.346527249389e-02,64,1
256,89,61,4.351046002776e-02,64,1
256,90,61,4.354007293451e-02,64,1
256,91,61,4.357300384774e-02,64,1
256,92,61,4.360630861608e-02,64,1
256,93,61,4.363517174433e-02,64,1
256,94,61,4.366622194540e-02,64,1
256,95,61,4.370088921392e-02,64,1
256,96,61,4.372666747028e-02,64,1
256,97,61,4.376219990258e-02,64,1
256,98,61,4.378811228214e-02,64,1
256,99,61,4.381286397420e-02,64,1
256,100,61,4.383673688828e-02,64,1
256,101,61,4.386019501433e-02,64,1
256,102,61,4.388891620024e-02,64,1
256,103,61,4.391261046484e-02,64,1
256,104,61,4.394280180708e-02,64,1
256,105,61,4.396287370569e-02,64,1
256,106,61,4.398251390159e-02,64,1
256,107,61,4.400472435916e-02,64,1
256,108,61,4.402764164994e-02,64,1
256,109,61,4.404982424703e-02,64,1
256,110,61,4.407330028750e-02,64,1
256,111,61,4.410423068402e-02,64,1
256,112,61,4.412312796215e-02,64,1
256,113,61,4.414932079550e-02,64,1
256,114,61,4.418302402560e-02,64,1
256,115,61,4.420778272461e-02,64,1
256,116,61,4.422723847491e-02,64,1
256,117,61,4.424850229952e-02,64,1
256,118,61,4.426696680815e-02,64,1
256,119,61,4.428295834294e-02,64,1
256,120,61,4.429989889052e-02,64,1
256,121,61,4.432242997376e-02,64,1
256,122,61,4.434108106445e-02,64,1
256,123,61,4.435582722929e-02,64,1
256,124,61,4.437746378365e-02,64,1
256,125,61,4.439612874611e-02,64,1
256,126,61,4.441447464937e-02,64,1
256,127,61,4.442829704381e-02,64,1
256,128,61,4.444284345458e-02,64,1
256,129,61,4.458304819697e-02,64,1
256,130,61,4.462670042405e-02,64,1
256,131,61,4.465305082738e-02,64,1
256,132,61,4.467359715856e-02,64,1
256,133,61,4.469040342018e-02,64,1
256,134,61,4.470893545836e-02,64,1
256,135,61,4.472496842712e-02,64,1
256,136,61,4.473868304455e-02,64,1
256,137,61,4.475231986550e-02,64,1
256,138,61,4.476728929716e-02,64,1
256,139,61,4.478127269409e-02,64,1
256,140,61,4.480449748114e-02,64,1
256,141,61,4.481993673826e-02,64,1
256,142,61,4.483139780772e-02,64,1
256,143,61,4.484392785508e-02,64,1
256,144,61,4.486628658454e-02,64,1
256,145,61,4.488073163167e-02,64,1
256,146,61,4.489275767808e-02,64,1
256,147,61,4.490433920715e-02,64,1
256,148,61,4.491578637936e-02,64,1
256,149,61,4.492610434576e-02,64,1
256,150,61,4.493693850310e-02,64,1
256,151,61,4.494846466033e-02,64,1
256,152,61,4.496024224855e-02,64,1
256,153,61,4.497575339381e-02,64,1
256,154,61,4.498608413797e-02,64,1
256,155,61,4.499764261512e-02,64,1
256,156,61,4.500942948982e-02,64,1
256,157,61,4.501975292693e-02,64,1
256,158,61,4.503093325811e-02,64,1
256,159,61,4.504349188559e-02,64,1
256,160,61,4.505295166000e-02,64,1
256,161,61,4.506602671849e-02,64,1
256,162,61,4.507567875870e-02,64,1
256,163,61,4.508497449858e-02,64,1
256,164,61,4.509401251683e-02,64,1
256,165,61,4.510295699249e-02,64,1
256,166,61,4.511395262335e-02,64,1
256,167,61,4.512311340270e-02,64,1
256,168,61,4.513482772832e-02,64,1
256,169,61,4.514271415711e-02,64,1
256,170,61,4.515048553100e-02,64,1
256,171,61,4.515931319642e-02,64,1
256,172,61,4.516847653255e-02,64,1
256,173,61,4.517740650059e-02,64,1
256,174,61,4.518691145052e-02,64,1
256,175,61,4.519947538424e-02,64,1
256,176,61,4.520724323957e-02,64,1
256,177,61,4.521803177748e-02,64,1
256,178,61,4.523196568142e-02,64,1
256,179,61,4.524229257486e-02,64,1
256,180,61,4.525047729886e-02,64,1
256,181,61,4.525946359683e-02,64,1
256,182,61,4.526732470728e-02,64,1
256,183,61,4.527418285593e-02,64,1
256,184,61,4.528148291002e-02,64,1
256,185,61,4.529121388418e-02,64,1
256,186,61,4.529932857246e-02,64,1
256,187,61,4.530579582191e-02,64,1
256,188,61,4.531529446150e-02,64,1
256,189,61,4.532354264819e-02,64,1
256,190,61,4.533169299560e-02,64,1
256,191,61,4.533788340984e-02,64,1
256,192,61,4.534442632464e-02,64,1
256,193,61,4.540714042241e-02,64,1
256,194,61,4.542681576747e-02,64,1
256,195,61,4.543878048681e-02,64,1
256,196,61,4.544817067818e-02,64,1
256,197,61,4.545590057114e-02,64,1
256,198,61,4.546445663230e-02,64,1
256,199,61,4.547190127874e-02,64,1
256,200,61,4.547830840205e-02,64,1
256,201,61,4.548470699212e-02,64,1
256,202,61,4.549175528448e-02,64,1
256,203,61,4.549837168090e-02,64,1
256,204,61,4.550936911009e-02,64,1
256,205,61,4.551673077035e-02,64,1
256,206,61,4.552223428471e-02,64,1
256,207,61,4.552827016864e-02,64,1
256,208,61,4.553904146221e-02,64,1
256,209,61,4.554604805355e-02,64,1
256,210,61,4.555191307189e-02,64,1
256,211,61,4.555758600059e-02,64,1
256,212,61,4.556321510697e-02,64,1
256,213,61,4.556831315056e-02,64,1
256,214,61,4.557368410627e-02,64,1
256,215,61,4.557941669292e-02,64,1
256,216,61,4.558529494364e-02,64,1
256,217,61,4.559305090441e-02,64,1
256,218,61,4.559825081096e-02,64,1
256,219,61,4.560408406355e-02,64,1
256,220,61,4.561005333601e-02,64,1
256,221,61,4.561530492272e-02,64,1
256,222,61,4.562100896718e-02,64,1
256,223,61,4.562743320619e-02,64,1
256,224,61,4.563229891874e-02,64,1
256,225,61,4.563903243033e-02,64,1
256,226,61,4.564402962229e-02,64,1
256,227,61,4.564885971516e-02,64,1
256,228,61,4.565357253098e-02,64,1
256,229,61,4.565825160245e-02,64,1
256,230,61,4.566401433437e-02,64,1
256,231,61,4.566883654215e-02,64,1
256,232,61,4.567501313367e-02,64,1
256,233,61,4.567919495820e-02,64,1
256,234,61,4.568332907299e-02,64,1
256,235,61,4.568803494503e-02,64,1
256,236,61,4.569293336465e-02,64,1
256,237,61,4.569772207113e-02,64,1
256,238,61,4.570283267915e-02,64,1
256,239,61,4.570959852865e-02,64,1
256,240,61,4.571380488226e-02,64,1
256,241,61,4.571965274852e-02,64,1
256,242,61,4.572721918187e-02,64,1
256,243,61,4.573285032566e-02,64,1
256,244,61,4.573733158958e-02,64,1
256,245,61,4.574226264223e-02,64,1
256,246,61,4.574659159006e-02,64,1
256,247,61,4.575038162121e-02,64,1
256,248,61,4.575442529056e-02,64,1
256,249,61,4.575982161283e-02,64,1
256,250,61,4.576433781932e-02,64,1
499,1,1,1.321226876039e-05,249,1
499,2,191,1.851861432112e-04,249,1
499,3,69,9.464139434203e-04,249,1
499,4,241,2.271816639652e-03,249,1
499,5,176,3.514515725361e-03,249,1
499,6,98,4.874316059196e-03,249,1
499,7,89,6.253170184888e-03,249,1
499,8,89,7.114101120332e-03,249,1
499,9,210,8.437057984961e-03,249,1
499,10,212,9.246337313591e-03,249,1
499,11,212,9.841629471041e-03,249,1
499,12,212,1.033354076800e-02,249,1
499,13,212,1.099458274462e-02,249,1
499,14,212,1.162788014024e-02,249,1
499,15,212,1.206154389775e-02,249,1
499,16,212,1.241628929980e-02,249,1
499,17,212,1.268212156476e-02,249,1
499,18,212,1.296899954233e-02,249,1
499,19,212,1.335874490695e-02,249,1
499,20,212,1.357483070461e-02,249,1
499,21,212,1.380700403432e-02,249,1
499,22,212,1.403267470048e-02,249,1
499,23,212,1.423737026890e-02,249,1
499,24,212,1.439346923991e-02,249,1
499,25,188,1.477195644503e-02,249,1
499,26,188,1.490459910349e-02,249,1
499,27,188,1.504246611183e-02,249,1
499,28,188,1.519542302519e-02,249,1
499,29,188,1.533420938308e-02,249,1
499,30,188,1.544474053640e-02,249,1
499,31,188,1.554456154880e-02,249,1
499,32,188,1.566579654369e-02,249,1
499,33,188,1.577980972572e-02,249,1
499,34,188,1.587551490409e-02,249,1
499,35,188,1.596846970846e-02,249,1
499,36,188,1.604924520331e-02,249,1
499,37,188,1.612634342785e-02,249,1
499,38,188,1.622610121061e-02,249,1
499,39,188,1.631706446796e-02,249,1
499,40,188,1.671579950976e-02,249,1
499,41,188,1.680855866715e-02,249,1
499,42,188,1.688567826543e-02,249,1
499,43,188,1.697872870357e-02,249,1
499,44,188,1.703920845871e-02,249,1
499,45,188,1.715064988465e-02,249,1
499,46,188,1.720660956359e-02,249,1
499,47,188,1.725203012142e-02,249,1
499,48,188,1.730113490573e-02,249,1
499,49,188,1.734169379086e-02,249,1
499,50,188,1.757497495019e-02,249,1
499,51,188,1.763452483892e-02,249,1
499,52,188,1.767544469573e-02,249,1
499,53,188,1.773051696849e-02,249,1
499,54,188,1.779737839626e-02,249,1
499,55,188,1.791858963695e-02,249,1
499,56,188,1.796989764635e-02,249,1
499,57,188,1.800949808782e-02,249,1
499,58,188,1.808043688914e-02,249,1
499,59,188,1.812566567228e-02,249,1
499,60,188,1.815877151378e-02,249,1
499,61,188,1.818952622808e-02,249,1
499,62,188,1.823257594150e-02,249,1
499,63,188,1.826631920084e-02,249,1
499,64,188,1.829222853248e-02,249,1
499,65,188,1.833651189821e-02,249,1
499,66,188,1.836439616274e-02,249,1
499,67,188,1.839017242807e-02,249,1
499,68,188,1.841483009572e-02,249,1
499,69,188,1.843779683813e-02,249,1
499,70,188,1.845969898848e-02,249,1
499,71,188,1.848149631461e-02,249,1
499,72,188,1.850437416211e-02,249,1
499,73,188,1.853016680073e-02,249,1
499,74,188,1.855085788726e-02,249,1
499,75,188,1.857184734278e-02,249,1
499,76,188,1.859202016755e-02,249,1
499,77,188,1.860935576104e-02,249,1
499,78,188,1.862832929026e-02,249,1
499,79,188,1.864693647798e-02,249,1
499,80,188,1.866379381946e-02,249,1
499,81,188,1.868161940935e-02,249,1
499,82,188,1.869958801312e-02,249,1
499,83,188,1.871655571661e-02,249,1
499,84,188,1.873191488463e-02,249,1
499,85,188,1.875118587598e-02,249,1
499,86,188,1.876560291483e-02,249,1
499,87,188,1.878119825110e-02,249,1
499,88,188,1.879593256981e-02,249,1
499,89,188,1.883674416611e-02,249,1
499,90,188,1.885416958581e-02,249,1
499,91,188,1.887264630586e-02,249,1
499,92,188,1.888620413554e-02,249,1
499,93,188,1.890223776624e-02,249,1
499,94,188,1.892634089770e-02,249,1
499,95,188,1.893949275423e-02,249,1
499,96,188,1.895226179246e-02,249,1
499,97,188,1.902072183894e-02,249,1
499,98,188,1.904467994434e-02,249,1
499,99,188,1.906272176558e-02,249,1
499,100,188,1.908212300117e-02,249,1
499,101,188,1.909510743389e-02,249,1
499,102,188,1.911986051841e-02,249,1
499,103,188,1.913301958367e-02,249,1
499,104,188,1.915017360465e-02,249,1
499,105,188,1.916031532310e-02,249,1
499,106,188,1.916986099141e-02,249,1
499,107,188,1.918037028885e-02,249,1
499,108,188,1.919466370107e-02,249,1
499,109,188,1.920548498822e-02,249,1
499,110,188,1.921516681877e-02,249,1
499,111,188,1.922429836264e-02,249,1
499,112,188,1.923641518976e-02,249,1
499,113,188,1.924635967110e-02,249,1
499,114,188,1.925429303600e-02,249,1
499,115,188,1.926395171574e-02,249,1
499,116,188,1.927567246083e-02,249,1
499,117,188,1.928470181772e-02,249,1
499,118,188,1.929454254859e-02,249,1
499,119,188,1.930478881490e-02,249,1
499,120,188,1.931226590793e-02,249,1
499,121,188,1.932260637457e-02,249,1
499,122,188,1.933238645176e-02,249,1
499,123,188,1.934079498203e-02,249,1
499,124,188,1.934806506603e-02,249,1
499,125,188,1.935977383097e-02,249,1
499,126,188,1.936789257235e-02,249,1
499,127,188,1.937594092755e-02,249,1
499,128,188,1.938276913773e-02,249,1
499,129,188,1.939142732183e-02,249,1
499,130,188,1.939893839862e-02,249,1
499,131,188,1.940562476756e-02,249,1
499,132,188,1.941343112130e-02,249,1
499,133,188,1.942689457700e-02,249,1
499,134,188,1.943402572957e-02,249,1
499,135,188,1.944055857660e-02,249,1
499,136,188,1.945317440782e-02,249,1
499,137,188,1.945940643970e-02,249,1
499,138,188,1.946546949468e-02,249,1
499,139,188,1.947785538420e-02,249,1
499,140,188,1.948375666040e-02,249,1
499,141,188,1.949103080099e-02,249,1
499,142,188,1.949811211456e-02,249,1
499,143,188,1.950476795566e-02,249,1
499,144,188,1.951067192991e-02,249,1
499,145,188,1.951600024913e-02,249,1
499,146,188,1.952664759061e-02,249,1
499,147,188,1.953220587382e-02,249,1
499,148,188,1.953855064204e-02,249,1
499,149,188,1.954478680053e-02,249,1
499,150,188,1.955059121677e-02,249,1
499,151,188,1.956052984757e-02,249,1
499,152,188,1.956557445349e-02,249,1
499,153,188,1.957022464885e-02,249,1
499,154,188,1.959680527448e-02,249,1
499,155,188,1.960637888516e-02,249,1
499,156,188,1.961350467441e-02,249,1
499,157,188,1.961966526171e-02,249,1
499,158,188,1.962785486768e-02,249,1
499,159,188,1.963309245990e-02,249,1
499,160,188,1.963803046738e-02,249,1
499,161,188,1.964432804814e-02,249,1
499,162,188,1.964911230144e-02,249,1
499,163,188,1.965410270226e-02,249,1
499,164,188,1.965835958414e-02,249,1
499,165,188,1.966243876541e-02,249,1
499,166,188,1.966632427118e-02,249,1
499,167,188,1.967016124852e-02,249,1
499,168,188,1.967492139310e-02,249,1
499,169,188,1.967892547317e-02,249,1
499,170,188,1.968442424013e-02,249,1
499,171,188,1.968858410703e-02,249,1
499,172,188,1.969418566103e-02,249,1
499,173,188,1.969783211127e-02,249,1
499,174,188,1.970152734529e-02,249,1
499,175,188,1.970575502065e-02,249,1
499,176,188,1.970981479027e-02,249,1
499,177,188,1.971362923252e-02,249,1
499,178,188,1.971772002215e-02,249,1
499,179,188,1.972151562976e-02,249,1
499,180,188,1.972477233489e-02,249,1
499,181,188,1.973182699356e-02,249,1
499,182,188,1.973542237790e-02,249,1
499,183,188,1.973896239070e-02,249,1
499,184,188,1.974287956893e-02,249,1
499,185,188,1.974816678468e-02,249,1
499,186,188,1.975387855122e-02,249,1
499,187,188,1.975815272788e-02,249,1
499,188,188,1.976203019356e-02,249,1
499,189,188,1.976543837383e-02,249,1
499,190,188,1.976944123260e-02,249,1
499,191,188,1.977242991535e-02,249,1
499,192,188,1.977612395331e-02,249,1
499,193,188,1.978421055217e-02,249,1
499,194,188,1.978798491985e-02,249,1
499,195,188,1.979144644931e-02,249,1
499,196,188,1.980031374870e-02,249,1
499,197,188,1.980464588633e-02,249,1
499,198,188,1.980900793138e-02,249,1
499,199,188,1.981224243050e-02,249,1
499,200,188,1.981540380094e-02,249,1
499,201,188,1.981946305588e-02,249,1
499,202,188,1.982245884547e-02,249,1
499,203,188,1.982569416663e-02,249,1
499,204,188,1.982853560037e-02,249,1
499,205,188,1.983148725660e-02,249,1
499,206,188,1.983449748092e-02,249,1
499,207,188,1.983890705030e-02,249,1
499,208,188,1.984350529950e-02,249,1
499,209,188,1.984638870477e-02,249,1
499,210,188,1.984919368668e-02,249,1
499,211,188,1.985261322353e-02,249,1
499,212,188,1.985638502377e-02,249,1
499,213,188,1.985930201220e-02,249,1
499,214,188,1.986203583390e-02,249,1
499,215,188,1.986908962871e-02,249,1
499,216,188,1.987211637947e-02,249,1
499,217,188,1.987462804710e-02,249,1
499,218,188,1.987801543907e-02,249,1
499,219,188,1.988051358065e-02,249,1
499,220,188,1.988267257830e-02,249,1
499,221,188,1.988531502018e-02,249,1
499,222,188,1.988790654441e-02,249,1
499,223,188,1.989011595458e-02,249,1
499,224,188,1.989267667314e-02,249,1
499,225,188,1.989573358551e-02,249,1
499,226,188,1.989877463594e-02,249,1
499,227,188,1.990181322228e-02,249,1
499,228,188,1.990397262474e-02,249,1
499,229,188,1.990700481542e-02,249,1
499,230,188,1.990945986072e-02,249,1
499,231,188,1.991163235878e-02,249,1
499,232,188,1.991424812248e-02,249,1
499,233,188,1.991643610034e-02,249,1
499,234,188,1.991910189715e-02,249,1
499,235,188,1.992240554057e-02,249,1
499,236,188,1.992455202424e-02,249,1
499,237,188,1.992664927029e-02,249,1
499,238,188,1.992953827489e-02,249,1
499,239,188,1.993162110975e-02,249,1
499,240,188,1.993361371965e-02,249,1
499,241,188,1.993541246321e-02,249,1
499,242,188,1.993795582973e-02,249,1
499,243,188,1.993984491524e-02,249,1
499,244,188,1.994177953481e-02,249,1
499,245,188,1.994372235957e-02,249,1
499,246,188,1.994741522115e-02,249,1
499,247,188,1.994986880528e-02,249,1
499,248,188,1.995192813170e-02,249,1
499,249,188,1.995357145497e-02,249,1
499,250,188,1.998945404529e-02,249,1
509,1,1,1.269822230721e-05,254,1
509,2,151,1.913755825671e-04,254,1
509,3,116,8.763273834047e-04,254,1
509,4,240,2.003102212301e-03,254,1
509,5,87,3.468166058681e-03,254,1
509,6,125,4.635941361084e-03,254,1
509,7,125,5.549734884510e-03,254,1
509,8,57,7.035788394986e-03,254,1
509,9,58,7.771092668048e-03,254,1
509,10,46,8.535841734789e-03,254,1
509,11,130,9.297013836909e-03,254,1
509,12,146,9.995483484019e-03,254,1
509,13,146,1.059977079746e-02,254,1
509,14,130,1.107962126024e-02,254,1
509,15,130,1.140344563937e-02,254,1
509,16,130,1.176735571193e-02,254,1
509,17,146,1.237696997228e-02,254,1
509,18,146,1.263367858919e-02,254,1
509,19,146,1.299469962221e-02,254,1
509,20,146,1.329415950679e-02,254,1
509,21,129,1.375543984807e-02,254,1
509,22,129,1.396651307638e-02,254,1
509,23,129,1.415626055236e-02,254,1
509,24,129,1.456745915530e-02,254,1
509,25,129,1.473675308577e-02,254,1
509,26,146,1.489242955102e-02,254,1
509,27,129,1.502838430003e-02,254,1
509,28,129,1.515145425484e-02,254,1
509,29,129,1.527041307269e-02,254,1
509,30,129,1.538662874123e-02,254,1
509,31,129,1.549452004302e-02,254,1
509,32,129,1.559681984424e-02,254,1
509,33,129,1.569612025667e-02,254,1
509,34,129,1.577572245546e-02,254,1
509,35,129,1.594038273451e-02,254,1
509,36,129,1.602587510435e-02,254,1
509,37,129,1.609599029953e-02,254,1
509,38,129,1.617455362882e-02,254,1
509,39,75,1.631439609865e-02,254,1
509,40,129,1.637939167851e-02,254,1
509,41,129,1.646924465446e-02,254,1
509,42,75,1.653104807803e-02,254,1
509,43,75,1.658404203359e-02,254,1
509,44,129,1.666591897173e-02,254,1
509,45,129,1.671553083414e-02,254,1
509,46,129,1.686381968724e-02,254,1
509,47,129,1.692317694994e-02,254,1
509,48,129,1.696855404088e-02,254,1
509,49,129,1.700980853350e-02,254,1
509,50,129,1.707251648204e-02,254,1
509,51,129,1.711479778911e-02,254,1
509,52,129,1.716346202660e-02,254,1
509,53,129,1.720019234340e-02,254,1
509,54,129,1.723553070988e-02,254,1
509,55,129,1.726984000152e-02,254,1
509,56,129,1.730458843924e-02,254,1
509,57,129,1.733692072787e-02,254,1
509,58,129,1.743530911875e-02,254,1
509,59,129,1.748197655643e-02,254,1
509,60,129,1.751561455889e-02,254,1
509,61,129,1.754519393226e-02,254,1
509,62,129,1.757446571677e-02,254,1
509,63,129,1.762116162153e-02,254,1
509,64,129,1.765870673290e-02,254,1
509,65,129,1.769075760435e-02,254,1
509,66,129,1.771806970904e-02,254,1
509,67,129,1.774285938998e-02,254,1
509,68,129,1.776811903442e-02,254,1
509,69,129,1.778979906220e-02,254,1
509,70,129,1.781146579133e-02,254,1
509,71,129,1.783395379148e-02,254,1
509,72,129,1.786209706753e-02,254,1
509,73,129,1.794099240678e-02,254,1
509,74,129,1.798358043335e-02,254,1
509,75,129,1.800823971179e-02,254,1
509,76,129,1.802934965586e-02,254,1
509,77,129,1.804695637183e-02,254,1
509,78,129,1.806802694273e-02,254,1
509,79,129,1.808452474467e-02,254,1
509,80,129,1.811866443408e-02,254,1
509,81,129,1.813604416506e-02,254,1
509,82,129,1.815637040329e-02,254,1
509,83,129,1.817023897153e-02,254,1
509,84,129,1.819249636027e-02,254,1
509,85,129,1.820852986581e-02,254,1
509,86,129,1.822308269186e-02,254,1
509,87,129,1.823835922111e-02,254,1
509,88,129,1.825465831736e-02,254,1
509,89,129,1.826870338246e-02,254,1
509,90,129,1.828662565937e-02,254,1
509,91,129,1.830034072882e-02,254,1
509,92,129,1.837434662998e-02,254,1
509,93,129,1.840388377279e-02,254,1
509,94,129,1.842131930645e-02,254,1
509,95,129,1.843623650962e-02,254,1
509,96,129,1.845053155346e-02,254,1
509,97,129,1.846209611593e-02,254,1
509,98,129,1.847636060752e-02,254,1
509,99,129,1.848904645108e-02,254,1
509,100,129,1.850294754159e-02,254,1
509,101,129,1.851601563162e-02,254,1
509,102,129,1.852755099708e-02,254,1
509,103,129,1.854159719315e-02,254,1
509,104,129,1.855203293020e-02,254,1
509,105,129,1.856130417314e-02,254,1
509,106,129,1.857218533572e-02,254,1
509,107,129,1.858665592945e-02,254,1
509,108,129,1.859700173127e-02,254,1
509,109,129,1.861144700551e-02,254,1
509,110,129,1.862065212496e-02,254,1
509,111,129,1.863047079891e-02,254,1
509,112,129,1.864277299662e-02,254,1
509,113,129,1.865089571844e-02,254,1
509,114,129,1.866424145591e-02,254,1
509,115,129,1.867464131794e-02,254,1
509,116,129,1.868552377763e-02,254,1
509,117,129,1.869775578372e-02,254,1
509,118,129,1.870609679119e-02,254,1
509,119,129,1.871672170675e-02,254,1
509,120,129,1.872521072364e-02,254,1
509,121,129,1.873351219359e-02,254,1
509,122,129,1.874036638065e-02,254,1
509,123,129,1.874744674529e-02,254,1
509,124,129,1.875493521583e-02,254,1
509,125,129,1.876208339093e-02,254,1
509,126,129,1.877046277598e-02,254,1
509,127,129,1.877793882738e-02,254,1
509,128,129,1.878429898668e-02,254,1
509,129,129,1.879194381358e-02,254,1
509,130,129,1.882871802997e-02,254,1
509,131,129,1.883872407113e-02,254,1
509,132,129,1.884591468775e-02,254,1
509,133,129,1.885470304106e-02,254,1
509,134,129,1.886056994953e-02,254,1
509,135,129,1.887172727061e-02,254,1
509,136,129,1.887924447927e-02,254,1
509,137,129,1.888532652297e-02,254,1
509,138,129,1.889266924704e-02,254,1
509,139,129,1.889900284125e-02,254,1
509,140,129,1.890471862097e-02,254,1
509,141,129,1.891139678217e-02,254,1
509,142,129,1.891757061914e-02,254,1
509,143,129,1.892291569201e-02,254,1
509,144,129,1.892847864961e-02,254,1
509,145,129,1.893636227452e-02,254,1
509,146,129,1.894193364716e-02,254,1
509,147,129,1.894967291242e-02,254,1
509,148,129,1.895555993288e-02,254,1
509,149,129,1.896402925180e-02,254,1
509,150,129,1.896946492928e-02,254,1
509,151,129,1.897420466164e-02,254,1
509,152,129,1.897905768034e-02,254,1
509,153,129,1.898379024584e-02,254,1
509,154,129,1.898934108897e-02,254,1
509,155,129,1.899896089097e-02,254,1
509,156,129,1.900415289053e-02,254,1
509,157,129,1.900898112628e-02,254,1
509,158,129,1.901354562367e-02,254,1
509,159,129,1.901835930453e-02,254,1
509,160,129,1.902344751977e-02,254,1
509,161,129,1.902819405698e-02,254,1
509,162,129,1.903266071416e-02,254,1
509,163,129,1.903688482683e-02,254,1
509,164,129,1.906147814299e-02,254,1
509,165,129,1.907013770898e-02,254,1
509,166,129,1.907605286738e-02,254,1
509,167,129,1.908210781590e-02,254,1
509,168,129,1.908640421310e-02,254,1
509,169,129,1.909079046495e-02,254,1
509,170,129,1.909472886208e-02,254,1
509,171,129,1.911555276746e-02,254,1
509,172,129,1.912089598746e-02,254,1
509,173,129,1.912488692484e-02,254,1
509,174,129,1.912854851272e-02,254,1
509,175,129,1.913260362151e-02,254,1
509,176,129,1.913603695548e-02,254,1
509,177,129,1.913930843905e-02,254,1
509,178,129,1.914295980534e-02,254,1
509,179,129,1.914721941424e-02,254,1
509,180,129,1.915079402442e-02,254,1
509,181,129,1.915573271220e-02,254,1
509,182,129,1.915935379520e-02,254,1
509,183,129,1.916649626645e-02,254,1
509,184,129,1.917176103396e-02,254,1
509,185,129,1.917553230022e-02,254,1
509,186,129,1.917886973981e-02,254,1
509,187,129,1.918382182263e-02,254,1
509,188,129,1.918740769894e-02,254,1
509,189,129,1.919204379007e-02,254,1
509,190,129,1.919517663458e-02,254,1
509,191,129,1.919904078678e-02,254,1
509,192,129,1.920515777458e-02,254,1
509,193,129,1.921045680201e-02,254,1
509,194,129,1.921385383295e-02,254,1
509,195,129,1.921746792822e-02,254,1
509,196,129,1.922071500041e-02,254,1
509,197,129,1.922493023417e-02,254,1
509,198,129,1.923422059386e-02,254,1
509,199,129,1.923842197890e-02,254,1
509,200,129,1.924160890355e-02,254,1
509,201,129,1.924516222065e-02,254,1
509,202,129,1.924922624303e-02,254,1
509,203,129,1.925190395488e-02,254,1
509,204,129,1.925518821913e-02,254,1
509,205,129,1.925790175959e-02,254,1
509,206,129,1.926078422773e-02,254,1
509,207,129,1.926464229513e-02,254,1
509,208,129,1.926721630848e-02,254,1
509,209,129,1.927075406227e-02,254,1
509,210,129,1.927317991530e-02,254,1
509,211,129,1.927583749373e-02,254,1
509,212,129,1.927819419380e-02,254,1
509,213,129,1.928100760061e-02,254,1
509,214,129,1.928317827718e-02,254,1
509,215,129,1.928569722822e-02,254,1
509,216,129,1.928799213509e-02,254,1
509,217,129,1.929143690923e-02,254,1
509,218,129,1.929402610190e-02,254,1
509,219,129,1.929672133669e-02,254,1
509,220,129,1.929898523010e-02,254,1
509,221,129,1.930329859310e-02,254,1
509,222,129,1.930575233136e-02,254,1
509,223,129,1.930835094129e-02,254,1
509,224,129,1.931468357719e-02,254,1
509,225,129,1.931732265424e-02,254,1
509,226,129,1.932226156432e-02,254,1
509,227,129,1.932464924425e-02,254,1
509,228,129,1.932703248096e-02,254,1
509,229,129,1.932927701433e-02,254,1
509,230,129,1.933131526950e-02,254,1
509,231,129,1.933349722476e-02,254,1
509,232,129,1.933602835110e-02,254,1
509,233,129,1.933809724669e-02,254,1
509,234,129,1.934052403407e-02,254,1
509,235,129,1.934277745845e-02,254,1
509,236,129,1.934622963338e-02,254,1
509,237,129,1.934844976890e-02,254,1
509,238,129,1.935283369417e-02,254,1
509,239,129,1.935587004010e-02,254,1
509,240,129,1.935816405503e-02,254,1
509,241,129,1.936024337121e-02,254,1
509,242,129,1.936246313570e-02,254,1
509,243,129,1.936539735388e-02,254,1
509,244,129,1.936758279097e-02,254,1
509,245,129,1.936971650329e-02,254,1
509,246,129,1.937161866452e-02,254,1
509,247,129,1.937350758384e-02,254,1
509,248,129,1.937544129787e-02,254,1
509,249,129,1.937763219313e-02,254,1
509,250,129,1.937936257986e-02,254,1
512,1,1,1.254985097354e-05,128,1
512,2,149,1.897014718508e-04,128,1
512,3,119,8.400790881700e-04,128,1
512,4,187,1.937072409192e-03,128,1
512,5,187,3.453106610260e-03,128,1
512,6,187,4.420225464905e-03,128,1
512,7,227,5.822960781207e-03,128,1
512,8,227,6.917576988066e-03,128,1
512,9,227,7.634822843634e-03,128,1
512,10,227,8.187197333512e-03,128,1
512,11,227,8.881816394695e-03,128,1
512,12,227,9.389223946056e-03,128,1
512,13,227,1.052402679594e-02,128,1
512,14,201,1.139348133395e-02,128,1
512,15,201,1.184267187336e-02,128,1
512,16,201,1.227353182162e-02,128,1
512,17,201,1.257559762512e-02,128,1
512,18,183,1.291764155952e-02,128,1
512,19,201,1.325696554462e-02,128,1
512,20,183,1.352822769873e-02,128,1
512,21,183,1.372065852854e-02,128,1
512,22,183,1.409665741594e-02,128,1
512,23,183,1.428780185600e-02,128,1
512,24,43,1.448066517281e-02,128,1
512,25,43,1.463205436922e-02,128,1
512,26,43,1.482580323404e-02,128,1
512,27,43,1.499823445590e-02,128,1
512,28,43,1.512398286845e-02,128,1
512,29,43,1.527227174924e-02,128,1
512,30,43,1.539487143157e-02,128,1
512,31,43,1.551138281261e-02,128,1
512,32,43,1.562348740491e-02,128,1
512,33,43,1.572210407405e-02,128,1
512,34,43,1.602975014600e-02,128,1
512,35,43,1.615983279664e-02,128,1
512,36,43,1.625809970854e-02,128,1
512,37,43,1.634936963263e-02,128,1
512,38,43,1.641654788865e-02,128,1
512,39,43,1.649180485635e-02,128,1
512,40,43,1.656793004553e-02,128,1
512,41,43,1.663022638626e-02,128,1
512,42,43,1.669139716470e-02,128,1
512,43,43,1.675086089920e-02,128,1
512,44,43,1.681298282930e-02,128,1
512,45,43,1.687269399081e-02,128,1
512,46,43,1.692483592886e-02,128,1
512,47,43,1.698270904019e-02,128,1
512,48,43,1.703503980644e-02,128,1
512,49,43,1.707767146547e-02,128,1
512,50,43,1.716497052126e-02,128,1
512,51,43,1.721451645267e-02,128,1
512,52,43,1.726147480213e-02,128,1
512,53,43,1.731584430685e-02,128,1
512,54,43,1.734834403437e-02,128,1
512,55,43,1.738576073314e-02,128,1
512,56,43,1.743455110020e-02,128,1
512,57,43,1.746481335247e-02,128,1
512,58,43,1.750327320772e-02,128,1
512,59,43,1.754248950462e-02,128,1
512,60,43,1.758425729532e-02,128,1
512,61,43,1.761439631654e-02,128,1
512,62,43,1.765555801004e-02,128,1
512,63,43,1.768669512893e-02,128,1
512,64,43,1.771192928103e-02,128,1
512,65,43,1.776657674606e-02,128,1
512,66,43,1.779863951111e-02,128,1
512,67,43,1.782996244222e-02,128,1
512,68,43,1.785409093457e-02,128,1
512,69,43,1.787779476164e-02,128,1
512,70,43,1.789997261303e-02,128,1
512,71,43,1.792262752498e-02,128,1
512,72,43,1.794084437361e-02,128,1
512,73,43,1.796295583953e-02,128,1
512,74,43,1.798142019303e-02,128,1
512,75,43,1.800640358446e-02,128,1
512,76,43,1.802706004930e-02,128,1
512,77,43,1.804563599256e-02,128,1
512,78,43,1.807136664471e-02,128,1
512,79,43,1.809503223878e-02,128,1
512,80,43,1.811247539609e-02,128,1
512,81,43,1.812915183425e-02,128,1
512,82,43,1.814983650674e-02,128,1
512,83,43,1.816572668112e-02,128,1
512,84,43,1.819609167475e-02,128,1
512,85,43,1.821971825095e-02,128,1
512,86,43,1.823470220140e-02,128,1
512,87,43,1.826361515533e-02,128,1
512,88,43,1.827849382895e-02,128,1
512,89,43,1.829260291760e-02,128,1
512,90,43,1.830875452867e-02,128,1
512,91,43,1.832506433344e-02,128,1
512,92,43,1.834380297466e-02,128,1
512,93,43,1.835869766838e-02,128,1
512,94,43,1.837128943662e-02,128,1
512,95,43,1.838325186959e-02,128,1
512,96,43,1.841881531377e-02,128,1
512,97,43,1.843571812853e-02,128,1
512,98,43,1.846191570610e-02,128,1
512,99,43,1.847685793047e-02,128,1
512,100,43,1.848857292211e-02,128,1
512,101,43,1.850007311724e-02,128,1
512,102,43,1.851676333332e-02,128,1
512,103,43,1.852784372161e-02,128,1
512,104,43,1.854050802545e-02,128,1
512,105,43,1.854951630062e-02,128,1
512,106,43,1.856102651350e-02,128,1
512,107,43,1.856991596165e-02,128,1
512,108,43,1.858607765139e-02,128,1
512,109,43,1.859785391888e-02,128,1
512,110,43,1.860774576708e-02,128,1
512,111,43,1.862328821666e-02,128,1
512,112,43,1.863323450916e-02,128,1
512,113,43,1.864430267518e-02,128,1
512,114,43,1.866218749186e-02,128,1
512,115,43,1.867084014435e-02,128,1
512,116,43,1.867943887723e-02,128,1
512,117,43,1.868813466876e-02,128,1
512,118,43,1.869658397870e-02,128,1
512,119,43,1.871184807816e-02,128,1
512,120,43,1.872834997954e-02,128,1
512,121,43,1.873662233379e-02,128,1
512,122,43,1.874617234287e-02,128,1
512,123,43,1.875542346959e-02,128,1
512,124,43,1.876279344027e-02,128,1
512,125,43,1.876961429942e-02,128,1
512,126,43,1.877648549524e-02,128,1
512,127,43,1.878252680774e-02,128,1
512,128,43,1.878910646606e-02,128,1
512,129,43,1.892345245279e-02,128,1
512,130,43,1.896066599440e-02,128,1
512,131,43,1.898062333805e-02,128,1
512,132,43,1.899394353004e-02,128,1
512,133,43,1.900409164807e-02,128,1
512,134,43,1.901294775328e-02,128,1
512,135,43,1.902242729313e-02,128,1
512,136,43,1.903069197021e-02,128,1
512,137,43,1.903779343123e-02,128,1
512,138,43,1.904445569129e-02,128,1
512,139,43,1.905108501586e-02,128,1
512,140,43,1.905742574805e-02,128,1
512,141,43,1.906374885592e-02,128,1
512,142,43,1.907029380635e-02,128,1
512,143,43,1.907590144636e-02,128,1
512,144,43,1.908236304284e-02,128,1
512,145,43,1.908775209930e-02,128,1
512,146,43,1.909353321605e-02,128,1
512,147,43,1.910076400344e-02,128,1
512,148,43,1.910614676852e-02,128,1
512,149,43,1.911122710669e-02,128,1
512,150,43,1.911948855729e-02,128,1
512,151,43,1.912488962225e-02,128,1
512,152,43,1.913039500521e-02,128,1
512,153,43,1.913528356976e-02,128,1
512,154,43,1.914162781110e-02,128,1
512,155,43,1.914762330625e-02,128,1
512,156,43,1.915240931790e-02,128,1
512,157,43,1.915815539614e-02,128,1
512,158,43,1.916320907681e-02,128,1
512,159,43,1.916824336317e-02,128,1
512,160,43,1.917330954077e-02,128,1
512,161,43,1.917801194252e-02,128,1
512,162,43,1.919211943273e-02,128,1
512,163,43,1.919860851111e-02,128,1
512,164,43,1.920380863952e-02,128,1
512,165,43,1.920885727805e-02,128,1
512,166,43,1.921280230927e-02,128,1
512,167,43,1.921732308626e-02,128,1
512,168,43,1.922203000853e-02,128,1
512,169,43,1.922606869676e-02,128,1
512,170,43,1.923016534572e-02,128,1
512,171,43,1.923426890569e-02,128,1
512,172,43,1.923865670441e-02,128,1
512,173,43,1.924301734175e-02,128,1
512,174,43,1.924696954898e-02,128,1
512,175,43,1.925143114408e-02,128,1
512,176,43,1.925560920295e-02,128,1
512,177,43,1.925914658881e-02,128,1
512,178,43,1.926629575632e-02,128,1
512,179,43,1.927056616317e-02,128,1
512,180,43,1.927473213627e-02,128,1
512,181,43,1.927962488986e-02,128,1
512,182,43,1.928271273496e-02,128,1
512,183,43,1.928631053913e-02,128,1
512,184,43,1.929103913452e-02,128,1
512,185,43,1.929411700071e-02,128,1
512,186,43,1.929805128181e-02,128,1
512,187,43,1.930215019329e-02,128,1
512,188,43,1.930659360628e-02,128,1
512,189,43,1.930990792415e-02,128,1
512,190,43,1.931446602569e-02,128,1
512,191,43,1.931801948521e-02,128,1
512,192,43,1.932098437391e-02,128,1
512,193,43,1.932734663392e-02,128,1
512,194,43,1.933120686784e-02,128,1
512,195,43,1.933504935450e-02,128,1
512,196,43,1.933809831756e-02,128,1
512,197,43,1.934114354738e-02,128,1
512,198,43,1.934404855276e-02,128,1
512,199,43,1.934706265631e-02,128,1
512,200,43,1.934954941518e-02,128,1
512,201,43,1.935258760145e-02,128,1
512,202,43,1.935518541431e-02,128,1
512,203,43,1.935871276597e-02,128,1
512,204,43,1.936169141013e-02,128,1
512,205,43,1.936442095677e-02,128,1
512,206,43,1.936821842599e-02,128,1
512,207,43,1.937176888452e-02,128,1
512,208,43,1.937445072343e-02,128,1
512,209,43,1.937705359379e-02,128,1
512,210,43,1.938030086569e-02,128,1
512,211,43,1.938285309241e-02,128,1
512,212,43,1.938771289693e-02,128,1
512,213,43,1.939156543168e-02,128,1
512,214,43,1.939407127363e-02,128,1
512,215,43,1.939889061863e-02,128,1
512,216,43,1.940144212465e-02,128,1
512,217,43,1.940389447030e-02,128,1
512,218,43,1.940672589438e-02,128,1
512,219,43,1.940961757865e-02,128,1
512,220,43,1.941296798838e-02,128,1
512,221,43,1.941567757234e-02,128,1
512,222,43,1.941800564049e-02,128,1
512,223,43,1.942024505483e-02,128,1
512,224,43,1.942684436795e-02,128,1
512,225,43,1.943005166116e-02,128,1
512,226,43,1.943504105356e-02,128,1
512,227,43,1.943794537798e-02,128,1
512,228,43,1.944025978826e-02,128,1
512,229,43,1.944255628049e-02,128,1
512,230,43,1.944589673333e-02,128,1
512,231,43,1.944815646358e-02,128,1
512,232,43,1.945075751514e-02,128,1
512,233,43,1.945264016255e-02,128,1
512,234,43,1.945505553336e-02,128,1
512,235,43,1.945694980128e-02,128,1
512,236,43,1.946038515092e-02,128,1
512,237,43,1.946292571924e-02,128,1
512,238,43,1.946508718540e-02,128,1
512,239,43,1.946848727092e-02,128,1
512,240,43,1.947069986185e-02,128,1
512,241,43,1.947317880674e-02,128,1
512,242,43,1.947719264980e-02,128,1
512,243,43,1.947917364108e-02,128,1
512,244,43,1.948115968696e-02,128,1
512,245,43,1.948318450725e-02,128,1
512,246,43,1.948516943320e-02,128,1
512,247,43,1.948875227574e-02,128,1
512,248,43,1.949265529083e-02,128,1
512,249,43,1.949464722083e-02,128,1
512,250,43,1.949695921265e-02,128,1
997,1,1,3.309696525289e-06,498,1
997,2,292,5.216388984564e-05,498,1
997,3,377,2.781174812245e-04,498,1
997,4,424,7.311778635721e-04,498,1
997,5,127,1.210811699054e-03,498,1
997,6,235,1.721485875351e-03,498,1
997,7,235,2.123542329054e-03,498,1
997,8,235,2.498404293277e-03,498,1
997,9,235,2.818469299901e-03,498,1
997,10,93,3.597311570404e-03,498,1
997,11,93,3.914313203440e-03,498,1
997,12,93,4.211977236917e-03,498,1
997,13,93,4.466205422063e-03,498,1
997,14,93,4.658029452271e-03,498,1
997,15,47,4.887043000828e-03,498,1
997,16,47,5.039697918176e-03,498,1
997,17,47,5.183615381626e-03,498,1
997,18,47,5.312082132435e-03,498,1
997,19,47,5.529854905806e-03,498,1
997,20,47,5.645271498947e-03,498,1
997,21,47,5.778148069966e-03,498,1
997,22,47,5.924526296361e-03,498,1
997,23,47,6.053089936377e-03,498,1
997,24,47,6.137248484002e-03,498,1
997,25,47,6.227034484855e-03,498,1
997,26,47,6.316757459089e-03,498,1
997,27,47,6.386628544735e-03,498,1
997,28,47,6.443901447169e-03,498,1
997,29,47,6.507760228769e-03,498,1
997,30,47,6.566945725074e-03,498,1
997,31,47,6.617488881584e-03,498,1
997,32,47,6.664816622389e-03,498,1
997,33,47,6.712208661842e-03,498,1
997,34,47,6.854187363841e-03,498,1
997,35,47,6.924804076416e-03,498,1
997,36,47,6.965092847663e-03,498,1
997,37,47,7.000956175104e-03,498,1
997,38,47,7.050559363748e-03,498,1
997,39,47,7.090473368490e-03,498,1
997,40,47,7.154760216811e-03,498,1
997,41,47,7.195469625574e-03,498,1
997,42,47,7.230804915911e-03,498,1
997,43,47,7.257041752646e-03,498,1
997,44,487,7.410660780840e-03,498,1
997,45,487,7.431501259585e-03,498,1
997,46,487,7.459141038406e-03,498,1
997,47,487,7.503541663948e-03,498,1
997,48,487,7.524908858095e-03,498,1
997,49,487,7.562798751920e-03,498,1
997,50,487,7.587293048769e-03,498,1
997,51,487,7.610454916975e-03,498,1
997,52,487,7.629649365587e-03,498,1
997,53,487,7.649333301752e-03,498,1
997,54,487,7.680576370142e-03,498,1
997,55,487,7.703179892769e-03,498,1
997,56,487,7.723921797482e-03,498,1
997,57,487,7.739212762052e-03,498,1
997,58,487,7.756302367740e-03,498,1
997,59,487,7.774667194483e-03,498,1
997,60,487,7.791721944547e-03,498,1
997,61,487,7.818238690019e-03,498,1
997,62,487,7.832753991275e-03,498,1
997,63,487,7.845763964295e-03,498,1
997,64,487,7.860433874023e-03,498,1
997,65,487,7.870876841162e-03,498,1
997,66,487,7.882760573392e-03,498,1
997,67,487,7.899717583549e-03,498,1
997,68,487,7.916662367081e-03,498,1
997,69,487,7.926584217083e-03,498,1
997,70,487,7.942731779386e-03,498,1
997,71,487,7.952824399344e-03,498,1
997,72,487,7.964762490546e-03,498,1
997,73,487,7.977130692226e-03,498,1
997,74,487,7.986298855159e-03,498,1
997,75,487,7.999201154624e-03,498,1
997,76,487,8.010174282482e-03,498,1
997,77,487,8.019255436142e-03,498,1
997,78,487,8.036463990390e-03,498,1
997,79,487,8.048682653678e-03,498,1
997,80,487,8.058146766229e-03,498,1
997,81,487,8.066081795100e-03,498,1
997,82,487,8.076405592271e-03,498,1
997,83,487,8.085798972675e-03,498,1
997,84,487,8.094536258396e-03,498,1
997,85,487,8.104153758720e-03,498,1
997,86,487,8.110752395611e-03,498,1
997,87,487,8.116873338963e-03,498,1
997,88,487,8.128477188611e-03,498,1
997,89,487,8.137117143185e-03,498,1
997,90,487,8.144205534365e-03,498,1
997,91,487,8.150072638712e-03,498,1
997,92,487,8.156827288926e-03,498,1
997,93,487,8.163287827534e-03,498,1
997,94,487,8.169200849246e-03,498,1
997,95,487,8.174306097847e-03,498,1
997,96,487,8.185139039975e-03,498,1
997,97,487,8.204718326167e-03,498,1
997,98,487,8.212380366106e-03,498,1
997,99,487,8.219430954956e-03,498,1
997,100,487,8.225704655087e-03,498,1
997,101,487,8.231577651556e-03,498,1
997,102,487,8.237350987493e-03,498,1
997,103,487,8.242467749904e-03,498,1
997,104,487,8.246806350074e-03,498,1
997,105,487,8.250984084125e-03,498,1
997,106,487,8.255709419121e-03,498,1
997,107,487,8.260250976559e-03,498,1
997,108,487,8.264245723179e-03,498,1
997,109,487,8.279036145780e-03,498,1
997,110,487,8.292133456449e-03,498,1
997,111,487,8.297817044872e-03,498,1
997,112,487,8.303035665324e-03,498,1
997,113,487,8.307240066644e-03,498,1
997,114,487,8.311400125664e-03,498,1
997,115,487,8.315570736942e-03,498,1
997,116,487,8.320686585063e-03,498,1
997,117,487,8.324747426474e-03,498,1
997,118,487,8.329841302481e-03,498,1
997,119,487,8.333858858454e-03,498,1
997,120,487,8.337482820991e-03,498,1
997,121,487,8.340909564585e-03,498,1
997,122,487,8.345403982934e-03,498,1
997,123,487,8.349098487464e-03,498,1
997,124,487,8.357045044162e-03,498,1
997,125,487,8.362021412236e-03,498,1
997,126,487,8.365518720255e-03,498,1
997,127,487,8.368602613520e-03,498,1
997,128,487,8.372855900968e-03,498,1
997,129,487,8.376105542347e-03,498,1
997,130,487,8.380614839068e-03,498,1
997,131,487,8.383946306735e-03,498,1
997,132,487,8.386877323681e-03,498,1
997,133,487,8.391371520902e-03,498,1
997,134,487,8.395733264317e-03,498,1
997,135,487,8.399382342299e-03,498,1
997,136,487,8.403011626809e-03,498,1
997,137,487,8.406644592196e-03,498,1
997,138,487,8.409503249627e-03,498,1
997,139,487,8.413323663591e-03,498,1
997,140,487,8.419428411856e-03,498,1
997,141,487,8.422849275584e-03,498,1
997,142,487,8.425678897098e-03,498,1
997,143,487,8.428632214502e-03,498,1
997,144,487,8.432616677413e-03,498,1
997,145,487,8.435094837966e-03,498,1
997,146,487,8.439013706049e-03,498,1
997,147,487,8.441451330264e-03,498,1
997,148,487,8.444791425610e-03,498,1
997,149,487,8.447102800229e-03,498,1
997,150,487,8.450619050693e-03,498,1
997,151,487,8.454140010123e-03,498,1
997,152,487,8.456732028823e-03,498,1
997,153,487,8.458812109093e-03,498,1
997,154,487,8.461404864878e-03,498,1
997,155,487,8.463768583526e-03,498,1
997,156,487,8.466977130613e-03,498,1
997,157,487,8.469119739539e-03,498,1
997,158,487,8.471836067568e-03,498,1
997,159,487,8.473768900845e-03,498,1
997,160,487,8.475618067419e-03,498,1
997,161,487,8.477521148212e-03,498,1
997,162,487,8.479894124826e-03,498,1
997,163,487,8.484504164316e-03,498,1
997,164,487,8.486505411753e-03,498,1
997,165,487,8.488691044152e-03,498,1
997,166,487,8.491089860454e-03,498,1
997,167,487,8.493093992444e-03,498,1
997,168,487,8.495607480493e-03,498,1
997,169,487,8.497502082859e-03,498,1
997,170,487,8.499228043680e-03,498,1
997,171,487,8.505070960008e-03,498,1
997,172,487,8.507308328383e-03,498,1
997,173,487,8.509758520374e-03,498,1
997,174,487,8.511655900652e-03,498,1
997,175,487,8.513309488278e-03,498,1
997,176,487,8.514767178181e-03,498,1
997,177,487,8.532243543729e-03,498,1
997,178,487,8.535387192807e-03,498,1
997,179,487,8.538159085754e-03,498,1
997,180,487,8.540899425780e-03,498,1
997,181,487,8.549872447418e-03,498,1
997,182,487,8.553141876832e-03,498,1
997,183,487,8.555793563856e-03,498,1
997,184,487,8.557746442660e-03,498,1
997,185,487,8.560030059061e-03,498,1
997,186,487,8.561794418730e-03,498,1
997,187,487,8.563628757617e-03,498,1
997,188,487,8.568590687626e-03,498,1
997,189,487,8.570362152376e-03,498,1
997,190,487,8.571890690688e-03,498,1
997,191,487,8.573462216555e-03,498,1
997,192,487,8.574859580001e-03,498,1
997,193,487,8.576117029621e-03,498,1
997,194,487,8.578799246519e-03,498,1
997,195,487,8.580154824055e-03,498,1
997,196,487,8.595289181781e-03,498,1
997,197,487,8.599946986057e-03,498,1
997,198,487,8.602587978798e-03,498,1
997,199,487,8.604964287676e-03,498,1
997,200,487,8.606812234611e-03,498,1
997,201,487,8.608328187282e-03,498,1
997,202,487,8.610439679955e-03,498,1
997,203,487,8.612250023226e-03,498,1
997,204,487,8.613848174278e-03,498,1
997,205,487,8.615297418794e-03,498,1
997,206,487,8.617365707158e-03,498,1
997,207,487,8.618724692304e-03,498,1
997,208,487,8.620651165551e-03,498,1
997,209,487,8.622060216847e-03,498,1
997,210,487,8.623259768412e-03,498,1
997,211,487,8.625261261461e-03,498,1
997,212,487,8.626581402675e-03,498,1
997,213,487,8.627730563573e-03,498,1
997,214,487,8.628809080522e-03,498,1
997,215,487,8.629953851146e-03,498,1
997,216,487,8.632145561634e-03,498,1
997,217,487,8.633541162013e-03,498,1
997,218,487,8.634668432083e-03,498,1
997,219,487,8.635949966761e-03,498,1
997,220,487,8.637589114346e-03,498,1
997,221,487,8.638882512406e-03,498,1
997,222,487,8.639993178106e-03,498,1
997,223,487,8.641192239534e-03,498,1
997,224,487,8.642698980891e-03,498,1
997,225,487,8.643865751273e-03,498,1
997,226,487,8.644944183656e-03,498,1
997,227,487,8.646201877819e-03,498,1
997,228,487,8.647231906436e-03,498,1
997,229,487,8.648222109477e-03,498,1
997,230,487,8.649197483378e-03,498,1
997,231,487,8.650115228237e-03,498,1
997,232,487,8.651097054810e-03,498,1
997,233,487,8.653163393932e-03,498,1
997,234,487,8.654239876974e-03,498,1
997,235,487,8.655246611716e-03,498,1
997,236,487,8.656330268384e-03,498,1
997,237,487,8.657760157885e-03,498,1
997,238,487,8.658780716629e-03,498,1
997,239,487,8.659892050425e-03,498,1
997,240,487,8.660779720015e-03,498,1
997,241,487,8.662408576679e-03,498,1
997,242,487,8.663578943186e-03,498,1
997,243,487,8.664515748066e-03,498,1
997,244,487,8.666814631733e-03,498,1
997,245,487,8.668176721443e-03,498,1
997,246,487,8.669209486048e-03,498,1
997,247,487,8.670217034835e-03,498,1
997,248,487,8.671389258399e-03,498,1
997,249,487,8.672364672051e-03,498,1
997,250,487,8.673267861613e-03,498,1
1021,1,1,3.155927418064e-06,510,1
1021,2,374,5.095585401826e-05,510,1
1021,3,223,2.752755528317e-04,510,1
1021,4,223,6.183324595699e-04,510,1
1021,5,223,1.147848416147e-03,510,1
1021,6,223,1.594928785934e-03,510,1
1021,7,223,2.076888417138e-03,510,1
1021,8,346,2.677519846000e-03,510,1
1021,9,208,3.105039376736e-03,510,1
1021,10,208,3.383752059742e-03,510,1
1021,11,346,3.710523905750e-03,510,1
1021,12,481,4.026318301898e-03,510,1
1021,13,228,4.207555525668e-03,510,1
1021,14,228,4.441198378823e-03,510,1
1021,15,228,4.602903811543e-03,510,1
1021,16,228,4.814987731634e-03,510,1
1021,17,228,4.969180972986e-03,510,1
1021,18,455,5.162361983163e-03,510,1
1021,19,455,5.291595977201e-03,510,1
1021,20,228,5.411398969142e-03,510,1
1021,21,455,5.506907349091e-03,510,1
1021,22,455,5.590250287357e-03,510,1
1021,23,455,5.664650738347e-03,510,1
1021,24,455,5.751832830370e-03,510,1
1021,25,455,5.824745014577e-03,510,1
1021,26,455,5.881013944859e-03,510,1
1021,27,455,5.964113060398e-03,510,1
1021,28,455,6.043516338605e-03,510,1
1021,29,455,6.103891596132e-03,510,1
1021,30,455,6.158317537994e-03,510,1
1021,31,455,6.210368580569e-03,510,1
1021,32,455,6.263624486996e-03,510,1
1021,33,455,6.326134942513e-03,510,1
1021,34,455,6.374154651173e-03,510,1
1021,35,455,6.453746641064e-03,510,1
1021,36,455,6.490064488511e-03,510,1
1021,37,455,6.529487303573e-03,510,1
1021,38,455,6.571257949759e-03,510,1
1021,39,455,6.605992498292e-03,510,1
1021,40,455,6.632706028702e-03,510,1
1021,41,455,6.687501431143e-03,510,1
1021,42,455,6.718061125922e-03,510,1
1021,43,455,6.741278416760e-03,510,1
1021,44,455,6.772184293894e-03,510,1
1021,45,455,6.793625389194e-03,510,1
1021,46,455,6.825500755443e-03,510,1
1021,47,455,6.856038856393e-03,510,1
1021,48,455,6.886186036954e-03,510,1
1021,49,455,6.905734382747e-03,510,1
1021,50,455,6.930572522172e-03,510,1
1021,51,455,6.952809595673e-03,510,1
1021,52,455,6.989615500072e-03,510,1
1021,53,455,7.015021336868e-03,510,1
1021,54,455,7.031328875746e-03,510,1
1021,55,455,7.047002984223e-03,510,1
1021,56,455,7.078229835806e-03,510,1
1021,57,455,7.094540839857e-03,510,1
1021,58,455,7.117129577711e-03,510,1
1021,59,455,7.132466522440e-03,510,1
1021,60,455,7.153779696691e-03,510,1
1021,61,455,7.170487997924e-03,510,1
1021,62,455,7.181253303209e-03,510,1
1021,63,455,7.222750893066e-03,510,1
1021,64,455,7.236808267242e-03,510,1
1021,65,455,7.250273390777e-03,510,1
1021,66,455,7.263308839264e-03,510,1
1021,67,455,7.279129239507e-03,510,1
1021,68,455,7.291505804027e-03,510,1
1021,69,455,7.301349557377e-03,510,1
1021,70,455,7.311603390474e-03,510,1
1021,71,455,7.327174944564e-03,510,1
1021,72,455,7.338544233636e-03,510,1
1021,73,455,7.351260704800e-03,510,1
1021,74,455,7.360873924718e-03,510,1
1021,75,455,7.372518358962e-03,510,1
1021,76,455,7.408067073374e-03,510,1
1021,77,455,7.419227622087e-03,510,1
1021,78,455,7.429055925857e-03,510,1
1021,79,455,7.441757874607e-03,510,1
1021,80,455,7.449305571047e-03,510,1
1021,81,455,7.457161326217e-03,510,1
1021,82,455,7.467893292947e-03,510,1
1021,83,455,7.475481460312e-03,510,1
1021,84,455,7.484634206422e-03,510,1
1021,85,455,7.511513318124e-03,510,1
1021,86,455,7.521825620827e-03,510,1
1021,87,455,7.533157630118e-03,510,1
1021,88,455,7.542251244792e-03,510,1
1021,89,455,7.549228606875e-03,510,1
1021,90,455,7.555510279492e-03,510,1
1021,91,455,7.589336797790e-03,510,1
1021,92,455,7.602141189741e-03,510,1
1021,93,455,7.610452656631e-03,510,1
1021,94,455,7.617515563340e-03,510,1
1021,95,455,7.625461403979e-03,510,1
1021,96,455,7.632631010223e-03,510,1
1021,97,455,7.638515070164e-03,510,1
1021,98,455,7.645649465882e-03,510,1
1021,99,455,7.651499605815e-03,510,1
1021,100,455,7.657047107735e-03,510,1
1021,101,455,7.662592451365e-03,510,1
1021,102,455,7.667425224876e-03,510,1
1021,103,455,7.672191982154e-03,510,1
1021,104,455,7.677711964709e-03,510,1
1021,105,455,7.682269386750e-03,510,1
1021,106,455,7.688206685342e-03,510,1
1021,107,455,7.693369176876e-03,510,1
1021,108,455,7.698304889239e-03,510,1
1021,109,455,7.704530262819e-03,510,1
1021,110,455,7.709984004689e-03,510,1
1021,111,455,7.714323948321e-03,510,1
1021,112,455,7.718645692536e-03,510,1
1021,113,455,7.723546377762e-03,510,1
1021,114,455,7.727536585153e-03,510,1
1021,115,455,7.732073674580e-03,510,1
1021,116,455,7.739156146855e-03,510,1
1021,117,455,7.743819414092e-03,510,1
1021,118,455,7.747450617131e-03,510,1
1021,119,455,7.751312619890e-03,510,1
1021,120,455,7.755629510239e-03,510,1
1021,121,455,7.759617006967e-03,510,1
1021,122,455,7.764973626454e-03,510,1
1021,123,455,7.773938073788e-03,510,1
1021,124,455,7.778841242000e-03,510,1
1021,125,455,7.814592976575e-03,510,1
1021,126,455,7.821054745961e-03,510,1
1021,127,455,7.824772185498e-03,510,1
1021,128,455,7.827900931460e-03,510,1
1021,129,455,7.831112048053e-03,510,1
1021,130,455,7.834489887455e-03,510,1
1021,131,455,7.837429038508e-03,510,1
1021,132,455,7.841924720613e-03,510,1
1021,133,455,7.845675520649e-03,510,1
1021,134,455,7.853148778494e-03,510,1
1021,135,455,7.857239951100e-03,510,1
1021,136,455,7.860277021089e-03,510,1
1021,137,455,7.863352331883e-03,510,1
1021,138,455,7.866049876459e-03,510,1
1021,139,455,7.868810415570e-03,510,1
1021,140,455,7.872041094681e-03,510,1
1021,141,455,7.874769908477e-03,510,1
1021,142,455,7.878618786096e-03,510,1
1021,143,455,7.882278578721e-03,510,1
1021,144,455,7.884728251663e-03,510,1
1021,145,455,7.887474016221e-03,510,1
1021,146,455,7.890578316845e-03,510,1
1021,147,455,7.893136833157e-03,510,1
1021,148,455,7.895704124357e-03,510,1
1021,149,455,7.897896588356e-03,510,1
1021,150,455,7.900517591823e-03,510,1
1021,151,455,7.904386085920e-03,510,1
1021,152,455,7.906717472596e-03,510,1
1021,153,455,7.909214171522e-03,510,1
1021,154,455,7.912243979208e-03,510,1
1021,155,455,7.914714258896e-03,510,1
1021,156,455,7.917852759402e-03,510,1
1021,157,455,7.920027965893e-03,510,1
1021,158,455,7.922125424088e-03,510,1
1021,159,455,7.924351986458e-03,510,1
1021,160,455,7.927124058202e-03,510,1
1021,161,455,7.929647070080e-03,510,1
1021,162,455,7.931517184772e-03,510,1
1021,163,455,7.935220382884e-03,510,1
1021,164,455,7.937469934979e-03,510,1
1021,165,455,7.939590367307e-03,510,1
1021,166,455,7.949950114411e-03,510,1
1021,167,455,7.954004658641e-03,510,1
1021,168,455,7.956769268352e-03,510,1
1021,169,455,7.959472785143e-03,510,1
1021,170,455,7.961505127216e-03,510,1
1021,171,455,7.963366448607e-03,510,1
1021,172,455,7.969540276951e-03,510,1
1021,173,455,7.972532352027e-03,510,1
1021,174,455,7.974942806216e-03,510,1
1021,175,455,7.977439844083e-03,510,1
1021,176,455,7.979358205949e-03,510,1
1021,177,455,7.981466286694e-03,510,1
1021,178,455,7.983286418513e-03,510,1
1021,179,455,7.985156203496e-03,510,1
1021,180,455,7.987157399150e-03,510,1
1021,181,455,7.989595012928e-03,510,1
1021,182,455,7.993094239592e-03,510,1
1021,183,455,7.994906956358e-03,510,1
1021,184,455,7.997018701406e-03,510,1
1021,185,455,7.998844850744e-03,510,1
1021,186,455,8.000160418115e-03,510,1
1021,187,455,8.002191423039e-03,510,1
1021,188,455,8.003633733475e-03,510,1
1021,189,455,8.004982621129e-03,510,1
1021,190,455,8.007013996715e-03,510,1
1021,191,455,8.008515179460e-03,510,1
1021,192,455,8.010082338439e-03,510,1
1021,193,455,8.011418023749e-03,510,1
1021,194,455,8.014040516786e-03,510,1
1021,195,455,8.015504972539e-03,510,1
1021,196,455,8.017049092803e-03,510,1
1021,197,455,8.018228609958e-03,510,1
1021,198,455,8.019580355362e-03,510,1
1021,199,455,8.026401549371e-03,510,1
1021,200,455,8.029926236338e-03,510,1
1021,201,455,8.031724027316e-03,510,1
1021,202,455,8.033029014578e-03,510,1
1021,203,455,8.034950968329e-03,510,1
1021,204,455,8.036389107716e-03,510,1
1021,205,455,8.037875232814e-03,510,1
1021,206,455,8.039415563996e-03,510,1
1021,207,455,8.040744883986e-03,510,1
1021,208,455,8.041896702861e-03,510,1
1021,209,455,8.043912862232e-03,510,1
1021,210,455,8.045151693763e-03,510,1
1021,211,455,8.046267651169e-03,510,1
1021,212,455,8.047366926542e-03,510,1
1021,213,455,8.048651147526e-03,510,1
1021,214,455,8.049978118893e-03,510,1
1021,215,455,8.051444617590e-03,510,1
1021,216,455,8.052571982478e-03,510,1
1021,217,455,8.053802892744e-03,510,1
1021,218,455,8.055443011326e-03,510,1
1021,219,455,8.056512728420e-03,510,1
1021,220,455,8.057556244224e-03,510,1
1021,221,455,8.058720497285e-03,510,1
1021,222,455,8.060348216063e-03,510,1
1021,223,455,8.061487387205e-03,510,1
1021,224,455,8.062752601287e-03,510,1
1021,225,455,8.063921620138e-03,510,1
1021,226,455,8.065143382003e-03,510,1
1021,227,455,8.066368862631e-03,510,1
1021,228,455,8.067547739182e-03,510,1
1021,229,455,8.068618071671e-03,510,1
1021,230,455,8.069653993877e-03,510,1
1021,231,455,8.070763904662e-03,510,1
1021,232,455,8.072277494463e-03,510,1
1021,233,455,8.073296932236e-03,510,1
1021,234,455,8.074253442857e-03,510,1
1021,235,455,8.075190759341e-03,510,1
1021,236,455,8.076327250413e-03,510,1
1021,237,455,8.077347187015e-03,510,1
1021,238,455,8.078629933204e-03,510,1
1021,239,455,8.079542031464e-03,510,1
1021,240,455,8.080468812418e-03,510,1
1021,241,455,8.081538214927e-03,510,1
1021,242,455,8.082377640822e-03,510,1
1021,243,455,8.083277019296e-03,510,1
1021,244,455,8.084483066494e-03,510,1
1021,245,455,8.085786587824e-03,510,1
1021,246,455,8.086573943025e-03,510,1
1021,247,455,8.088168317529e-03,510,1
1021,248,455,8.089043570869e-03,510,1
1021,249,455,8.090033655018e-03,510,1
1021,250,455,8.091303656707e-03,510,1
1024,1,1,3.137462743386e-06,256,1
1024,2,275,5.123284633246e-05,256,1
1024,3,185,2.728260594551e-04,256,1
1024,4,399,6.740541816430e-04,256,1
1024,5,131,1.124661314611e-03,256,1
1024,6,389,1.794172672710e-03,256,1
1024,7,469,2.324810206229e-03,256,1
1024,8,43,2.817390688797e-03,256,1
1024,9,43,3.160428826725e-03,256,1
1024,10,43,3.462314568803e-03,256,1
1024,11,43,3.725300524439e-03,256,1
1024,12,43,3.938959195413e-03,256,1
1024,13,43,4.163957536289e-03,256,1
1024,14,43,4.397321657732e-03,256,1
1024,15,43,4.571205183643e-03,256,1
1024,16,43,4.788502100271e-03,256,1
1024,17,43,4.943662868792e-03,256,1
1024,18,43,5.102943857848e-03,256,1
1024,19,43,5.244672740903e-03,256,1
1024,20,43,5.361907195756e-03,256,1
1024,21,43,5.453025268298e-03,256,1
1024,22,469,5.669179308348e-03,256,1
1024,23,469,5.741534604421e-03,256,1
1024,24,469,5.814435513391e-03,256,1
1024,25,469,5.888756186177e-03,256,1
1024,26,469,6.017331277762e-03,256,1
1024,27,469,6.127269884318e-03,256,1
1024,28,469,6.199618864433e-03,256,1
1024,29,469,6.263927097236e-03,256,1
1024,30,469,6.317151766751e-03,256,1
1024,31,469,6.383314169567e-03,256,1
1024,32,469,6.442378002679e-03,256,1
1024,33,469,6.490526619129e-03,256,1
1024,34,227,6.606483742165e-03,256,1
1024,35,43,6.653150944975e-03,256,1
1024,36,227,6.693780225606e-03,256,1
1024,37,43,6.735712473361e-03,256,1
1024,38,43,6.767713158977e-03,256,1
1024,39,43,6.807196928261e-03,256,1
1024,40,43,6.846886157934e-03,256,1
1024,41,227,6.874763900105e-03,256,1
1024,42,43,6.904629966679e-03,256,1
1024,43,43,6.940419731464e-03,256,1
1024,44,43,6.967349603617e-03,256,1
1024,45,43,6.988714947422e-03,256,1
1024,46,43,7.013394923232e-03,256,1
1024,47,43,7.046035811846e-03,256,1
1024,48,43,7.078797003156e-03,256,1
1024,49,43,7.101581654949e-03,256,1
1024,50,43,7.120874812472e-03,256,1
1024,51,43,7.139675154819e-03,256,1
1024,52,43,7.158947285911e-03,256,1
1024,53,43,7.195840613542e-03,256,1
1024,54,43,7.212400069754e-03,256,1
1024,55,43,7.230094206397e-03,256,1
1024,56,43,7.261119666832e-03,256,1
1024,57,43,7.275868397347e-03,256,1
1024,58,43,7.299264640943e-03,256,1
1024,59,43,7.321680029474e-03,256,1
1024,60,43,7.350315866464e-03,256,1
1024,61,43,7.369085378022e-03,256,1
1024,62,43,7.395562413758e-03,256,1
1024,63,43,7.407971796234e-03,256,1
1024,64,43,7.419763441436e-03,256,1
1024,65,43,7.431793480218e-03,256,1
1024,66,43,7.444032659986e-03,256,1
1024,67,43,7.460720523897e-03,256,1
1024,68,43,7.472473418940e-03,256,1
1024,69,43,7.483125831530e-03,256,1
1024,70,43,7.494035723989e-03,256,1
1024,71,43,7.505608955873e-03,256,1
1024,72,43,7.514411905198e-03,256,1
1024,73,43,7.526579342671e-03,256,1
1024,74,43,7.535900081801e-03,256,1
1024,75,43,7.551581268826e-03,256,1
1024,76,43,7.560654401377e-03,256,1
1024,77,43,7.569066050031e-03,256,1
1024,78,43,7.577854389158e-03,256,1
1024,79,43,7.593184186679e-03,256,1
1024,80,43,7.601682609217e-03,256,1
1024,81,43,7.610736140051e-03,256,1
1024,82,43,7.621564485748e-03,256,1
1024,83,43,7.628741024506e-03,256,1
1024,84,43,7.635439395768e-03,256,1
1024,85,43,7.648875576763e-03,256,1
1024,86,43,7.656056709860e-03,256,1
1024,87,43,7.662706000178e-03,256,1
1024,88,43,7.669920522254e-03,256,1
1024,89,43,7.677022296710e-03,256,1
1024,90,43,7.682427572060e-03,256,1
1024,91,43,7.689801834276e-03,256,1
1024,92,43,7.695777184795e-03,256,1
1024,93,43,7.702780503874e-03,256,1
1024,94,43,7.708505683880e-03,256,1
1024,95,43,7.713774092878e-03,256,1
1024,96,43,7.744460149635e-03,256,1
1024,97,43,7.755589681389e-03,256,1
1024,98,43,7.763233132400e-03,256,1
1024,99,43,7.771438615926e-03,256,1
1024,100,43,7.778010096443e-03,256,1
1024,101,43,7.784194689866e-03,256,1
1024,102,43,7.790816148879e-03,256,1
1024,103,43,7.795554110414e-03,256,1
1024,104,43,7.800457356084e-03,256,1
1024,105,43,7.805048460143e-03,256,1
1024,106,43,7.810552844994e-03,256,1
1024,107,43,7.815086161066e-03,256,1
1024,108,43,7.819859073773e-03,256,1
1024,109,43,7.825443153991e-03,256,1
1024,110,43,7.829917923597e-03,256,1
1024,111,43,7.838274961506e-03,256,1
1024,112,43,7.842628625015e-03,256,1
1024,113,43,7.848648352741e-03,256,1
1024,114,43,7.862425554848e-03,256,1
1024,115,43,7.867143335973e-03,256,1
1024,116,43,7.871341959128e-03,256,1
1024,117,43,7.876877021759e-03,256,1
1024,118,43,7.881705374322e-03,256,1
1024,119,43,7.893458944314e-03,256,1
1024,120,43,7.899525060053e-03,256,1
1024,121,43,7.903356832853e-03,256,1
1024,122,43,7.909692551951e-03,256,1
1024,123,43,7.913286112782e-03,256,1
1024,124,43,7.916609161640e-03,256,1
1024,125,43,7.920179890490e-03,256,1
1024,126,43,7.923939542399e-03,256,1
1024,127,43,7.927028247702e-03,256,1
1024,128,43,7.930725714608e-03,256,1
1024,129,43,7.941119854278e-03,256,1
1024,130,43,7.945813081816e-03,256,1
1024,131,43,7.950044863762e-03,256,1
1024,132,43,7.953715902382e-03,256,1
1024,133,43,7.956553503691e-03,256,1
1024,134,43,7.959374778885e-03,256,1
1024,135,43,7.964128233819e-03,256,1
1024,136,43,7.968136326910e-03,256,1
1024,137,43,7.971211196915e-03,256,1
1024,138,43,7.973965136044e-03,256,1
1024,139,43,7.977249003923e-03,256,1
1024,140,43,7.980417275238e-03,256,1
1024,141,43,7.983422832271e-03,256,1
1024,142,43,7.985809410540e-03,256,1
1024,143,43,7.988348262358e-03,256,1
1024,144,43,7.990865332736e-03,256,1
1024,145,43,7.993147297737e-03,256,1
1024,146,43,7.995838183080e-03,256,1
1024,147,43,8.000752507072e-03,256,1
1024,148,43,8.003384086400e-03,256,1
1024,149,43,8.006076462121e-03,256,1
1024,150,43,8.008477715796e-03,256,1
1024,151,43,8.010722034769e-03,256,1
1024,152,43,8.012765242925e-03,256,1
1024,153,43,8.014952988273e-03,256,1
1024,154,43,8.017524634354e-03,256,1
1024,155,43,8.020878566443e-03,256,1
1024,156,43,8.023705037093e-03,256,1
1024,157,43,8.025894716125e-03,256,1
1024,158,43,8.027975912240e-03,256,1
1024,159,43,8.030136810970e-03,256,1
1024,160,43,8.032491012732e-03,256,1
1024,161,43,8.034716519749e-03,256,1
1024,162,43,8.045594156200e-03,256,1
1024,163,43,8.049910800955e-03,256,1
1024,164,43,8.052630584663e-03,256,1
1024,165,43,8.055193181867e-03,256,1
1024,166,43,8.057136970337e-03,256,1
1024,167,43,8.059656067090e-03,256,1
1024,168,43,8.062433394600e-03,256,1
1024,169,43,8.064349073928e-03,256,1
1024,170,43,8.066457785948e-03,256,1
1024,171,43,8.068258369194e-03,256,1
1024,172,43,8.070506056626e-03,256,1
1024,173,43,8.073063233766e-03,256,1
1024,174,43,8.075320004332e-03,256,1
1024,175,43,8.078151900897e-03,256,1
1024,176,43,8.079845684809e-03,256,1
1024,177,43,8.081899155199e-03,256,1
1024,178,43,8.083532937348e-03,256,1
1024,179,43,8.085705647995e-03,256,1
1024,180,43,8.088117518296e-03,256,1
1024,181,43,8.089602418698e-03,256,1
1024,182,43,8.091108228986e-03,256,1
1024,183,43,8.093056100238e-03,256,1
1024,184,43,8.096425614768e-03,256,1
1024,185,43,8.098148181476e-03,256,1
1024,186,43,8.100598136338e-03,256,1
1024,187,43,8.102177776348e-03,256,1
1024,188,43,8.103689524984e-03,256,1
1024,189,43,8.104987548884e-03,256,1
1024,190,43,8.106495853208e-03,256,1
1024,191,43,8.108751293640e-03,256,1
1024,192,43,8.110337625567e-03,256,1
1024,193,43,8.112104887377e-03,256,1
1024,194,43,8.113823370911e-03,256,1
1024,195,43,8.115391558678e-03,256,1
1024,196,43,8.116763732199e-03,256,1
1024,197,43,8.118214526246e-03,256,1
1024,198,43,8.119554269382e-03,256,1
1024,199,43,8.121004476323e-03,256,1
1024,200,43,8.122241357856e-03,256,1
1024,201,43,8.123467806147e-03,256,1
1024,202,43,8.124748407663e-03,256,1
1024,203,43,8.126178149311e-03,256,1
1024,204,43,8.127826460670e-03,256,1
1024,205,43,8.129429278271e-03,256,1
1024,206,43,8.131824890541e-03,256,1
1024,207,43,8.133057301921e-03,256,1
1024,208,43,8.134526969980e-03,256,1
1024,209,43,8.135711333368e-03,256,1
1024,210,43,8.137143448918e-03,256,1
1024,211,43,8.138181418715e-03,256,1
1024,212,43,8.141875627345e-03,256,1
1024,213,43,8.143476539854e-03,256,1
1024,214,43,8.144698187596e-03,256,1
1024,215,43,8.148407933242e-03,256,1
1024,216,43,8.149658446191e-03,256,1
1024,217,43,8.151027575003e-03,256,1
1024,218,43,8.152224433979e-03,256,1
1024,219,43,8.153354059531e-03,256,1
1024,220,43,8.155470653970e-03,256,1
1024,221,43,8.157081435805e-03,256,1
1024,222,43,8.158411139335e-03,256,1
1024,223,43,8.159709298353e-03,256,1
1024,224,43,8.160979719971e-03,256,1
1024,225,43,8.161989194965e-03,256,1
1024,226,43,8.165276937050e-03,256,1
1024,227,43,8.166490396164e-03,256,1
1024,228,43,8.167599691569e-03,256,1
1024,229,43,8.168837731421e-03,256,1
1024,230,43,8.170866324411e-03,256,1
1024,231,43,8.171878232261e-03,256,1
1024,232,43,8.173176746741e-03,256,1
1024,233,43,8.174049302839e-03,256,1
1024,234,43,8.175453123520e-03,256,1
1024,235,43,8.176404167905e-03,256,1
1024,236,43,8.178948549767e-03,256,1
1024,237,43,8.180259170369e-03,256,1
1024,238,43,8.181583064916e-03,256,1
1024,239,43,8.182700274792e-03,256,1
1024,240,43,8.183857371049e-03,256,1
1024,241,43,8.184746948213e-03,256,1
1024,242,43,8.187785962700e-03,256,1
1024,243,43,8.188867737285e-03,256,1
1024,244,43,8.189893224016e-03,256,1
1024,245,43,8.190708171800e-03,256,1
1024,246,43,8.191566992815e-03,256,1
1024,247,43,8.192360740944e-03,256,1
1024,248,43,8.193959369551e-03,256,1
1024,249,43,8.194930572872e-03,256,1
1024,250,43,8.196207595760e-03,256,1
1999,1,1,8.232901174132e-07,999,1
1999,2,878,1.483678192193e-05,999,1
1999,3,630,7.934542130461e-05,999,1
1999,4,513,2.459716049388e-04,999,1
1999,5,759,4.027937130311e-04,999,1
1999,6,439,6.441688031744e-04,999,1
1999,7,410,8.579393555117e-04,999,1
1999,8,410,1.020375595093e-03,999,1
1999,9,486,1.244970450152e-03,999,1
1999,10,486,1.382389381298e-03,999,1
1999,11,858,1.514331655714e-03,999,1
1999,12,254,1.676053022668e-03,999,1
1999,13,858,1.771779746918e-03,999,1
1999,14,858,1.842635121075e-03,999,1
1999,15,858,1.912815458230e-03,999,1
1999,16,858,1.982097575331e-03,999,1
1999,17,858,2.042327603679e-03,999,1
1999,18,858,2.111864782329e-03,999,1
1999,19,858,2.176739893024e-03,999,1
1999,20,858,2.233433635765e-03,999,1
1999,21,858,2.313046472481e-03,999,1
1999,22,858,2.362084038360e-03,999,1
1999,23,858,2.397758543979e-03,999,1
1999,24,858,2.431281182047e-03,999,1
1999,25,858,2.465850858329e-03,999,1
1999,26,858,2.496125031059e-03,999,1
1999,27,858,2.528926924368e-03,999,1
1999,28,858,2.552180984542e-03,999,1
1999,29,858,2.575574494110e-03,999,1
1999,30,858,2.602924930569e-03,999,1
1999,31,858,2.630228185298e-03,999,1
1999,32,858,2.664060484179e-03,999,1
1999,33,858,2.735273267084e-03,999,0
1999,34,858,2.761023141820e-03,999,0
1999,35,858,2.786203142384e-03,999,0
1999,36,858,2.801998897652e-03,999,0
1999,37,858,2.831743604169e-03,999,0
1999,38,858,2.846880028126e-03,999,0
1999,39,858,2.867931029565e-03,999,0
1999,40,858,2.887519699624e-03,999,0
1999,41,858,2.900969770974e-03,999,0
1999,42,858,2.919471277310e-03,999,0
1999,43,858,2.944307586838e-03,999,0
1999,44,858,2.960689724413e-03,999,0
1999,45,858,2.979658988468e-03,999,0
1999,46,858,2.991207567710e-03,999,0
1999,47,858,3.003507222137e-03,999,0
1999,48,858,3.015514777639e-03,999,0
1999,49,858,3.025375962836e-03,999,0
1999,50,858,3.033361955196e-03,999,0
1999,51,858,3.041944195867e-03,999,0
1999,52,858,3.055788221476e-03,999,0
1999,53,858,3.064076354766e-03,999,0
1999,54,858,3.072419311336e-03,999,0
1999,55,858,3.080146383858e-03,999,0
1999,56,858,3.088832430214e-03,999,0
1999,57,858,3.101872693088e-03,999,0
1999,58,858,3.110275600255e-03,999,0
1999,59,858,3.116318716132e-03,999,0
1999,60,858,3.122911710032e-03,999,0
1999,61,858,3.131611020491e-03,999,0
1999,62,858,3.142011442119e-03,999,0
1999,63,858,3.147391206238e-03,999,0
1999,64,858,3.275880927663e-03,999,0
1999,65,858,3.293891386531e-03,999,0
1999,66,858,3.301576368829e-03,999,0
1999,67,858,3.308031658441e-03,999,0
1999,68,858,3.313461375394e-03,999,0
1999,69,858,3.318307440130e-03,999,0
1999,70,858,3.323160646527e-03,999,0
1999,71,858,3.332835683296e-03,999,0
1999,72,858,3.337953231646e-03,999,0
1999,73,858,3.341810753899e-03,999,0
1999,74,858,3.345614750740e-03,999,0
1999,75,858,3.350624126111e-03,999,0
1999,76,858,3.355254840344e-03,999,0
1999,77,858,3.365656329879e-03,999,0
1999,78,858,3.371230052445e-03,999,0
1999,79,858,3.375144157796e-03,999,0
1999,80,858,3.379996381684e-03,999,0
1999,81,858,3.383375404485e-03,999,0
1999,82,858,3.386582624106e-03,999,0
1999,83,858,3.389664885527e-03,999,0
1999,84,858,3.392759187034e-03,999,0
1999,85,858,3.395623870434e-03,999,0
1999,86,858,3.398480587472e-03,999,0
1999,87,858,3.402253428843e-03,999,0
1999,88,858,3.409156436275e-03,999,0
1999,89,858,3.412866308165e-03,999,0
1999,90,858,3.426470810040e-03,999,0
1999,91,858,3.430686756699e-03,999,0
1999,92,858,3.433602224246e-03,999,0
1999,93,388,3.441701946984e-03,999,0
1999,94,858,3.447352779772e-03,999,0
1999,95,858,3.450293641313e-03,999,0
1999,96,858,3.452922633027e-03,999,0
1999,97,858,3.456778848062e-03,999,0
1999,98,858,3.461634290219e-03,999,0
1999,99,858,3.464529121209e-03,999,0
1999,100,858,3.466937188351e-03,999,0
1999,101,858,3.470367082500e-03,999,0
1999,102,858,3.472944591418e-03,999,0
1999,103,858,3.479196361288e-03,999,0
1999,104,858,3.484418613296e-03,999,0
1999,105,858,3.487458052146e-03,999,0
1999,106,858,3.490106342793e-03,999,0
1999,107,858,3.492192448656e-03,999,0
1999,108,858,3.494308138841e-03,999,0
1999,109,858,3.499199920342e-03,999,0
1999,110,858,3.501598811369e-03,999,0
1999,111,858,3.503544028892e-03,999,0
1999,112,858,3.506603158341e-03,999,0
1999,113,858,3.508761178719e-03,999,0
1999,114,858,3.510901468329e-03,999,0
1999,115,858,3.513062424902e-03,999,0
1999,116,858,3.518787362616e-03,999,0
1999,117,858,3.520787786955e-03,999,0
1999,118,858,3.522993916317e-03,999,0
1999,119,858,3.524736847713e-03,999,0
1999,120,858,3.526415318729e-03,999,0
1999,121,858,3.528179119690e-03,999,0
1999,122,858,3.538183317064e-03,999,0
1999,123,858,3.540682018593e-03,999,0
1999,124,858,3.542374549654e-03,999,0
1999,125,858,3.543839368535e-03,999,0
1999,126,858,3.545550762753e-03,999,0
1999,127,858,3.549827872118e-03,999,0
1999,128,858,3.552644195654e-03,999,0
1999,129,858,3.555122554002e-03,999,0
1999,130,858,3.556725966148e-03,999,0
1999,131,858,3.558198035297e-03,999,0
1999,132,858,3.559640699800e-03,999,0
1999,133,858,3.561271323964e-03,999,0
1999,134,858,3.564190529894e-03,999,0
1999,135,858,3.566615003922e-03,999,0
1999,136,858,3.568722623057e-03,999,0
1999,137,858,3.570010334152e-03,999,0
1999,138,858,3.571539212802e-03,999,0
1999,139,858,3.573444992462e-03,999,0
1999,140,858,3.574956677988e-03,999,0
1999,141,858,3.575999640844e-03,999,0
1999,142,858,3.577539656519e-03,999,0
1999,143,858,3.579184409393e-03,999,0
1999,144,858,3.580588800868e-03,999,0
1999,145,858,3.582159594242e-03,999,0
1999,146,858,3.583479962041e-03,999,0
1999,147,858,3.584509213477e-03,999,0
1999,148,858,3.585897056126e-03,999,0
1999,149,858,3.587059223187e-03,999,0
1999,150,858,3.588188040068e-03,999,0
1999,151,858,3.589437248314e-03,999,0
1999,152,858,3.590422533281e-03,999,0
1999,153,858,3.591327670178e-03,999,0
1999,154,858,3.592958860246e-03,999,0
1999,155,858,3.593998181899e-03,999,0
1999,156,858,3.595473569665e-03,999,0
1999,157,858,3.596574540883e-03,999,0
1999,158,858,3.600028527683e-03,999,0
1999,159,858,3.601765304383e-03,999,0
1999,160,858,3.603077990131e-03,999,0
1999,161,858,3.604384706596e-03,999,0
1999,162,858,3.605785902049e-03,999,0
1999,163,858,3.607095186411e-03,999,0
1999,164,858,3.608321133899e-03,999,0
1999,165,858,3.609239391977e-03,999,0
1999,166,858,3.610356748283e-03,999,0
1999,167,858,3.611617529088e-03,999,0
1999,168,858,3.612676512227e-03,999,0
1999,169,858,3.613894236287e-03,999,0
1999,170,858,3.614903757016e-03,999,0
1999,171,858,3.615681665042e-03,999,0
1999,172,858,3.616498602566e-03,999,0
1999,173,858,3.617308556831e-03,999,0
1999,174,858,3.618399946779e-03,999,0
1999,175,858,3.619192813445e-03,999,0
1999,176,858,3.619995380307e-03,999,0
1999,177,858,3.621312597744e-03,999,0
1999,178,858,3.622081662336e-03,999,0
1999,179,858,3.622900198239e-03,999,0
1999,180,858,3.623791636184e-03,999,0
1999,181,858,3.624564652360e-03,999,0
1999,182,858,3.625233807607e-03,999,0
1999,183,858,3.626076947174e-03,999,0
1999,184,858,3.626871349492e-03,999,0
1999,185,858,3.627657581856e-03,999,0
1999,186,858,3.628559059211e-03,999,0
1999,187,858,3.629170353734e-03,999,0
1999,188,858,3.629860056698e-03,999,0
1999,189,858,3.630593379273e-03,999,0
1999,190,858,3.645800068764e-03,999,0
1999,191,858,3.647973234049e-03,999,0
1999,192,858,3.649293055079e-03,999,0
1999,193,858,3.650112390311e-03,999,0
1999,194,858,3.650858614604e-03,999,0
1999,195,858,3.651634809977e-03,999,0
1999,196,858,3.652473513815e-03,999,0
1999,197,858,3.653276599606e-03,999,0
1999,198,858,3.653893574644e-03,999,0
1999,199,858,3.654654078537e-03,999,0
1999,200,858,3.655237686708e-03,999,0
1999,201,858,3.655793707044e-03,999,0
1999,202,858,3.656505498100e-03,999,0
1999,203,858,3.657143891733e-03,999,0
1999,204,858,3.657664662003e-03,999,0
1999,205,858,3.658264386389e-03,999,0
1999,206,858,3.658753980681e-03,999,0
1999,207,858,3.659274351871e-03,999,0
1999,208,858,3.660072003560e-03,999,0
1999,209,858,3.660669829984e-03,999,0
1999,210,858,3.661484297706e-03,999,0
1999,211,858,3.662058572166e-03,999,0
1999,212,858,3.663751175745e-03,999,0
1999,213,858,3.664342585096e-03,999,0
1999,214,858,3.664981101481e-03,999,0
1999,215,858,3.665445395838e-03,999,0
1999,216,858,3.666724740376e-03,999,0
1999,217,858,3.667570912286e-03,999,0
1999,218,858,3.668169947442e-03,999,0
1999,219,858,3.669335366221e-03,999,0
1999,220,858,3.669896171912e-03,999,0
1999,221,858,3.670669103289e-03,999,0
1999,222,858,3.671216188643e-03,999,0
1999,223,858,3.671873309208e-03,999,0
1999,224,858,3.672782764083e-03,999,0
1999,225,858,3.673303032691e-03,999,0
1999,226,858,3.673974655890e-03,999,0
1999,227,858,3.674515450169e-03,999,0
1999,228,858,3.677410613470e-03,999,0
1999,229,858,3.678068593833e-03,999,0
1999,230,858,3.678618326312e-03,999,0
1999,231,858,3.680059725593e-03,999,0
1999,232,858,3.680836056409e-03,999,0
1999,233,858,3.681377644647e-03,999,0
1999,234,858,3.681848798435e-03,999,0
1999,235,858,3.682304391427e-03,999,0
1999,236,858,3.682817734138e-03,999,0
1999,237,858,3.683214018736e-03,999,0
1999,238,858,3.683675828055e-03,999,0
1999,239,858,3.684106198225e-03,999,0
1999,240,858,3.684550243102e-03,999,0
1999,241,858,3.685632935289e-03,999,0
1999,242,858,3.686139025173e-03,999,0
1999,243,858,3.686539070857e-03,999,0
1999,244,858,3.687100625226e-03,999,0
1999,245,858,3.687711405544e-03,999,0
1999,246,858,3.688078965537e-03,999,0
1999,247,858,3.688568716022e-03,999,0
1999,248,858,3.689404830604e-03,999,0
1999,249,858,3.690310170436e-03,999,0
1999,250,858,3.690812792919e-03,999,0
2039,1,1,7.913052355590e-07,1019,1
2039,2,462,1.424246330628e-05,1019,1
2039,3,753,8.472684825067e-05,1019,1
2039,4,182,2.419642404479e-04,1019,1
2039,5,182,3.989023478230e-04,1019,1
2039,6,182,6.520240511321e-04,1019,1
2039,7,177,8.381732796416e-04,1019,1
2039,8,760,9.773344875610e-04,1019,1
2039,9,177,1.116837249762e-03,1019,1
2039,10,177,1.234337148900e-03,1019,1
2039,11,177,1.339128883971e-03,1019,1
2039,12,469,1.595241097398e-03,1019,1
2039,13,396,1.692771572147e-03,1019,1
2039,14,885,1.791009967739e-03,1019,1
2039,15,885,1.899914103805e-03,1019,1
2039,16,885,1.969368227768e-03,1019,1
2039,17,396,2.056092009315e-03,1019,1
2039,18,396,2.128896458192e-03,1019,1
2039,19,396,2.194603014066e-03,1019,1
2039,20,396,2.233181382223e-03,1019,1
2039,21,396,2.279281235707e-03,1019,1
2039,22,885,2.372618064164e-03,1019,1
2039,23,885,2.409109141928e-03,1019,1
2039,24,885,2.439218733771e-03,1019,1
2039,25,885,2.473884871103e-03,1019,1
2039,26,885,2.505609267040e-03,1019,1
2039,27,885,2.573029262524e-03,1019,1
2039,28,885,2.610134849196e-03,1019,1
2039,29,196,2.646845280213e-03,1019,1
2039,30,196,2.672139199914e-03,1019,1
2039,31,196,2.697407167327e-03,1019,1
2039,32,196,2.719933761310e-03,1019,1
2039,33,196,2.737535911577e-03,1019,0
2039,34,885,2.777595757402e-03,1019,0
2039,35,661,2.849276829724e-03,1019,0
2039,36,661,2.865690430008e-03,1019,0
2039,37,661,2.880727218154e-03,1019,0
2039,38,661,2.903440382854e-03,1019,0
2039,39,661,2.922724944450e-03,1019,0
2039,40,661,2.933883118573e-03,1019,0
2039,41,661,2.949582143819e-03,1019,0
2039,42,661,2.963802074569e-03,1019,0
2039,43,661,2.982734634382e-03,1019,0
2039,44,661,2.994537339944e-03,1019,0
2039,45,661,3.005778191909e-03,1019,0
2039,46,661,3.015926644172e-03,1019,0
2039,47,661,3.028221373903e-03,1019,0
2039,48,661,3.037209240296e-03,1019,0
2039,49,661,3.047313266121e-03,1019,0
2039,50,661,3.056257356131e-03,1019,0
2039,51,661,3.064209552410e-03,1019,0
2039,52,661,3.077989283276e-03,1019,0
2039,53,661,3.087075879449e-03,1019,0
2039,54,661,3.093675903054e-03,1019,0
2039,55,661,3.101820207129e-03,1019,0
2039,56,661,3.109304699285e-03,1019,0
2039,57,661,3.115620721333e-03,1019,0
2039,58,661,3.124398959047e-03,1019,0
2039,59,661,3.133817101520e-03,1019,0
2039,60,661,3.139721253866e-03,1019,0
2039,61,661,3.149313679200e-03,1019,0
2039,62,661,3.157654884659e-03,1019,0
2039,63,661,3.163580089647e-03,1019,0
2039,64,661,3.177050058349e-03,1019,0
2039,65,661,3.182953353377e-03,1019,0
2039,66,661,3.189143089602e-03,1019,0
2039,67,661,3.195003920473e-03,1019,0
2039,68,661,3.200027218208e-03,1019,0
2039,69,661,3.204402588346e-03,1019,0
2039,70,661,3.208821219262e-03,1019,0
2039,71,661,3.260007203442e-03,1019,0
2039,72,661,3.275170507172e-03,1019,0
2039,73,661,3.284677488341e-03,1019,0
2039,74,661,3.291053569394e-03,1019,0
2039,75,661,3.297737249472e-03,1019,0
2039,76,661,3.303042798513e-03,1019,0
2039,77,661,3.308028833352e-03,1019,0
2039,78,661,3.312945499674e-03,1019,0
2039,79,661,3.317880760968e-03,1019,0
2039,80,661,3.322012173316e-03,1019,0
2039,81,661,3.325743189819e-03,1019,0
2039,82,661,3.329386321149e-03,1019,0
2039,83,661,3.333375914197e-03,1019,0
2039,84,661,3.336508329452e-03,1019,0
2039,85,661,3.343637935239e-03,1019,0
2039,86,661,3.347118575599e-03,1019,0
2039,87,661,3.366533411904e-03,1019,0
2039,88,661,3.371911100227e-03,1019,0
2039,89,661,3.375864087400e-03,1019,0
2039,90,661,3.379399351164e-03,1019,0
2039,91,661,3.383362209034e-03,1019,0
2039,92,661,3.386789768937e-03,1019,0
2039,93,661,3.389457898658e-03,1019,0
2039,94,661,3.392305336658e-03,1019,0
2039,95,661,3.394715890680e-03,1019,0
2039,96,661,3.399043055302e-03,1019,0
2039,97,661,3.402075431999e-03,1019,0
2039,98,661,3.405663852782e-03,1019,0
2039,99,661,3.408356613000e-03,1019,0
2039,100,661,3.410754077642e-03,1019,0
2039,101,661,3.413914247479e-03,1019,0
2039,102,661,3.416246961286e-03,1019,0
2039,103,661,3.419473196894e-03,1019,0
2039,104,661,3.422017358206e-03,1019,0
2039,105,661,3.425739521343e-03,1019,0
2039,106,661,3.427859699108e-03,1019,0
2039,107,661,3.430115699919e-03,1019,0
2039,108,661,3.434228508444e-03,1019,0
2039,109,661,3.437311857998e-03,1019,0
2039,110,661,3.439221734239e-03,1019,0
2039,111,661,3.441094958984e-03,1019,0
2039,112,661,3.447085613528e-03,1019,0
2039,113,661,3.449211438511e-03,1019,0
2039,114,661,3.452152074013e-03,1019,0
2039,115,661,3.453879984682e-03,1019,0
2039,116,661,3.455389593069e-03,1019,0
2039,117,661,3.458128519844e-03,1019,0
2039,118,661,3.459985197650e-03,1019,0
2039,119,661,3.461629506251e-03,1019,0
2039,120,661,3.463272463720e-03,1019,0
2039,121,661,3.465466745717e-03,1019,0
2039,122,661,3.467315452417e-03,1019,0
2039,123,661,3.469161766227e-03,1019,0
2039,124,661,3.470529160330e-03,1019,0
2039,125,661,3.472487524728e-03,1019,0
2039,126,661,3.473959559612e-03,1019,0
2039,127,661,3.475713066015e-03,1019,0
2039,128,661,3.477917402509e-03,1019,0
2039,129,661,3.482807127770e-03,1019,0
2039,130,661,3.484831667766e-03,1019,0
2039,131,661,3.487937396325e-03,1019,0
2039,132,661,3.489864687372e-03,1019,0
2039,133,661,3.491541715720e-03,1019,0
2039,134,661,3.493183949547e-03,1019,0
2039,135,661,3.494635500313e-03,1019,0
2039,136,661,3.495856637519e-03,1019,0
2039,137,661,3.497104239705e-03,1019,0
2039,138,661,3.498879295375e-03,1019,0
2039,139,661,3.500203926414e-03,1019,0
2039,140,661,3.502285234280e-03,1019,0
2039,141,661,3.504721722024e-03,1019,0
2039,142,661,3.505993164195e-03,1019,0
2039,143,661,3.507360828454e-03,1019,0
2039,144,661,3.508602503983e-03,1019,0
2039,145,661,3.509718531395e-03,1019,0
2039,146,661,3.510936417840e-03,1019,0
2039,147,661,3.512499037082e-03,1019,0
2039,148,661,3.513512289266e-03,1019,0
2039,149,661,3.514962593239e-03,1019,0
2039,150,661,3.515927639493e-03,1019,0
2039,151,661,3.517048091871e-03,1019,0
2039,152,661,3.518592867566e-03,1019,0
2039,153,661,3.519606038171e-03,1019,0
2039,154,661,3.521057107492e-03,1019,0
2039,155,661,3.522052163273e-03,1019,0
2039,156,661,3.523050528108e-03,1019,0
2039,157,661,3.524024044350e-03,1019,0
2039,158,661,3.525613260778e-03,1019,0
2039,159,661,3.526811812794e-03,1019,0
2039,160,661,3.527720423872e-03,1019,0
2039,161,661,3.530224200438e-03,1019,0
2039,162,661,3.531742250256e-03,1019,0
2039,163,661,3.532708685385e-03,1019,0
2039,164,661,3.533620151031e-03,1019,0
2039,165,661,3.534961288454e-03,1019,0
2039,166,661,3.535948848823e-03,1019,0
2039,167,661,3.536961117683e-03,1019,0
2039,168,661,3.537854576879e-03,1019,0
2039,169,661,3.539076178355e-03,1019,0
2039,170,661,3.539933025061e-03,1019,0
2039,171,661,3.541044363077e-03,1019,0
2039,172,661,3.541874522659e-03,1019,0
2039,173,661,3.542784177172e-03,1019,0
2039,174,661,3.543543220822e-03,1019,0
2039,175,661,3.544578831640e-03,1019,0
2039,176,661,3.545364698552e-03,1019,0
2039,177,661,3.546039221209e-03,1019,0
2039,178,661,3.553721749517e-03,1019,0
2039,179,661,3.555305752327e-03,1019,0
2039,180,661,3.556387620937e-03,1019,0
2039,181,661,3.557663685762e-03,1019,0
2039,182,661,3.558535108039e-03,1019,0
2039,183,661,3.559223744789e-03,1019,0
2039,184,661,3.563553829191e-03,1019,0
2039,185,661,3.564693625657e-03,1019,0
2039,186,661,3.565502348964e-03,1019,0
2039,187,661,3.567078236358e-03,1019,0
2039,188,661,3.567944179646e-03,1019,0
2039,189,661,3.568752394389e-03,1019,0
2039,190,661,3.569708196568e-03,1019,0
2039,191,661,3.570369463162e-03,1019,0
2039,192,661,3.571588411652e-03,1019,0
2039,193,661,3.572270240257e-03,1019,0
2039,194,661,3.573095008897e-03,1019,0
2039,195,661,3.574053008664e-03,1019,0
2039,196,661,3.574745680450e-03,1019,0
2039,197,661,3.575317990683e-03,1019,0
2039,198,661,3.575922020600e-03,1019,0
2039,199,661,3.590031859424e-03,1019,0
2039,200,661,3.593859250951e-03,1019,0
2039,201,661,3.595815573992e-03,1019,0
2039,202,661,3.597255115206e-03,1019,0
2039,203,661,3.598353833986e-03,1019,0
2039,204,661,3.599220637069e-03,1019,0
2039,205,661,3.600258081012e-03,1019,0
2039,206,661,3.601064473624e-03,1019,0
2039,207,661,3.601835975612e-03,1019,0
2039,208,661,3.604380224713e-03,1019,0
2039,209,661,3.605425769611e-03,1019,0
2039,210,661,3.606195716066e-03,1019,0
2039,211,661,3.607057258652e-03,1019,0
2039,212,661,3.607690816442e-03,1019,0
2039,213,661,3.608430306910e-03,1019,0
2039,214,661,3.609385428006e-03,1019,0
2039,215,661,3.610086478874e-03,1019,0
2039,216,661,3.610668441667e-03,1019,0
2039,217,661,3.611473096881e-03,1019,0
2039,218,661,3.612086605860e-03,1019,0
2039,219,661,3.612754517256e-03,1019,0
2039,220,661,3.613356140624e-03,1019,0
2039,221,661,3.613835901916e-03,1019,0
2039,222,661,3.614748583235e-03,1019,0
2039,223,661,3.615493788501e-03,1019,0
2039,224,661,3.616155324016e-03,1019,0
2039,225,661,3.616760922883e-03,1019,0
2039,226,661,3.617260772651e-03,1019,0
2039,227,661,3.617788926066e-03,1019,0
2039,228,661,3.618459667831e-03,1019,0
2039,229,661,3.618976147998e-03,1019,0
2039,230,661,3.619437269323e-03,1019,0
2039,231,661,3.622222753034e-03,1019,0
2039,232,661,3.622881742972e-03,1019,0
2039,233,661,3.623436024137e-03,1019,0
2039,234,661,3.624086765250e-03,1019,0
2039,235,661,3.624587931439e-03,1019,0
2039,236,661,3.625057762916e-03,1019,0
2039,237,661,3.625544463995e-03,1019,0
2039,238,661,3.626025469810e-03,1019,0
2039,239,661,3.626509570021e-03,1019,0
2039,240,661,3.627300912389e-03,1019,0
2039,241,661,3.627794195771e-03,1019,0
2039,242,661,3.628339880113e-03,1019,0
2039,243,661,3.628924528476e-03,1019,0
2039,244,661,3.629373311584e-03,1019,0
2039,245,661,3.630117344346e-03,1019,0
2039,246,661,3.630571248767e-03,1019,0
2039,247,661,3.631039966172e-03,1019,0
2039,248,661,3.631530822676e-03,1019,0
2039,249,661,3.631918207314e-03,1019,0
2039,250,661,3.633132811541e-03,1019,0
2048,1,1,7.843656857354e-07,512,1
2048,2,791,1.396072505888e-05,512,1
2048,3,753,8.097697280385e-05,512,1
2048,4,977,2.415691533089e-04,512,1
2048,5,811,4.168199961538e-04,512,1
2048,6,251,6.848678233289e-04,512,1
2048,7,899,8.642503497511e-04,512,1
2048,8,691,1.031424419998e-03,512,1
2048,9,389,1.198711510871e-03,512,1
2048,10,389,1.337743275129e-03,512,1
2048,11,313,1.563090290957e-03,512,1
2048,12,109,1.651900309795e-03,512,1
2048,13,109,1.728633252255e-03,512,1
2048,14,519,1.881017160702e-03,512,1
2048,15,519,1.997717699159e-03,512,1
2048,16,519,2.059731604996e-03,512,1
2048,17,519,2.129283613229e-03,512,1
2048,18,519,2.195786926217e-03,512,1
2048,19,519,2.247565202742e-03,512,1
2048,20,981,2.363271058093e-03,512,1
2048,21,389,2.415647544924e-03,512,1
2048,22,981,2.471970142730e-03,512,1
2048,23,981,2.513237092918e-03,512,1
2048,24,389,2.561924803122e-03,512,1
2048,25,389,2.591958760239e-03,512,1
2048,26,389,2.617906716535e-03,512,1
2048,27,389,2.645552671128e-03,512,1
2048,28,389,2.676908816370e-03,512,1
2048,29,389,2.706600390566e-03,512,1
2048,30,389,2.735046383605e-03,512,1
2048,31,389,2.762891842766e-03,512,1
2048,32,389,2.789776251984e-03,512,1
2048,33,389,2.839931057551e-03,512,1
2048,34,389,2.888804045502e-03,512,1
2048,35,519,2.904861248602e-03,512,1
2048,36,389,2.928639806352e-03,512,1
2048,37,519,2.948759945727e-03,512,1
2048,38,389,2.969577120484e-03,512,1
2048,39,389,2.983871659044e-03,512,1
2048,40,389,2.996881570623e-03,512,1
2048,41,389,3.010831096641e-03,512,1
2048,42,389,3.024949173512e-03,512,1
2048,43,389,3.036740773329e-03,512,1
2048,44,389,3.046140053583e-03,512,1
2048,45,389,3.056223827474e-03,512,1
2048,46,389,3.067070822530e-03,512,1
2048,47,389,3.076895996559e-03,512,1
2048,48,389,3.087439170067e-03,512,1
2048,49,389,3.096178715525e-03,512,1
2048,50,389,3.105098229059e-03,512,1
2048,51,389,3.114388841579e-03,512,1
2048,52,981,3.160893902033e-03,512,1
2048,53,981,3.170581055348e-03,512,1
2048,54,981,3.178825507120e-03,512,1
2048,55,981,3.188738756805e-03,512,1
2048,56,389,3.209110830442e-03,512,1
2048,57,389,3.217208137041e-03,512,1
2048,58,389,3.224203508600e-03,512,1
2048,59,389,3.229862621822e-03,512,1
2048,60,389,3.235319061613e-03,512,1
2048,61,389,3.246615846838e-03,512,1
2048,62,389,3.253419678777e-03,512,1
2048,63,389,3.262910741082e-03,512,1
2048,64,389,3.268196775458e-03,512,1
2048,65,389,3.280626941706e-03,512,1
2048,66,389,3.286558654051e-03,512,1
2048,67,389,3.293333352370e-03,512,1
2048,68,389,3.300977312153e-03,512,1
2048,69,389,3.305811722238e-03,512,1
2048,70,389,3.310525341065e-03,512,1
2048,71,389,3.314818997844e-03,512,1
2048,72,389,3.319784043557e-03,512,1
2048,73,389,3.328289100864e-03,512,1
2048,74,389,3.333323434511e-03,512,1
2048,75,389,3.340177602327e-03,512,1
2048,76,389,3.344040817136e-03,512,1
2048,77,389,3.347916206059e-03,512,1
2048,78,389,3.351653243692e-03,512,1
2048,79,389,3.355608192505e-03,512,1
2048,80,389,3.359313615921e-03,512,1
2048,81,389,3.362684715426e-03,512,1
2048,82,389,3.366649612694e-03,512,1
2048,83,389,3.370740979459e-03,512,1
2048,84,389,3.374236295021e-03,512,1
2048,85,389,3.376855380951e-03,512,1
2048,86,389,3.380085481159e-03,512,1
2048,87,389,3.383300390667e-03,512,1
2048,88,389,3.386548049657e-03,512,1
2048,89,389,3.390705707547e-03,512,1
2048,90,389,3.394047733585e-03,512,1
2048,91,389,3.397123598810e-03,512,1
2048,92,389,3.403991960577e-03,512,1
2048,93,389,3.407535338393e-03,512,1
2048,94,389,3.410302246535e-03,512,1
2048,95,389,3.412985484216e-03,512,1
2048,96,389,3.416021270667e-03,512,1
2048,97,389,3.419568121217e-03,512,1
2048,98,389,3.422376290951e-03,512,1
2048,99,389,3.425769597552e-03,512,1
2048,100,389,3.431081129686e-03,512,1
2048,101,389,3.433460880831e-03,512,1
2048,102,389,3.435596522561e-03,512,1
2048,103,389,3.437693026340e-03,512,1
2048,104,389,3.439514963098e-03,512,1
2048,105,389,3.444339973095e-03,512,1
2048,106,389,3.447618453849e-03,512,1
2048,107,389,3.449692799120e-03,512,1
2048,108,389,3.451962110623e-03,512,1
2048,109,389,3.454596939196e-03,512,1
2048,110,389,3.456479048316e-03,512,1
2048,111,389,3.458800520745e-03,512,1
2048,112,389,3.461037264584e-03,512,1
2048,113,389,3.463062555893e-03,512,1
2048,114,389,3.465052654531e-03,512,1
2048,115,389,3.466796756015e-03,512,1
2048,116,389,3.468820245560e-03,512,1
2048,117,389,3.470426907279e-03,512,1
2048,118,389,3.472133970993e-03,512,1
2048,119,389,3.476674375797e-03,512,1
2048,120,389,3.479784091195e-03,512,1
2048,121,389,3.481744979503e-03,512,1
2048,122,389,3.484357802306e-03,512,1
2048,123,389,3.486189488953e-03,512,1
2048,124,389,3.491257967906e-03,512,1
2048,125,389,3.493329440441e-03,512,1
2048,126,389,3.494764578381e-03,512,1
2048,127,389,3.496334934463e-03,512,1
2048,128,389,3.498074590815e-03,512,1
2048,129,389,3.500035913707e-03,512,1
2048,130,389,3.501508165133e-03,512,1
2048,131,389,3.503181389530e-03,512,1
2048,132,389,3.505751687554e-03,512,1
2048,133,389,3.507427910386e-03,512,1
2048,134,389,3.508771943455e-03,512,1
2048,135,389,3.511354641214e-03,512,1
2048,136,389,3.512860925022e-03,512,1
2048,137,389,3.514374627474e-03,512,1
2048,138,389,3.518628289614e-03,512,1
2048,139,389,3.520303664705e-03,512,1
2048,140,389,3.521526077697e-03,512,1
2048,141,389,3.522860820644e-03,512,1
2048,142,389,3.524119744271e-03,512,1
2048,143,389,3.527950049270e-03,512,1
2048,144,389,3.529486937526e-03,512,1
2048,145,389,3.530888147770e-03,512,1
2048,146,389,3.532083136848e-03,512,1
2048,147,389,3.533069883279e-03,512,1
2048,148,389,3.534225840062e-03,512,1
2048,149,389,3.535776099074e-03,512,1
2048,150,389,3.537242877660e-03,512,1
2048,151,389,3.538461055530e-03,512,1
2048,152,389,3.541844826712e-03,512,1
2048,153,389,3.542993197463e-03,512,1
2048,154,389,3.544187696013e-03,512,1
2048,155,389,3.545564768655e-03,512,1
2048,156,389,3.546606661724e-03,512,1
2048,157,389,3.547512211380e-03,512,1
2048,158,389,3.548482103485e-03,512,1
2048,159,389,3.549627840171e-03,512,1
2048,160,389,3.550770216291e-03,512,1
2048,161,389,3.551825858321e-03,512,1
2048,162,389,3.553054302571e-03,512,1
2048,163,389,3.554043007695e-03,512,1
2048,164,389,3.555147171988e-03,512,1
2048,165,389,3.556097038170e-03,512,1
2048,166,389,3.556961990096e-03,512,1
2048,167,389,3.557841007922e-03,512,1
2048,168,389,3.558577921354e-03,512,1
2048,169,389,3.561197752748e-03,512,1
2048,170,389,3.562198043767e-03,512,1
2048,171,389,3.563985473078e-03,512,1
2048,172,389,3.564816709641e-03,512,1
2048,173,389,3.565719698795e-03,512,1
2048,174,389,3.566590885722e-03,512,1
2048,175,389,3.567465857089e-03,512,1
2048,176,389,3.570328688149e-03,512,1
2048,177,389,3.571221810248e-03,512,1
2048,178,389,3.572216204450e-03,512,1
2048,179,389,3.572876251290e-03,512,1
2048,180,389,3.573744193233e-03,512,1
2048,181,389,3.574430662723e-03,512,1
2048,182,389,3.575632587144e-03,512,1
2048,183,389,3.576255272677e-03,512,1
2048,184,389,3.577248077856e-03,512,1
2048,185,389,3.578055205909e-03,512,1
2048,186,389,3.578657745108e-03,512,1
2048,187,389,3.579326274100e-03,512,1
2048,188,389,3.580287028406e-03,512,1
2048,189,389,3.581164192244e-03,512,1
2048,190,389,3.588350874139e-03,512,1
2048,191,389,3.590761287612e-03,512,1
2048,192,389,3.592092726396e-03,512,1
2048,193,389,3.593166331618e-03,512,1
2048,194,389,3.594135236861e-03,512,1
2048,195,389,3.594857089373e-03,512,1
2048,196,389,3.595699870521e-03,512,1
2048,197,389,3.596312961897e-03,512,1
2048,198,389,3.596915009489e-03,512,1
2048,199,389,3.597640641603e-03,512,1
2048,200,389,3.598326463125e-03,512,1
2048,201,389,3.599239854577e-03,512,1
2048,202,389,3.599848252858e-03,512,1
2048,203,389,3.600512344599e-03,512,1
2048,204,389,3.601440698858e-03,512,1
2048,205,389,3.602196798140e-03,512,1
2048,206,389,3.603223265559e-03,512,1
2048,207,389,3.604300390927e-03,512,1
2048,208,389,3.604903625553e-03,512,1
2048,209,389,3.605686442178e-03,512,1
2048,210,389,3.606364551386e-03,512,1
2048,211,389,3.606979159985e-03,512,1
2048,212,389,3.607445873470e-03,512,1
2048,213,389,3.608215387179e-03,512,1
2048,214,389,3.608947714856e-03,512,1
2048,215,389,3.609404165156e-03,512,1
2048,216,389,3.609820563187e-03,512,1
2048,217,389,3.610365714962e-03,512,1
2048,218,389,3.611040032856e-03,512,1
2048,219,389,3.611508379441e-03,512,1
2048,220,389,3.612109317561e-03,512,1
2048,221,389,3.612739668521e-03,512,1
2048,222,389,3.613266092299e-03,512,1
2048,223,389,3.613835875823e-03,512,1
2048,224,389,3.615341118563e-03,512,1
2048,225,389,3.615961257154e-03,512,1
2048,226,389,3.618081422255e-03,512,1
2048,227,389,3.618923956674e-03,512,1
2048,228,389,3.619545783943e-03,512,1
2048,229,389,3.620264340120e-03,512,1
2048,230,389,3.620949244013e-03,512,1
2048,231,389,3.621590068011e-03,512,1
2048,232,389,3.622071684756e-03,512,1
2048,233,389,3.623061855799e-03,512,1
2048,234,389,3.623599959364e-03,512,1
2048,235,389,3.626297700278e-03,512,1
2048,236,389,3.626915781462e-03,512,1
2048,237,389,3.627365963927e-03,512,1
2048,238,389,3.628732590802e-03,512,1
2048,239,389,3.629214539933e-03,512,1
2048,240,389,3.629744338652e-03,512,1
2048,241,389,3.630371917021e-03,512,1
2048,242,389,3.631099916629e-03,512,1
2048,243,389,3.631661377818e-03,512,1
2048,244,389,3.632153663778e-03,512,1
2048,245,389,3.632546284984e-03,512,1
2048,246,389,3.634989895688e-03,512,1
2048,247,389,3.635554311042e-03,512,1
2048,248,389,3.636316233683e-03,512,1
2048,249,389,3.636784760383e-03,512,1
2048,250,389,3.637258683437e-03,512,1
4093,1,1,1.963789804105e-07,2046,1
4093,2,1210,3.628660197208e-06,2046,1
4093,3,1276,2.559039598848e-05,2046,1
4093,4,1515,7.422201275542e-05,2046,1
4093,5,1802,1.348758404813e-04,2046,1
4093,6,1802,2.080423304762e-04,2046,1
4093,7,1905,3.001737364687e-04,2046,1
4093,8,450,3.665948222553e-04,2046,1
4093,9,450,4.133937240332e-04,2046,1
4093,10,450,5.034648325914e-04,2046,1
4093,11,450,5.511921923920e-04,2046,1
4093,12,450,6.093307184476e-04,2046,1
4093,13,450,6.541748383353e-04,2046,1
4093,14,450,6.982053018443e-04,2046,1
4093,15,450,7.318731260617e-04,2046,1
4093,16,450,7.579515204441e-04,2046,1
4093,17,450,7.872291351212e-04,2046,1
4093,18,450,8.143088078556e-04,2046,1
4093,19,450,8.376126153717e-04,2046,1
4093,20,450,8.709622135468e-04,2046,1
4093,21,450,8.920122673910e-04,2046,1
4093,22,450,9.107334233975e-04,2046,1
4093,23,450,9.284159605938e-04,2046,1
4093,24,450,9.463831825338e-04,2046,1
4093,25,450,9.669169970250e-04,2046,1
4093,26,1767,9.919269191438e-04,2046,1
4093,27,1767,1.002583885146e-03,2046,1
4093,28,1767,1.021630810832e-03,2046,1
4093,29,450,1.033604088934e-03,2046,1
4093,30,450,1.043486176542e-03,2046,1
4093,31,1767,1.053012238688e-03,2046,1
4093,32,1767,1.062711545214e-03,2046,1
4093,33,1767,1.074161033695e-03,2046,0
4093,34,450,1.094256361324e-03,2046,0
4093,35,450,1.101896818697e-03,2046,0
4093,36,450,1.116817278423e-03,2046,0
4093,37,450,1.124232513751e-03,2046,0
4093,38,450,1.130750830900e-03,2046,0
4093,39,450,1.137036041835e-03,2046,0
4093,40,450,1.147066084080e-03,2046,0
4093,41,450,1.153745836281e-03,2046,0
4093,42,450,1.163420900162e-03,2046,0
4093,43,450,1.169558190587e-03,2046,0
4093,44,450,1.175282560381e-03,2046,0
4093,45,450,1.180391810737e-03,2046,0
4093,46,450,1.199519583919e-03,2046,0
4093,47,450,1.206060931721e-03,2046,0
4093,48,450,1.210360810902e-03,2046,0
4093,49,450,1.214566683956e-03,2046,0
4093,50,450,1.219439596327e-03,2046,0
4093,51,450,1.224380306031e-03,2046,0
4093,52,450,1.230988542650e-03,2046,0
4093,53,450,1.234817811114e-03,2046,0
4093,54,450,1.238285749084e-03,2046,0
4093,55,450,1.250310489692e-03,2046,0
4093,56,450,1.255865595020e-03,2046,0
4093,57,450,1.259968067065e-03,2046,0
4093,58,450,1.266170418380e-03,2046,0
4093,59,450,1.271269198673e-03,2046,0
4093,60,450,1.274482050713e-03,2046,0
4093,61,450,1.277313288265e-03,2046,0
4093,62,450,1.283648177290e-03,2046,0
4093,63,450,1.286514570166e-03,2046,0
4093,64,450,1.289998962704e-03,2046,0
4093,65,450,1.292683427697e-03,2046,0
4093,66,450,1.296469170970e-03,2046,0
4093,67,450,1.299085475937e-03,2046,0
4093,68,450,1.301022887748e-03,2046,0
4093,69,450,1.303311849276e-03,2046,0
4093,70,450,1.305344263901e-03,2046,0
4093,71,450,1.307126899046e-03,2046,0
4093,72,450,1.309673815780e-03,2046,0
4093,73,450,1.314122529688e-03,2046,0
4093,74,450,1.318195480984e-03,2046,0
4093,75,450,1.320608691480e-03,2046,0
4093,76,450,1.323213409576e-03,2046,0
4093,77,450,1.325190499510e-03,2046,0
4093,78,450,1.327389290187e-03,2046,0
4093,79,450,1.330008006539e-03,2046,0
4093,80,450,1.331518900718e-03,2046,0
4093,81,450,1.332998211972e-03,2046,0
4093,82,450,1.334429003026e-03,2046,0
4093,83,450,1.336272238772e-03,2046,0
4093,84,450,1.337976803438e-03,2046,0
4093,85,450,1.339573786618e-03,2046,0
4093,86,450,1.341747496586e-03,2046,0
4093,87,450,1.343255430900e-03,2046,0
4093,88,450,1.345157167878e-03,2046,0
4093,89,450,1.347411041052e-03,2046,0
4093,90,450,1.349550177274e-03,2046,0
4093,91,450,1.351023594220e-03,2046,0
4093,92,450,1.352196450422e-03,2046,0
4093,93,450,1.353413694441e-03,2046,0
4093,94,450,1.354447578011e-03,2046,0
4093,95,450,1.356586228356e-03,2046,0
4093,96,450,1.358614383343e-03,2046,0
4093,97,450,1.359733891258e-03,2046,0
4093,98,450,1.360919456284e-03,2046,0
4093,99,450,1.361997496349e-03,2046,0
4093,100,450,1.363378311527e-03,2046,0
4093,101,450,1.365003773145e-03,2046,0
4093,102,450,1.366190484227e-03,2046,0
4093,103,450,1.367239305502e-03,2046,0
4093,104,450,1.368215731200e-03,2046,0
4093,105,450,1.369256771145e-03,2046,0
4093,106,450,1.370180419542e-03,2046,0
4093,107,450,1.372685245275e-03,2046,0
4093,108,450,1.373619129496e-03,2046,0
4093,109,450,1.374416423188e-03,2046,0
4093,110,450,1.375326860509e-03,2046,0
4093,111,450,1.376111579031e-03,2046,0
4093,112,450,1.377125364145e-03,2046,0
4093,113,450,1.377955317938e-03,2046,0
4093,114,450,1.379211984881e-03,2046,0
4093,115,450,1.380030154583e-03,2046,0
4093,116,450,1.384836758979e-03,2046,0
4093,117,450,1.386078791082e-03,2046,0
4093,118,450,1.387393276502e-03,2046,0
4093,119,450,1.388234090257e-03,2046,0
4093,120,450,1.389092609276e-03,2046,0
4093,121,450,1.389993195759e-03,2046,0
4093,122,450,1.390866251413e-03,2046,0
4093,123,450,1.391618612484e-03,2046,0
4093,124,450,1.392705941257e-03,2046,0
4093,125,450,1.393505566049e-03,2046,0
4093,126,450,1.394366602392e-03,2046,0
4093,127,450,1.394942298661e-03,2046,0
4093,128,450,1.395693747695e-03,2046,0
4093,129,450,1.397045771445e-03,2046,0
4093,130,450,1.397943209061e-03,2046,0
4093,131,450,1.398542832193e-03,2046,0
4093,132,450,1.399237438892e-03,2046,0
4093,133,450,1.400024930580e-03,2046,0
4093,134,450,1.401007482036e-03,2046,0
4093,135,450,1.401588544158e-03,2046,0
4093,136,450,1.402152687718e-03,2046,0
4093,137,450,1.402684429964e-03,2046,0
4093,138,450,1.404825425764e-03,2046,0
4093,139,450,1.406172279168e-03,2046,0
4093,140,450,1.407618042750e-03,2046,0
4093,141,450,1.408327279890e-03,2046,0
4093,142,450,1.408795499990e-03,2046,0
4093,143,450,1.409287518416e-03,2046,0
4093,144,450,1.409839448265e-03,2046,0
4093,145,450,1.410288407869e-03,2046,0
4093,146,450,1.413488657785e-03,2046,0
4093,147,450,1.414666299927e-03,2046,0
4093,148,450,1.417958537919e-03,2046,0
4093,149,450,1.419039237784e-03,2046,0
4093,150,450,1.419857101667e-03,2046,0
4093,151,450,1.420383147245e-03,2046,0
4093,152,450,1.423266274232e-03,2046,0
4093,153,450,1.423903515930e-03,2046,0
4093,154,450,1.424426021248e-03,2046,0
4093,155,450,1.425045625991e-03,2046,0
4093,156,450,1.425542807143e-03,2046,0
4093,157,450,1.425991407440e-03,2046,0
4093,158,450,1.426503313677e-03,2046,0
4093,159,450,1.426923544365e-03,2046,0
4093,160,450,1.427475493761e-03,2046,0
4093,161,450,1.427922964013e-03,2046,0
4093,162,450,1.428901990654e-03,2046,0
4093,163,450,1.429515124110e-03,2046,0
4093,164,450,1.429976799614e-03,2046,0
4093,165,450,1.430531424816e-03,2046,0
4093,166,450,1.430913396653e-03,2046,0
4093,167,450,1.431279326751e-03,2046,0
4093,168,450,1.432474184533e-03,2046,0
4093,169,450,1.433048689760e-03,2046,0
4093,170,450,1.433425537187e-03,2046,0
4093,171,450,1.433908617735e-03,2046,0
4093,172,450,1.434408054546e-03,2046,0
4093,173,450,1.434787843863e-03,2046,0
4093,174,450,1.435140816635e-03,2046,0
4093,175,450,1.435526999848e-03,2046,0
4093,176,450,1.436184336003e-03,2046,0
4093,177,450,1.436512141758e-03,2046,0
4093,178,450,1.437024812418e-03,2046,0
4093,179,450,1.437347344545e-03,2046,0
4093,180,450,1.437828859423e-03,2046,0
4093,181,450,1.438465773055e-03,2046,0
4093,182,450,1.438832735734e-03,2046,0
4093,183,450,1.439311697650e-03,2046,0
4093,184,450,1.439652648064e-03,2046,0
4093,185,450,1.439981145767e-03,2046,0
4093,186,450,1.440240689198e-03,2046,0
4093,187,450,1.441146155277e-03,2046,0
4093,188,450,1.441666200998e-03,2046,0
4093,189,450,1.442033091933e-03,2046,0
4093,190,450,1.442447211199e-03,2046,0
4093,191,450,1.442861384771e-03,2046,0
4093,192,450,1.443851010364e-03,2046,0
4093,193,450,1.444292273455e-03,2046,0
4093,194,450,1.444599748872e-03,2046,0
4093,195,450,1.445095473390e-03,2046,0
4093,196,450,1.445397355467e-03,2046,0
4093,197,450,1.445687441028e-03,2046,0
4093,198,450,1.446159388071e-03,2046,0
4093,199,450,1.446435003797e-03,2046,0
4093,200,450,1.446716144834e-03,2046,0
4093,201,450,1.447009172550e-03,2046,0
4093,202,450,1.447260502233e-03,2046,0
4093,203,450,1.447741995463e-03,2046,0
4093,204,450,1.448070320807e-03,2046,0
4093,205,450,1.448590929298e-03,2046,0
4093,206,450,1.449030223219e-03,2046,0
4093,207,450,1.449320742099e-03,2046,0
4093,208,450,1.449619207200e-03,2046,0
4093,209,450,1.450163390235e-03,2046,0
4093,210,450,1.450522699484e-03,2046,0
4093,211,450,1.451120302447e-03,2046,0
4093,212,450,1.451394713279e-03,2046,0
4093,213,450,1.451699181065e-03,2046,0
4093,214,450,1.451980051779e-03,2046,0
4093,215,450,1.452215929274e-03,2046,0
4093,216,450,1.452421729151e-03,2046,0
4093,217,450,1.452625705461e-03,2046,0
4093,218,450,1.452858838464e-03,2046,0
4093,219,450,1.453076903975e-03,2046,0
4093,220,450,1.453333471145e-03,2046,0
4093,221,450,1.453533843453e-03,2046,0
4093,222,450,1.464001142457e-03,2046,0
4093,223,450,1.465343048124e-03,2046,0
4093,224,450,1.465822779995e-03,2046,0
4093,225,450,1.466165029810e-03,2046,0
4093,226,450,1.466390216178e-03,2046,0
4093,227,450,1.466598250455e-03,2046,0
4093,228,450,1.466860637511e-03,2046,0
4093,229,450,1.467408734338e-03,2046,0
4093,230,450,1.467738513716e-03,2046,0
4093,231,450,1.468048444281e-03,2046,0
4093,232,450,1.468319960306e-03,2046,0
4093,233,450,1.468602022296e-03,2046,0
4093,234,450,1.468877064483e-03,2046,0
4093,235,450,1.469067052332e-03,2046,0
4093,236,450,1.469491748830e-03,2046,0
4093,237,450,1.469750484629e-03,2046,0
4093,238,450,1.470012097371e-03,2046,0
4093,239,450,1.470233675645e-03,2046,0
4093,240,450,1.470427626935e-03,2046,0
4093,241,450,1.470614990393e-03,2046,0
4093,242,450,1.470857268629e-03,2046,0
4093,243,450,1.471049082453e-03,2046,0
4093,244,450,1.471281045555e-03,2046,0
4093,245,450,1.471495587851e-03,2046,0
4093,246,450,1.471741186745e-03,2046,0
4093,247,450,1.471931288609e-03,2046,0
4093,248,450,1.472176276583e-03,2046,0
4093,249,450,1.472371589136e-03,2046,0
4093,250,450,1.472595871949e-03,2046,0
4096,1,1,1.960914213228e-07,1024,1
4096,2,1557,3.659449768545e-06,1024,1
4096,3,857,2.590866435082e-05,1024,1
4096,4,1573,7.844261391243e-05,1024,1
4096,5,731,1.500127716523e-04,1024,1
4096,6,1191,2.402188774071e-04,1024,1
4096,7,791,3.120437353443e-04,1024,1
4096,8,1077,3.699338633374e-04,1024,1
4096,9,1077,4.355306251091e-04,1024,1
4096,10,1077,4.761963354507e-04,1024,1
4096,11,793,5.956348795504e-04,1024,1
4096,12,1881,6.452351521888e-04,1024,1
4096,13,1881,6.789609379139e-04,1024,1
4096,14,1881,7.185136130228e-04,1024,1
4096,15,533,7.996274883035e-04,1024,1
4096,16,1939,8.380883850228e-04,1024,1
4096,17,1939,8.661870464417e-04,1024,1
4096,18,1747,9.028888956062e-04,1024,1
4096,19,1747,9.213612048438e-04,1024,1
4096,20,1747,9.403354060562e-04,1024,1
4096,21,1747,9.604433872961e-04,1024,1
4096,22,213,9.808324812148e-04,1024,1
4096,23,213,1.003307763191e-03,1024,1
4096,24,213,1.041544718624e-03,1024,1
4096,25,213,1.068823205865e-03,1024,1
4096,26,213,1.083556752508e-03,1024,1
4096,27,213,1.122380499841e-03,1024,1
4096,28,213,1.141760512567e-03,1024,1
4096,29,213,1.154829177378e-03,1024,1
4096,30,213,1.165722278806e-03,1024,1
4096,31,1939,1.176828265211e-03,1024,1
4096,32,1939,1.185375235648e-03,1024,1
4096,33,1939,1.195124151866e-03,1024,0
4096,34,1939,1.203838634743e-03,1024,0
4096,35,1939,1.210923214542e-03,1024,0
4096,36,1939,1.218058769395e-03,1024,0
4096,37,1939,1.227935535737e-03,1024,0
4096,38,1939,1.235264169861e-03,1024,0
4096,39,1939,1.251548881525e-03,1024,0
4096,40,1939,1.261659879267e-03,1024,0
4096,41,1939,1.267719008286e-03,1024,0
4096,42,1939,1.274228249590e-03,1024,0
4096,43,1939,1.279947132445e-03,1024,0
4096,44,1939,1.288504629190e-03,1024,0
4096,45,1939,1.294529012161e-03,1024,0
4096,46,1939,1.298839842333e-03,1024,0
4096,47,1939,1.304978037285e-03,1024,0
4096,48,1939,1.310637580236e-03,1024,0
4096,49,1939,1.315049693819e-03,1024,0
4096,50,1939,1.319515004151e-03,1024,0
4096,51,1939,1.324191186047e-03,1024,0
4096,52,1939,1.328362373894e-03,1024,0
4096,53,1939,1.332111390678e-03,1024,0
4096,54,1939,1.354148140067e-03,1024,0
4096,55,1939,1.358326628711e-03,1024,0
4096,56,1939,1.362344535641e-03,1024,0
4096,57,1939,1.365774488189e-03,1024,0
4096,58,1939,1.370593004241e-03,1024,0
4096,59,1939,1.373920242838e-03,1024,0
4096,60,1939,1.376838898715e-03,1024,0
4096,61,1939,1.379281884433e-03,1024,0
4096,62,1939,1.381495602698e-03,1024,0
4096,63,1939,1.383739981416e-03,1024,0
4096,64,1939,1.389193108102e-03,1024,0
4096,65,1939,1.392206450167e-03,1024,0
4096,66,1939,1.395327111220e-03,1024,0
4096,67,1939,1.399043829818e-03,1024,0
4096,68,1939,1.401328913861e-03,1024,0
4096,69,1939,1.404623152905e-03,1024,0
4096,70,1939,1.408545297645e-03,1024,0
4096,71,1939,1.410804767213e-03,1024,0
4096,72,1939,1.412961502425e-03,1024,0
4096,73,1939,1.414867519751e-03,1024,0
4096,74,1939,1.416955405142e-03,1024,0
4096,75,1939,1.422138868714e-03,1024,0
4096,76,1939,1.424614330658e-03,1024,0
4096,77,1939,1.426804556862e-03,1024,0
4096,78,1939,1.428748786319e-03,1024,0
4096,79,1939,1.430329478113e-03,1024,0
4096,80,1939,1.432042506512e-03,1024,0
4096,81,1939,1.433465514103e-03,1024,0
4096,82,1939,1.436443830386e-03,1024,0
4096,83,1939,1.438164583964e-03,1024,0
4096,84,1939,1.439865662512e-03,1024,0
4096,85,1939,1.441658195059e-03,1024,0
4096,86,1939,1.443139360145e-03,1024,0
4096,87,1939,1.444547424685e-03,1024,0
4096,88,1939,1.446314491362e-03,1024,0
4096,89,1939,1.448389334290e-03,1024,0
4096,90,1939,1.449611668295e-03,1024,0
4096,91,1939,1.451019814090e-03,1024,0
4096,92,1939,1.452218317662e-03,1024,0
4096,93,1939,1.453308895785e-03,1024,0
4096,94,1939,1.455206763092e-03,1024,0
4096,95,1939,1.456518355749e-03,1024,0
4096,96,1939,1.457816288934e-03,1024,0
4096,97,1939,1.458971418057e-03,1024,0
4096,98,1939,1.460066121741e-03,1024,0
4096,99,1939,1.461171068605e-03,1024,0
4096,100,1939,1.462210455009e-03,1024,0
4096,101,1939,1.463185749884e-03,1024,0
4096,102,1939,1.464788959368e-03,1024,0
4096,103,1939,1.466684488423e-03,1024,0
4096,104,1939,1.467997704193e-03,1024,0
4096,105,1939,1.469532840120e-03,1024,0
4096,106,1939,1.470748216576e-03,1024,0
4096,107,1939,1.472402936719e-03,1024,0
4096,108,1939,1.473536484350e-03,1024,0
4096,109,1939,1.474478158254e-03,1024,0
4096,110,1939,1.475713635348e-03,1024,0
4096,111,1939,1.476828203290e-03,1024,0
4096,112,1939,1.478758688604e-03,1024,0
4096,113,1939,1.479965908445e-03,1024,0
4096,114,1939,1.480770093750e-03,1024,0
4096,115,1939,1.481831680963e-03,1024,0
4096,116,1939,1.482954054575e-03,1024,0
4096,117,1939,1.483818850980e-03,1024,0
4096,118,1939,1.484864386680e-03,1024,0
4096,119,1939,1.485525112512e-03,1024,0
4096,120,1939,1.486124388839e-03,1024,0
4096,121,1939,1.487723673304e-03,1024,0
4096,122,1939,1.488867312900e-03,1024,0
4096,123,1939,1.490459653943e-03,1024,0
4096,124,1939,1.491591177748e-03,1024,0
4096,125,1939,1.492224602292e-03,1024,0
4096,126,1939,1.493448017839e-03,1024,0
4096,127,1939,1.494212895958e-03,1024,0
4096,128,1939,1.494833825552e-03,1024,0
4096,129,1939,1.495582623465e-03,1024,0
4096,130,1939,1.496259261572e-03,1024,0
4096,131,1939,1.496888622812e-03,1024,0
4096,132,1939,1.497451466403e-03,1024,0
4096,133,1939,1.498187518585e-03,1024,0
4096,134,1939,1.498862330532e-03,1024,0
4096,135,1939,1.499671022582e-03,1024,0
4096,136,1939,1.500271887616e-03,1024,0
4096,137,1939,1.500870442479e-03,1024,0
4096,138,1939,1.501513964599e-03,1024,0
4096,139,1939,1.502039879592e-03,1024,0
4096,140,1939,1.502551483553e-03,1024,0
4096,141,1939,1.503091744934e-03,1024,0
4096,142,1939,1.503668040962e-03,1024,0
4096,143,1939,1.504479380918e-03,1024,0
4096,144,1939,1.505887905691e-03,1024,0
4096,145,1939,1.506625340469e-03,1024,0
4096,146,1939,1.507167156763e-03,1024,0
4096,147,1939,1.507938572696e-03,1024,0
4096,148,1939,1.508641021561e-03,1024,0
4096,149,1939,1.509116812036e-03,1024,0
4096,150,1939,1.509724907629e-03,1024,0
4096,151,1939,1.510384999183e-03,1024,0
4096,152,1939,1.510944166867e-03,1024,0
4096,153,1939,1.511367022349e-03,1024,0
4096,154,1939,1.511842457741e-03,1024,0
4096,155,1939,1.512352738070e-03,1024,0
4096,156,1939,1.512725712325e-03,1024,0
4096,157,1939,1.514705841474e-03,1024,0
4096,158,1939,1.515680461976e-03,1024,0
4096,159,1939,1.516153495261e-03,1024,0
4096,160,1939,1.517777141143e-03,1024,0
4096,161,1939,1.518260420565e-03,1024,0
4096,162,1939,1.518777786285e-03,1024,0
4096,163,1939,1.519290241931e-03,1024,0
4096,164,1939,1.519738621112e-03,1024,0
4096,165,1939,1.520348073969e-03,1024,0
4096,166,1939,1.521501991783e-03,1024,0
4096,167,1939,1.521978818383e-03,1024,0
4096,168,1939,1.522321036503e-03,1024,0
4096,169,1939,1.522636219119e-03,1024,0
4096,170,1939,1.523099496030e-03,1024,0
4096,171,1939,1.523390134359e-03,1024,0
4096,172,1939,1.523752695475e-03,1024,0
4096,173,1939,1.524138391269e-03,1024,0
4096,174,1939,1.525088767158e-03,1024,0
4096,175,1939,1.525708557669e-03,1024,0
4096,176,1939,1.526101710894e-03,1024,0
4096,177,1939,1.526404529443e-03,1024,0
4096,178,1939,1.526750470446e-03,1024,0
4096,179,1939,1.527115416093e-03,1024,0
4096,180,1939,1.527480406433e-03,1024,0
4096,181,1939,1.527836601635e-03,1024,0
4096,182,1939,1.535346928470e-03,1024,0
4096,183,1939,1.537430753080e-03,1024,0
4096,184,1939,1.538495333684e-03,1024,0
4096,185,1939,1.539384323193e-03,1024,0
4096,186,1939,1.539940639792e-03,1024,0
4096,187,1939,1.540393659536e-03,1024,0
4096,188,1939,1.540899782524e-03,1024,0
4096,189,1939,1.541383755101e-03,1024,0
4096,190,1939,1.541747743627e-03,1024,0
4096,191,1939,1.542115149146e-03,1024,0
4096,192,1939,1.542685126684e-03,1024,0
4096,193,1939,1.543021347782e-03,1024,0
4096,194,1939,1.543385341658e-03,1024,0
4096,195,1939,1.543662295607e-03,1024,0
4096,196,1939,1.544839909503e-03,1024,0
4096,197,1939,1.545207144007e-03,1024,0
4096,198,1939,1.545511983436e-03,1024,0
4096,199,1939,1.546014717858e-03,1024,0
4096,200,1939,1.548438141295e-03,1024,0
4096,201,1939,1.549266532956e-03,1024,0
4096,202,1939,1.550004662310e-03,1024,0
4096,203,1939,1.550427408537e-03,1024,0
4096,204,1939,1.550762855192e-03,1024,0
4096,205,1939,1.551202489887e-03,1024,0
4096,206,1939,1.551484558689e-03,1024,0
4096,207,1939,1.551770811939e-03,1024,0
4096,208,1939,1.552024476355e-03,1024,0
4096,209,1939,1.552284428606e-03,1024,0
4096,210,1939,1.552549966968e-03,1024,0
4096,211,1939,1.552798010383e-03,1024,0
4096,212,1939,1.553160428525e-03,1024,0
4096,213,1939,1.553563165131e-03,1024,0
4096,214,1939,1.553811687348e-03,1024,0
4096,215,1939,1.554039090633e-03,1024,0
4096,216,1939,1.554280146459e-03,1024,0
4096,217,1939,1.554529962055e-03,1024,0
4096,218,1939,1.555428523668e-03,1024,0
4096,219,1939,1.555828370846e-03,1024,0
4096,220,1939,1.556110833274e-03,1024,0
4096,221,1939,1.556611580567e-03,1024,0
4096,222,1939,1.556929801857e-03,1024,0
4096,223,1939,1.557280036843e-03,1024,0
4096,224,1939,1.557511519958e-03,1024,0
4096,225,1939,1.557770619693e-03,1024,0
4096,226,1939,1.557975419062e-03,1024,0
4096,227,1939,1.558195252946e-03,1024,0
4096,228,1939,1.558420511772e-03,1024,0
4096,229,1939,1.558681965873e-03,1024,0
4096,230,1939,1.558978333963e-03,1024,0
4096,231,1939,1.559206538776e-03,1024,0
4096,232,1939,1.559386869936e-03,1024,0
4096,233,1939,1.559599892804e-03,1024,0
4096,234,1939,1.560042807503e-03,1024,0
4096,235,1939,1.560351824424e-03,1024,0
4096,236,1939,1.560679607990e-03,1024,0
4096,237,1939,1.560871735015e-03,1024,0
4096,238,1939,1.561287104307e-03,1024,0
4096,239,1939,1.561591723553e-03,1024,0
4096,240,1939,1.561779588165e-03,1024,0
4096,241,1939,1.561957196209e-03,1024,0
4096,242,1939,1.562127107951e-03,1024,0
4096,243,1939,1.562324768185e-03,1024,0
4096,244,1939,1.562664741546e-03,1024,0
4096,245,1939,1.562855385693e-03,1024,0
4096,246,1939,1.563044895021e-03,1024,0
4096,247,1939,1.563203002598e-03,1024,0
4096,248,1939,1.563449277947e-03,1024,0
4096,249,1939,1.563638020481e-03,1024,0
4096,250,1939,1.563866363091e-03,1024,0
4999,1,1,1.316473787760e-07,2499,1
4999,2,1913,2.581679218849e-06,2499,1
4999,3,1311,1.585953846561e-05,2499,1
4999,4,1300,5.401739431821e-05,2499,1
4999,5,1314,1.083441324470e-04,2499,1
4999,6,1452,1.655689787041e-04,2499,1
4999,7,958,2.192902156268e-04,2499,1
4999,8,498,2.777180301301e-04,2499,1
4999,9,498,3.228843000922e-04,2499,1
4999,10,1750,3.902503297668e-04,2499,1
4999,11,2400,4.267841060821e-04,2499,1
4999,12,340,4.727374847329e-04,2499,1
4999,13,457,5.098697500057e-04,2499,1
4999,14,1019,5.489203130509e-04,2499,1
4999,15,1019,5.699237698442e-04,2499,1
4999,16,1019,5.899854901519e-04,2499,1
4999,17,1019,6.267222649916e-04,2499,1
4999,18,1019,6.474175027793e-04,2499,1
4999,19,1019,6.651658910706e-04,2499,1
4999,20,1019,6.809762976361e-04,2499,1
4999,21,958,7.037767881684e-04,2499,1
4999,22,958,7.163331906819e-04,2499,1
4999,23,958,7.332310225976e-04,2499,1
4999,24,958,7.466218850560e-04,2499,1
4999,25,958,7.588759701926e-04,2499,1
4999,26,958,7.703672750028e-04,2499,1
4999,27,958,7.799856112205e-04,2499,1
4999,28,958,7.931880224465e-04,2499,1
4999,29,958,8.014670546483e-04,2499,1
4999,30,958,8.143663707374e-04,2499,1
4999,31,958,8.229499532704e-04,2499,1
4999,32,958,8.305986179353e-04,2499,1
4999,33,958,8.376380670931e-04,2499,0
4999,34,958,8.450531359256e-04,2499,0
4999,35,958,8.560723860811e-04,2499,0
4999,36,958,8.661866992536e-04,2499,0
4999,37,958,8.718170437625e-04,2499,0
4999,38,958,8.826955592931e-04,2499,0
4999,39,958,8.874284166194e-04,2499,0
4999,40,2159,9.394305106529e-04,2499,0
4999,41,2159,9.449650270525e-04,2499,0
4999,42,2159,9.492828000373e-04,2499,0
4999,43,2159,9.543958172753e-04,2499,0
4999,44,2159,9.580395555553e-04,2499,0
4999,45,2159,9.632922365768e-04,2499,0
4999,46,2159,9.743559769988e-04,2499,0
4999,47,2159,9.791089545039e-04,2499,0
4999,48,2159,9.869997210235e-04,2499,0
4999,49,2159,9.931861852399e-04,2499,0
4999,50,2159,9.983955486055e-04,2499,0
4999,51,2159,1.002370897833e-03,2499,0
4999,52,2159,1.007897888887e-03,2499,0
4999,53,2159,1.011000239684e-03,2499,0
4999,54,2159,1.014123863820e-03,2499,0
4999,55,2159,1.016900961798e-03,2499,0
4999,56,2159,1.019776619571e-03,2499,0
4999,57,2159,1.023998130520e-03,2499,0
4999,58,2159,1.026846369782e-03,2499,0
4999,59,2159,1.029282902882e-03,2499,0
4999,60,2159,1.033845195995e-03,2499,0
4999,61,2159,1.036404551473e-03,2499,0
4999,62,2159,1.038642970824e-03,2499,0
4999,63,2159,1.040661258590e-03,2499,0
4999,64,2159,1.042327786495e-03,2499,0
4999,65,2159,1.044571209331e-03,2499,0
4999,66,2159,1.046658281824e-03,2499,0
4999,67,2159,1.048472167750e-03,2499,0
4999,68,2159,1.077758773711e-03,2499,0
4999,69,1715,1.083027149421e-03,2499,0
4999,70,1715,1.085156787528e-03,2499,0
4999,71,1715,1.087022769994e-03,2499,0
4999,72,1715,1.088952904973e-03,2499,0
4999,73,1715,1.090974797800e-03,2499,0
4999,74,1715,1.092611512846e-03,2499,0
4999,75,1715,1.093939865015e-03,2499,0
4999,76,1715,1.095631097628e-03,2499,0
4999,77,1715,1.096993667875e-03,2499,0
4999,78,1715,1.102368820445e-03,2499,0
4999,79,1715,1.104326011401e-03,2499,0
4999,80,1715,1.105687692073e-03,2499,0
4999,81,1715,1.107124620695e-03,2499,0
4999,82,1715,1.108616604423e-03,2499,0
4999,83,1715,1.110146750933e-03,2499,0
4999,84,1715,1.111425711976e-03,2499,0
4999,85,1715,1.120372892548e-03,2499,0
4999,86,1715,1.122474528229e-03,2499,0
4999,87,1715,1.123653843271e-03,2499,0
4999,88,1715,1.124748832150e-03,2499,0
4999,89,1715,1.126132921591e-03,2499,0
4999,90,1715,1.127245077387e-03,2499,0
4999,91,1715,1.128368162539e-03,2499,0
4999,92,1715,1.129577710431e-03,2499,0
4999,93,1715,1.130837906002e-03,2499,0
4999,94,1715,1.131693524520e-03,2499,0
4999,95,1715,1.134660003497e-03,2499,0
4999,96,1715,1.135631688735e-03,2499,0
4999,97,551,1.139201034288e-03,2499,0
4999,98,551,1.140114582889e-03,2499,0
4999,99,551,1.141265066246e-03,2499,0
4999,100,551,1.142089268113e-03,2499,0
4999,101,551,1.142971647523e-03,2499,0
4999,102,551,1.144152696982e-03,2499,0
4999,103,551,1.145513533378e-03,2499,0
4999,104,551,1.146885006401e-03,2499,0
4999,105,551,1.147737664086e-03,2499,0
4999,106,1715,1.153933362187e-03,2499,0
4999,107,1715,1.154681701346e-03,2499,0
4999,108,1715,1.155387545205e-03,2499,0
4999,109,1715,1.156479552166e-03,2499,0
4999,110,1715,1.157225050656e-03,2499,0
4999,111,1715,1.162396889250e-03,2499,0
4999,112,1715,1.163660397759e-03,2499,0
4999,113,1715,1.164404615752e-03,2499,0
4999,114,1715,1.165036406764e-03,2499,0
4999,115,1715,1.165996322042e-03,2499,0
4999,116,1715,1.167077123896e-03,2499,0
4999,117,1715,1.168041912734e-03,2499,0
4999,118,1715,1.168813258213e-03,2499,0
4999,119,1715,1.169510299318e-03,2499,0
4999,120,1715,1.170182844112e-03,2499,0
4999,121,1715,1.170796171224e-03,2499,0
4999,122,1715,1.171348970171e-03,2499,0
4999,123,2159,1.174118446891e-03,2499,0
4999,124,2159,1.174610744333e-03,2499,0
4999,125,2159,1.175162797710e-03,2499,0
4999,126,2159,1.175744662909e-03,2499,0
4999,127,2159,1.176755070876e-03,2499,0
4999,128,2159,1.179203432005e-03,2499,0
4999,129,2159,1.179989894233e-03,2499,0
4999,130,2159,1.180894318237e-03,2499,0
4999,131,2159,1.181434714644e-03,2499,0
4999,132,2159,1.181903216584e-03,2499,0
4999,133,2159,1.182387406961e-03,2499,0
4999,134,2159,1.182868439861e-03,2499,0
4999,135,2159,1.183320224743e-03,2499,0
4999,136,2159,1.183801440024e-03,2499,0
4999,137,2159,1.184294165373e-03,2499,0
4999,138,2159,1.184938985956e-03,2499,0
4999,139,2159,1.185296856883e-03,2499,0
4999,140,2159,1.186342722347e-03,2499,0
4999,141,2159,1.186935416841e-03,2499,0
4999,142,2159,1.187415942567e-03,2499,0
4999,143,2159,1.187791694127e-03,2499,0
4999,144,2159,1.188376356175e-03,2499,0
4999,145,2159,1.188888521636e-03,2499,0
4999,146,2159,1.189309185721e-03,2499,0
4999,147,2159,1.189688108098e-03,2499,0
4999,148,2159,1.190207666183e-03,2499,0
4999,149,2159,1.191217978160e-03,2499,0
4999,150,2159,1.191695899562e-03,2499,0
4999,151,2159,1.192133640666e-03,2499,0
4999,152,2159,1.192467239155e-03,2499,0
4999,153,2159,1.192829211362e-03,2499,0
4999,154,2159,1.193134011970e-03,2499,0
4999,155,2159,1.193479455960e-03,2499,0
4999,156,2159,1.193915641200e-03,2499,0
4999,157,2159,1.194247476026e-03,2499,0
4999,158,2159,1.194676910349e-03,2499,0
4999,159,2159,1.195023197177e-03,2499,0
4999,160,2159,1.195420647337e-03,2499,0
4999,161,2159,1.195737749739e-03,2499,0
4999,162,2159,1.196328631572e-03,2499,0
4999,163,2159,1.197214185281e-03,2499,0
4999,164,2159,1.198547262522e-03,2499,0
4999,165,2159,1.199353483730e-03,2499,0
4999,166,2159,1.199763191875e-03,2499,0
4999,167,2159,1.200305607807e-03,2499,0
4999,168,2159,1.200625971945e-03,2499,0
4999,169,2159,1.200963672564e-03,2499,0
4999,170,2159,1.201291186365e-03,2499,0
4999,171,2159,1.201586441336e-03,2499,0
4999,172,2159,1.201886698221e-03,2499,0
4999,173,2159,1.202200572352e-03,2499,0
4999,174,2159,1.202458498263e-03,2499,0
4999,175,2159,1.202905299445e-03,2499,0
4999,176,2159,1.203293574861e-03,2499,0
4999,177,2159,1.203558710981e-03,2499,0
4999,178,2159,1.203818751755e-03,2499,0
4999,179,2159,1.204103159231e-03,2499,0
4999,180,2159,1.204498934489e-03,2499,0
4999,181,2159,1.204802437207e-03,2499,0
4999,182,2159,1.205148259028e-03,2499,0
4999,183,2159,1.205512320125e-03,2499,0
4999,184,2159,1.205750379506e-03,2499,0
4999,185,2159,1.206001883996e-03,2499,0
4999,186,2159,1.207121409559e-03,2499,0
4999,187,2159,1.207446194355e-03,2499,0
4999,188,2159,1.207704284840e-03,2499,0
4999,189,2159,1.207949144465e-03,2499,0
4999,190,2159,1.208270086263e-03,2499,0
4999,191,2159,1.208492585605e-03,2499,0
4999,192,2159,1.208758098286e-03,2499,0
4999,193,2159,1.209056018991e-03,2499,0
4999,194,2159,1.209392394488e-03,2499,0
4999,195,2159,1.209629434947e-03,2499,0
4999,196,2159,1.209922712409e-03,2499,0
4999,197,2159,1.210124223665e-03,2499,0
4999,198,2159,1.210575495664e-03,2499,0
4999,199,2159,1.210833234845e-03,2499,0
4999,200,2159,1.211029598115e-03,2499,0
4999,201,2159,1.211229514795e-03,2499,0
4999,202,2159,1.211557423855e-03,2499,0
4999,203,2159,1.212032139525e-03,2499,0
4999,204,2159,1.213686378989e-03,2499,0
4999,205,2159,1.214088681125e-03,2499,0
4999,206,2159,1.214347397192e-03,2499,0
4999,207,2159,1.214554237052e-03,2499,0
4999,208,2159,1.214836141944e-03,2499,0
4999,209,2159,1.215063872180e-03,2499,0
4999,210,2159,1.215262119555e-03,2499,0
4999,211,2159,1.215441690411e-03,2499,0
4999,212,2159,1.215668829952e-03,2499,0
4999,213,2159,1.215893023051e-03,2499,0
4999,214,2159,1.216074717028e-03,2499,0
4999,215,2159,1.216242951960e-03,2499,0
4999,216,2159,1.216462221293e-03,2499,0
4999,217,2159,1.216690369650e-03,2499,0
4999,218,2159,1.216972353742e-03,2499,0
4999,219,2159,1.217145698988e-03,2499,0
4999,220,2159,1.217361878997e-03,2499,0
4999,221,2159,1.217531185403e-03,2499,0
4999,222,2159,1.217744731459e-03,2499,0
4999,223,2159,1.217946789508e-03,2499,0
4999,224,2159,1.218156227119e-03,2499,0
4999,225,2159,1.218376541704e-03,2499,0
4999,226,2159,1.218555977958e-03,2499,0
4999,227,2159,1.218809128450e-03,2499,0
4999,228,2159,1.218987982129e-03,2499,0
4999,229,2159,1.221535055087e-03,2499,0
4999,230,2159,1.221941507155e-03,2499,0
4999,231,2159,1.222346639732e-03,2499,0
4999,232,2159,1.222596067483e-03,2499,0
4999,233,2159,1.222776795928e-03,2499,0
4999,234,2159,1.222945018228e-03,2499,0
4999,235,2159,1.223138659138e-03,2499,0
4999,236,2159,1.223424131574e-03,2499,0
4999,237,2159,1.223592132902e-03,2499,0
4999,238,2159,1.223758727225e-03,2499,0
4999,239,2159,1.223908632547e-03,2499,0
4999,240,2159,1.224094418031e-03,2499,0
4999,241,2159,1.224254486584e-03,2499,0
4999,242,2159,1.224476639034e-03,2499,0
4999,243,2159,1.224657679682e-03,2499,0
4999,244,2159,1.224792361746e-03,2499,0
4999,245,2159,1.225138238220e-03,2499,0
4999,246,2159,1.225285633365e-03,2499,0
4999,247,2159,1.225409683420e-03,2499,0
4999,248,2159,1.225601592972e-03,2499,0
4999,249,2159,1.225742392096e-03,2499,0
4999,250,2159,1.225874455297e-03,2499,0
8191,1,1,4.903482597740e-08,4095,1
8191,2,3457,9.966504981307e-07,4095,1
8191,3,1313,7.748866840629e-06,4095,1
8191,4,2805,2.229911080720e-05,4095,1
8191,5,2805,4.832085465756e-05,4095,1
8191,6,1193,7.180511108973e-05,4095,1
8191,7,3788,1.077121292314e-04,4095,1
8191,8,3788,1.371506543859e-04,4095,1
8191,9,3788,1.653360204499e-04,4095,1
8191,10,3788,1.916160707729e-04,4095,1
8191,11,3788,2.093547072517e-04,4095,1
8191,12,1163,2.376050578639e-04,4095,1
8191,13,1163,2.522086288126e-04,4095,1
8191,14,1163,2.651457556657e-04,4095,1
8191,15,1163,2.814640902262e-04,4095,1
8191,16,1163,2.969101536783e-04,4095,1
8191,17,1163,3.105585050269e-04,4095,1
8191,18,1163,3.229762687778e-04,4095,1
8191,19,1163,3.327064572154e-04,4095,1
8191,20,1163,3.405361527562e-04,4095,1
8191,21,1163,3.491739924195e-04,4095,1
8191,22,2918,3.863875549979e-04,4095,1
8191,23,2918,3.929259502322e-04,4095,1
8191,24,2918,4.034876186096e-04,4095,1
8191,25,2918,4.128752561707e-04,4095,1
8191,26,3655,4.236271917679e-04,4095,1
8191,27,3655,4.312214742659e-04,4095,1
8191,28,3655,4.355237724103e-04,4095,1
8191,29,3655,4.404900539108e-04,4095,1
8191,30,3971,4.567500633663e-04,4095,1
8191,31,3971,4.666882099384e-04,4095,1
8191,32,3971,4.709394945646e-04,4095,1
8191,33,3971,4.755016156357e-04,4095,0
8191,34,3971,4.795119935430e-04,4095,0
8191,35,3971,4.832962014534e-04,4095,0
8191,36,3971,4.864100684048e-04,4095,0
8191,37,3971,4.894394223511e-04,4095,0
8191,38,3971,4.930098479763e-04,4095,0
8191,39,3971,4.956399931633e-04,4095,0
8191,40,2918,5.030205699426e-04,4095,0
8191,41,2918,5.058365855268e-04,4095,0
8191,42,2918,5.080044779513e-04,4095,0
8191,43,2918,5.109850912124e-04,4095,0
8191,44,2918,5.136712949636e-04,4095,0
8191,45,2918,5.164432520814e-04,4095,0
8191,46,2918,5.194013560752e-04,4095,0
8191,47,2918,5.217207122372e-04,4095,0
8191,48,2918,5.237269619440e-04,4095,0
8191,49,2918,5.255257360273e-04,4095,0
8191,50,2918,5.344021858866e-04,4095,0
8191,51,2918,5.375780076802e-04,4095,0
8191,52,2918,5.398678535466e-04,4095,0
8191,53,2918,5.416903258084e-04,4095,0
8191,54,3842,5.432594966324e-04,4095,0
8191,55,2918,5.455836441879e-04,4095,0
8191,56,2918,5.476290472182e-04,4095,0
8191,57,2918,5.497379064243e-04,4095,0
8191,58,2918,5.539022709913e-04,4095,0
8191,59,2918,5.558418794802e-04,4095,0
8191,60,2918,5.579152746300e-04,4095,0
8191,61,2918,5.594069718704e-04,4095,0
8191,62,2918,5.605431384745e-04,4095,0
8191,63,2918,5.618528177325e-04,4095,0
8191,64,2918,5.629302692574e-04,4095,0
8191,65,2918,5.650923829443e-04,4095,0
8191,66,2918,5.662376033708e-04,4095,0
8191,67,2918,5.675205552833e-04,4095,0
8191,68,2918,5.731096724944e-04,4095,0
8191,69,2918,5.752450552277e-04,4095,0
8191,70,2918,5.764983084176e-04,4095,0
8191,71,2918,5.775946268463e-04,4095,0
8191,72,3842,5.833422254380e-04,4095,0
8191,73,3842,5.842672526675e-04,4095,0
8191,74,3842,5.854171953512e-04,4095,0
8191,75,3842,5.862849796014e-04,4095,0
8191,76,3842,5.878845175389e-04,4095,0
8191,77,3842,5.889238971932e-04,4095,0
8191,78,3842,5.898469089813e-04,4095,0
8191,79,3842,5.908921767759e-04,4095,0
8191,80,3842,5.916326437652e-04,4095,0
8191,81,3842,5.927699521480e-04,4095,0
8191,82,3842,5.946758344602e-04,4095,0
8191,83,3842,5.960070583790e-04,4095,0
8191,84,3842,5.969550989398e-04,4095,0
8191,85,3842,5.976824512199e-04,4095,0
8191,86,3842,5.983454209586e-04,4095,0
8191,87,3842,5.991153506744e-04,4095,0
8191,88,3842,5.997741523778e-04,4095,0
8191,89,3842,6.005918614307e-04,4095,0
8191,90,3842,6.014730455912e-04,4095,0
8191,91,3842,6.060148926645e-04,4095,0
8191,92,3842,6.074850307871e-04,4095,0
8191,93,3842,6.083987117267e-04,4095,0
8191,94,3842,6.091908302899e-04,4095,0
8191,95,3842,6.098503210312e-04,4095,0
8191,96,3842,6.104291401416e-04,4095,0
8191,97,3842,6.110476778922e-04,4095,0
8191,98,3842,6.117036890474e-04,4095,0
8191,99,3842,6.124541376116e-04,4095,0
8191,100,3842,6.130081446174e-04,4095,0
8191,101,3842,6.137804972659e-04,4095,0
8191,102,3842,6.144133528814e-04,4095,0
8191,103,3842,6.148987168557e-04,4095,0
8191,104,3842,6.155226922553e-04,4095,0
8191,105,3842,6.159628253037e-04,4095,0
8191,106,3842,6.165574608408e-04,4095,0
8191,107,3842,6.174978245359e-04,4095,0
8191,108,3842,6.182060134599e-04,4095,0
8191,109,3842,6.187964440161e-04,4095,0
8191,110,3842,6.193275882622e-04,4095,0
8191,111,3842,6.198116163256e-04,4095,0
8191,112,3842,6.203357474965e-04,4095,0
8191,113,3842,6.210419500925e-04,4095,0
8191,114,3842,6.215118176451e-04,4095,0
8191,115,3842,6.219271866317e-04,4095,0
8191,116,3842,6.224901874217e-04,4095,0
8191,117,3842,6.228308770171e-04,4095,0
8191,118,3842,6.232635958019e-04,4095,0
8191,119,3842,6.236603421088e-04,4095,0
8191,120,3842,6.240739593002e-04,4095,0
8191,121,3842,6.244204612496e-04,4095,0
8191,122,3842,6.247780786528e-04,4095,0
8191,123,3842,6.252972523977e-04,4095,0
8191,124,3842,6.256327397896e-04,4095,0
8191,125,3842,6.259456331674e-04,4095,0
8191,126,3842,6.263141263905e-04,4095,0
8191,127,3842,6.266989431207e-04,4095,0
8191,128,3842,6.270296879087e-04,4095,0
8191,129,3842,6.273541705795e-04,4095,0
8191,130,3842,6.275877227335e-04,4095,0
8191,131,3842,6.278333094196e-04,4095,0
8191,132,3842,6.282437366556e-04,4095,0
8191,133,3842,6.285150077321e-04,4095,0
8191,134,3842,6.287636072555e-04,4095,0
8191,135,3842,6.290275958816e-04,4095,0
8191,136,3842,6.365757858231e-04,4095,0
8191,137,3842,6.385729745986e-04,4095,0
8191,138,3842,6.395550220413e-04,4095,0
8191,139,3842,6.402279795217e-04,4095,0
8191,140,3842,6.411906554702e-04,4095,0
8191,141,3842,6.416847927306e-04,4095,0
8191,142,3842,6.420500499431e-04,4095,0
8191,143,3842,6.424384154342e-04,4095,0
8191,144,3842,6.429080882853e-04,4095,0
8191,145,3842,6.431981612403e-04,4095,0
8191,146,3842,6.434840016640e-04,4095,0
8191,147,3842,6.443327401922e-04,4095,0
8191,148,3842,6.446582197759e-04,4095,0
8191,149,3842,6.449398951041e-04,4095,0
8191,150,3842,6.452109745834e-04,4095,0
8191,151,3842,6.454187157066e-04,4095,0
8191,152,3842,6.457758058227e-04,4095,0
8191,153,3842,6.460362029701e-04,4095,0
8191,154,3842,6.462414342669e-04,4095,0
8191,155,3842,6.464621635229e-04,4095,0
8191,156,3842,6.466755330179e-04,4095,0
8191,157,3842,6.469377921865e-04,4095,0
8191,158,3842,6.471537796442e-04,4095,0
8191,159,3842,6.473450250408e-04,4095,0
8191,160,3842,6.475450822807e-04,4095,0
8191,161,3842,6.477418578044e-04,4095,0
8191,162,3842,6.479632608585e-04,4095,0
8191,163,3842,6.481549116324e-04,4095,0
8191,164,3842,6.484144942767e-04,4095,0
8191,165,3842,6.486196163336e-04,4095,0
8191,166,3842,6.488563528633e-04,4095,0
8191,167,3842,6.490683899394e-04,4095,0
8191,168,3842,6.492619458385e-04,4095,0
8191,169,3842,6.494481847272e-04,4095,0
8191,170,3842,6.496273312497e-04,4095,0
8191,171,3842,6.497983312015e-04,4095,0
8191,172,3842,6.502078015485e-04,4095,0
8191,173,3842,6.503955555104e-04,4095,0
8191,174,3842,6.506555153305e-04,4095,0
8191,175,3842,6.508901441025e-04,4095,0
8191,176,3842,6.510438816874e-04,4095,0
8191,177,3842,6.511925260475e-04,4095,0
8191,178,3842,6.514391602255e-04,4095,0
8191,179,3842,6.516860139330e-04,4095,0
8191,180,3842,6.519236062508e-04,4095,0
8191,181,3842,6.520938676431e-04,4095,0
8191,182,3842,6.522586390283e-04,4095,0
8191,183,3842,6.524204372560e-04,4095,0
8191,184,3842,6.525843412479e-04,4095,0
8191,185,3842,6.527414330599e-04,4095,0
8191,186,3842,6.528913343882e-04,4095,0
8191,187,3842,6.530206511515e-04,4095,0
8191,188,3842,6.531752360219e-04,4095,0
8191,189,3842,6.533393725299e-04,4095,0
8191,190,3842,6.534989135474e-04,4095,0
8191,191,3842,6.536244268072e-04,4095,0
8191,192,3842,6.537506652220e-04,4095,0
8191,193,3842,6.540594349831e-04,4095,0
8191,194,3842,6.542125314704e-04,4095,0
8191,195,3842,6.544621280224e-04,4095,0
8191,196,3842,6.546257514701e-04,4095,0
8191,197,3842,6.549135180323e-04,4095,0
8191,198,3842,6.550753416648e-04,4095,0
8191,199,3842,6.551952711245e-04,4095,0
8191,200,3842,6.553447414133e-04,4095,0
8191,201,3842,6.555054053929e-04,4095,0
8191,202,3842,6.556345685031e-04,4095,0
8191,203,3842,6.557968325871e-04,4095,0
8191,204,3842,6.561293111562e-04,4095,0
8191,205,3842,6.562824084564e-04,4095,0
8191,206,3842,6.563996339466e-04,4095,0
8191,207,3842,6.566801882928e-04,4095,0
8191,208,3842,6.568975169390e-04,4095,0
8191,209,3842,6.570376014796e-04,4095,0
8191,210,3842,6.572416454382e-04,4095,0
8191,211,3842,6.576998934533e-04,4095,0
8191,212,3842,6.578752399395e-04,4095,0
8191,213,3842,6.580201338231e-04,4095,0
8191,214,3842,6.581461747421e-04,4095,0
8191,215,3842,6.582469910899e-04,4095,0
8191,216,3842,6.583527915873e-04,4095,0
8191,217,3842,6.584546429385e-04,4095,0
8191,218,3842,6.585635234500e-04,4095,0
8191,219,3842,6.587237176632e-04,4095,0
8191,220,3842,6.588286796700e-04,4095,0
8191,221,3842,6.589236770282e-04,4095,0
8191,222,3842,6.590274500555e-04,4095,0
8191,223,3842,6.591358827890e-04,4095,0
8191,224,3842,6.592262097362e-04,4095,0
8191,225,3842,6.593442713489e-04,4095,0
8191,226,2918,6.668097748730e-04,4095,0
8191,227,2918,6.669324354691e-04,4095,0
8191,228,2918,6.670230391344e-04,4095,0
8191,229,2918,6.671082621885e-04,4095,0
8191,230,2918,6.672169473891e-04,4095,0
8191,231,2918,6.673044947809e-04,4095,0
8191,232,2918,6.674595091516e-04,4095,0
8191,233,2918,6.675563698975e-04,4095,0
8191,234,2918,6.676440290805e-04,4095,0
8191,235,2918,6.678245379597e-04,4095,0
8191,236,2918,6.679398414589e-04,4095,0
8191,237,2918,6.680224800077e-04,4095,0
8191,238,2918,6.682853755511e-04,4095,0
8191,239,2918,6.684665455372e-04,4095,0
8191,240,2918,6.685907648878e-04,4095,0
8191,241,2918,6.687039205815e-04,4095,0
8191,242,2918,6.687927033993e-04,4095,0
8191,243,2918,6.689400452193e-04,4095,0
8191,244,2918,6.690990412788e-04,4095,0
8191,245,2918,6.692105890427e-04,4095,0
8191,246,2918,6.692867415243e-04,4095,0
8191,247,2918,6.693579731596e-04,4095,0
8191,248,2918,6.694336196227e-04,4095,0
8191,249,2918,6.695536890833e-04,4095,0
8191,250,2918,6.696372887909e-04,4095,0
8192,1,1,4.902285510866e-08,2048,1
8192,2,2431,1.008011486281e-06,2048,1
8192,3,1503,6.717458159944e-06,2048,1
8192,4,3761,2.479840188885e-05,2048,1
8192,5,2905,5.141819775689e-05,2048,1
8192,6,749,8.039607853672e-05,2048,1
8192,7,2565,1.085001330505e-04,2048,1
8192,8,3019,1.409309749656e-04,2048,1
8192,9,3019,1.735722365943e-04,2048,1
8192,10,3019,1.925687391848e-04,2048,1
8192,11,3019,2.108276638479e-04,2048,1
8192,12,3019,2.265139064641e-04,2048,1
8192,13,3019,2.448529370684e-04,2048,1
8192,14,3019,2.581438665334e-04,2048,1
8192,15,3019,2.801111611650e-04,2048,1
8192,16,3019,2.977283116778e-04,2048,1
8192,17,3019,3.087202752317e-04,2048,1
8192,18,3019,3.193765619083e-04,2048,1
8192,19,3019,3.365775232087e-04,2048,1
8192,20,3019,3.474896121307e-04,2048,1
8192,21,3019,3.545515089070e-04,2048,1
8192,22,3019,3.650446848258e-04,2048,1
8192,23,3019,3.712969248586e-04,2048,1
8192,24,3019,3.780103593305e-04,2048,1
8192,25,3019,3.896450993155e-04,2048,1
8192,26,3019,4.080401119029e-04,2048,1
8192,27,3019,4.144539365540e-04,2048,1
8192,28,3019,4.588082643693e-04,2048,1
8192,29,957,4.638264543015e-04,2048,1
8192,30,1499,4.698110507175e-04,2048,1
8192,31,3019,4.779690643395e-04,2048,1
8192,32,3019,4.822893819834e-04,2048,1
8192,33,3019,4.876896919905e-04,2048,0
8192,34,957,4.924449571981e-04,2048,0
8192,35,957,4.959655909482e-04,2048,0
8192,36,3019,5.009219972305e-04,2048,0
8192,37,3019,5.050109096665e-04,2048,0
8192,38,957,5.087436536995e-04,2048,0
8192,39,957,5.149879013349e-04,2048,0
8192,40,957,5.179597819474e-04,2048,0
8192,41,957,5.219320460648e-04,2048,0
8192,42,957,5.246216720787e-04,2048,0
8192,43,957,5.287637469795e-04,2048,0
8192,44,957,5.310209156644e-04,2048,0
8192,45,957,5.374298332281e-04,2048,0
8192,46,3219,5.470145712434e-04,2048,0
8192,47,1079,5.546479470593e-04,2048,0
8192,48,1079,5.563153372896e-04,2048,0
8192,49,1079,5.580507910041e-04,2048,0
8192,50,1079,5.597569564380e-04,2048,0
8192,51,1079,5.617149334614e-04,2048,0
8192,52,1079,5.630727128163e-04,2048,0
8192,53,1079,5.645201066744e-04,2048,0
8192,54,1079,5.658388976886e-04,2048,0
8192,55,1079,5.698277033308e-04,2048,0
8192,56,1079,5.715007294387e-04,2048,0
8192,57,1079,5.726929177083e-04,2048,0
8192,58,3219,5.752333760465e-04,2048,0
8192,59,3219,5.767254193625e-04,2048,0
8192,60,3219,5.783325075863e-04,2048,0
8192,61,3219,5.796183239957e-04,2048,0
8192,62,3219,5.812362188049e-04,2048,0
8192,63,3219,5.824263583556e-04,2048,0
8192,64,3219,5.837717339119e-04,2048,0
8192,65,3219,5.852337609622e-04,2048,0
8192,66,3219,5.863411479261e-04,2048,0
8192,67,3219,5.872209299533e-04,2048,0
8192,68,3219,5.881016021050e-04,2048,0
8192,69,3219,5.892464829484e-04,2048,0
8192,70,3219,5.907718677991e-04,2048,0
8192,71,3219,5.918040216537e-04,2048,0
8192,72,3219,5.928584970651e-04,2048,0
8192,73,3219,5.939598065823e-04,2048,0
8192,74,3219,5.948230487756e-04,2048,0
8192,75,3219,5.958383641194e-04,2048,0
8192,76,3219,5.965975609361e-04,2048,0
8192,77,3219,5.975841990415e-04,2048,0
8192,78,3219,6.033565256867e-04,2048,0
8192,79,3219,6.046121323744e-04,2048,0
8192,80,3219,6.054906532982e-04,2048,0
8192,81,3219,6.061761244867e-04,2048,0
8192,82,3219,6.069640681496e-04,2048,0
8192,83,3219,6.076824078343e-04,2048,0
8192,84,3219,6.082323621837e-04,2048,0
8192,85,3219,6.090310462707e-04,2048,0
8192,86,3219,6.099674478925e-04,2048,0
8192,87,3219,6.106421976415e-04,2048,0
8192,88,3219,6.112811768255e-04,2048,0
8192,89,3219,6.119392826187e-04,2048,0
8192,90,3219,6.124889094692e-04,2048,0
8192,91,3219,6.131332487371e-04,2048,0
8192,92,3219,6.137005458018e-04,2048,0
8192,93,3219,6.179423204391e-04,2048,0
8192,94,3219,6.188504639331e-04,2048,0
8192,95,3219,6.196912389416e-04,2048,0
8192,96,3219,6.204107783887e-04,2048,0
8192,97,3219,6.209842858131e-04,2048,0
8192,98,3219,6.214083807659e-04,2048,0
8192,99,3219,6.220580382275e-04,2048,0
8192,100,3219,6.225435422378e-04,2048,0
8192,101,3219,6.232176039327e-04,2048,0
8192,102,3219,6.236658374079e-04,2048,0
8192,103,3219,6.245809320578e-04,2048,0
8192,104,3219,6.253791586890e-04,2048,0
8192,105,3219,6.258561061074e-04,2048,0
8192,106,3219,6.265452890863e-04,2048,0
8192,107,3219,6.269376191175e-04,2048,0
8192,108,3219,6.279504814675e-04,2048,0
8192,109,3219,6.285695569475e-04,2048,0
8192,110,3219,6.289497951992e-04,2048,0
8192,111,3219,6.294674701426e-04,2048,0
8192,112,3219,6.299583995608e-04,2048,0
8192,113,3219,6.303963690719e-04,2048,0
8192,114,3219,6.308375082507e-04,2048,0
8192,115,3219,6.312073291588e-04,2048,0
8192,116,3219,6.315250960391e-04,2048,0
8192,117,3219,6.319296609147e-04,2048,0
8192,118,3219,6.322304116675e-04,2048,0
8192,119,3219,6.347324531450e-04,2048,0
8192,120,3219,6.351758844128e-04,2048,0
8192,121,3219,6.355012264938e-04,2048,0
8192,122,3219,6.357939312183e-04,2048,0
8192,123,339,6.395726979178e-04,2048,0
8192,124,339,6.404093836498e-04,2048,0
8192,125,339,6.409580286082e-04,2048,0
8192,126,339,6.417564463175e-04,2048,0
8192,127,339,6.421385874025e-04,2048,0
8192,128,339,6.424670707434e-04,2048,0
8192,129,339,6.427212282443e-04,2048,0
8192,130,339,6.430308087730e-04,2048,0
8192,131,339,6.433905747349e-04,2048,0
8192,132,339,6.440983592368e-04,2048,0
8192,133,339,6.444117033166e-04,2048,0
8192,134,339,6.446670696882e-04,2048,0
8192,135,339,6.449639650639e-04,2048,0
8192,136,339,6.452145447509e-04,2048,0
8192,137,339,6.455711255320e-04,2048,0
8192,138,339,6.458179788740e-04,2048,0
8192,139,339,6.460444619032e-04,2048,0
8192,140,339,6.462892712089e-04,2048,0
8192,141,339,6.465528089801e-04,2048,0
8192,142,339,6.469679927732e-04,2048,0
8192,143,339,6.473111834777e-04,2048,0
8192,144,339,6.477528074391e-04,2048,0
8192,145,339,6.479761396847e-04,2048,0
8192,146,339,6.482401567836e-04,2048,0
8192,147,339,6.484875563666e-04,2048,0
8192,148,339,6.487116126705e-04,2048,0
8192,149,339,6.489160863916e-04,2048,0
8192,150,339,6.491416281975e-04,2048,0
8192,151,339,6.493648778847e-04,2048,0
8192,152,339,6.532813200344e-04,2048,0
8192,153,339,6.544089476073e-04,2048,0
8192,154,339,6.550097549547e-04,2048,0
8192,155,339,6.554374876198e-04,2048,0
8192,156,339,6.557729374865e-04,2048,0
8192,157,339,6.561541719456e-04,2048,0
8192,158,339,6.566704818509e-04,2048,0
8192,159,339,6.569958682761e-04,2048,0
8192,160,339,6.572296576430e-04,2048,0
8192,161,339,6.574344957551e-04,2048,0
8192,162,339,6.576418818827e-04,2048,0
8192,163,339,6.578543597970e-04,2048,0
8192,164,339,6.581428872567e-04,2048,0
8192,165,339,6.583876231452e-04,2048,0
8192,166,339,6.591565284753e-04,2048,0
8192,167,339,6.595288019551e-04,2048,0
8192,168,339,6.597175683321e-04,2048,0
8192,169,339,6.598906689641e-04,2048,0
8192,170,339,6.600756539359e-04,2048,0
8192,171,339,6.602285268096e-04,2048,0
8192,172,339,6.604258197607e-04,2048,0
8192,173,339,6.605774277666e-04,2048,0
8192,174,339,6.609402106892e-04,2048,0
8192,175,339,6.611818849009e-04,2048,0
8192,176,339,6.613489201179e-04,2048,0
8192,177,339,6.615355565369e-04,2048,0
8192,178,339,6.617190589413e-04,2048,0
8192,179,339,6.619501615541e-04,2048,0
8192,180,339,6.621161928471e-04,2048,0
8192,181,339,6.622981581161e-04,2048,0
8192,182,339,6.624467785405e-04,2048,0
8192,183,339,6.627555164447e-04,2048,0
8192,184,339,6.628834867510e-04,2048,0
8192,185,339,6.630724455263e-04,2048,0
8192,186,339,6.632681095642e-04,2048,0
8192,187,339,6.634359610347e-04,2048,0
8192,188,339,6.636090963510e-04,2048,0
8192,189,339,6.637399850771e-04,2048,0
8192,190,339,6.639079460111e-04,2048,0
8192,191,339,6.640481961135e-04,2048,0
8192,192,339,6.642015154901e-04,2048,0
8192,193,339,6.643549067116e-04,2048,0
8192,194,339,6.645508482337e-04,2048,0
8192,195,339,6.646899624574e-04,2048,0
8192,196,339,6.650186739028e-04,2048,0
8192,197,339,6.652228780049e-04,2048,0
8192,198,339,6.653703235440e-04,2048,0
8192,199,339,6.654870116902e-04,2048,0
8192,200,339,6.669978468765e-04,2048,0
8192,201,339,6.671964390192e-04,2048,0
8192,202,339,6.673574850975e-04,2048,0
8192,203,339,6.674744579038e-04,2048,0
8192,204,339,6.675950386934e-04,2048,0
8192,205,339,6.677164134361e-04,2048,0
8192,206,339,6.679085110062e-04,2048,0
8192,207,339,6.680660236920e-04,2048,0
8192,208,339,6.681901178700e-04,2048,0
8192,209,339,6.683206938052e-04,2048,0
8192,210,339,6.684955753307e-04,2048,0
8192,211,339,6.685992712634e-04,2048,0
8192,212,339,6.687264284104e-04,2048,0
8192,213,339,6.688693621300e-04,2048,0
8192,214,339,6.690121435062e-04,2048,0
8192,215,339,6.691549182283e-04,2048,0
8192,216,339,6.692741703611e-04,2048,0
8192,217,339,6.693721231477e-04,2048,0
8192,218,339,6.694677780001e-04,2048,0
8192,219,339,6.696164919591e-04,2048,0
8192,220,339,6.697775810487e-04,2048,0
8192,221,339,6.698838753174e-04,2048,0
8192,222,339,6.700027897519e-04,2048,0
8192,223,339,6.700916715190e-04,2048,0
8192,224,339,6.701965253706e-04,2048,0
8192,225,339,6.703105158714e-04,2048,0
8192,226,339,6.703982820888e-04,2048,0
8192,227,339,6.704843283449e-04,2048,0
8192,228,339,6.705666938651e-04,2048,0
8192,229,339,6.707405966662e-04,2048,0
8192,230,339,6.708650155951e-04,2048,0
8192,231,339,6.709710460824e-04,2048,0
8192,232,339,6.711512414510e-04,2048,0
8192,233,339,6.712429916753e-04,2048,0
8192,234,339,6.713476499043e-04,2048,0
8192,235,339,6.715106263921e-04,2048,0
8192,236,339,6.716427528661e-04,2048,0
8192,237,339,6.722788796891e-04,2048,0
8192,238,339,6.724894350310e-04,2048,0
8192,239,339,6.726139784397e-04,2048,0
8192,240,339,6.727044482613e-04,2048,0
8192,241,339,6.728770599858e-04,2048,0
8192,242,339,6.729990409680e-04,2048,0
8192,243,339,6.730920275833e-04,2048,0
8192,244,339,6.731769277226e-04,2048,0
8192,245,339,6.732632791888e-04,2048,0
8192,246,339,6.733363053908e-04,2048,0
8192,247,339,6.739168148364e-04,2048,0
8192,248,339,6.740421415599e-04,2048,0
8192,249,339,6.741765120872e-04,2048,0
8192,250,339,6.742816049603e-04,2048,0
9973,1,1,3.307705598310e-08,4986,1
9973,2,2757,6.697734418193e-07,4986,1
9973,3,1316,5.267593046643e-06,4986,1
9973,4,3912,1.753858493991e-05,4986,1
9973,5,1072,3.414182999784e-05,4986,1
9973,6,3418,5.858662624036e-05,4986,1
9973,7,2036,8.084993889002e-05,4986,1
9973,8,3010,1.073706139396e-04,4986,1
9973,9,1741,1.258008002598e-04,4986,1
9973,10,1741,1.447487432651e-04,4986,1
9973,11,1741,1.693713198883e-04,4986,1
9973,12,1741,1.827882040955e-04,4986,1
9973,13,1741,1.980651888192e-04,4986,1
9973,14,826,2.166166094302e-04,4986,1
9973,15,1741,2.376919109814e-04,4986,1
9973,16,2483,2.525237874385e-04,4986,1
9973,17,2483,2.610342573011e-04,4986,1
9973,18,2483,2.690103134122e-04,4986,1
9973,19,2483,2.770612528047e-04,4986,1
9973,20,4686,2.926962876579e-04,4986,1
9973,21,4686,2.990002968792e-04,4986,1
9973,22,4686,3.071040060640e-04,4986,1
9973,23,4686,3.159759036750e-04,4986,1
9973,24,4835,3.246263616314e-04,4986,1
9973,25,4835,3.317030150820e-04,4986,1
9973,26,4835,3.396576998667e-04,4986,1
9973,27,4835,3.453351709317e-04,4986,1
9973,28,4835,3.493317125363e-04,4986,1
9973,29,4383,3.575644370335e-04,4986,1
9973,30,4383,3.607392590399e-04,4986,1
9973,31,4383,3.659300756562e-04,4986,1
9973,32,2746,3.705593487060e-04,4986,1
9973,33,2746,3.758983081970e-04,4986,0
9973,34,2746,3.790847740190e-04,4986,0
9973,35,2746,3.822208308137e-04,4986,0
9973,36,2746,3.897850411938e-04,4986,0
9973,37,2746,3.937167131354e-04,4986,0
9973,38,2746,3.976133390027e-04,4986,0
9973,39,2746,4.003570815134e-04,4986,0
9973,40,2746,4.031068628882e-04,4986,0
9973,41,2746,4.057910214568e-04,4986,0
9973,42,2746,4.077136998695e-04,4986,0
9973,43,2746,4.098691605203e-04,4986,0
9973,44,2746,4.114113982419e-04,4986,0
9973,45,2746,4.133204612435e-04,4986,0
9973,46,2746,4.153763225234e-04,4986,0
9973,47,2746,4.177452404772e-04,4986,0
9973,48,2746,4.194445409316e-04,4986,0
9973,49,2746,4.210176850776e-04,4986,0
9973,50,2746,4.224898253060e-04,4986,0
9973,51,2746,4.245719558480e-04,4986,0
9973,52,2746,4.271348696836e-04,4986,0
9973,53,2746,4.316670598401e-04,4986,0
9973,54,2746,4.332969463878e-04,4986,0
9973,55,2746,4.346997676241e-04,4986,0
9973,56,826,4.397741035456e-04,4986,0
9973,57,826,4.415172486556e-04,4986,0
9973,58,3464,4.427693775004e-04,4986,0
9973,59,2746,4.437876515928e-04,4986,0
9973,60,3464,4.454679402204e-04,4986,0
9973,61,826,4.467908811880e-04,4986,0
9973,62,3464,4.484111763934e-04,4986,0
9973,63,2746,4.496924405883e-04,4986,0
9973,64,2746,4.507946466490e-04,4986,0
9973,65,2746,4.516763252509e-04,4986,0
9973,66,2746,4.524462228432e-04,4986,0
9973,67,2746,4.536285270684e-04,4986,0
9973,68,2746,4.548072136605e-04,4986,0
9973,69,2746,4.558868044469e-04,4986,0
9973,70,2746,4.566460173996e-04,4986,0
9973,71,2746,4.574157133626e-04,4986,0
9973,72,2746,4.581715775729e-04,4986,0
9973,73,2746,4.589696860453e-04,4986,0
9973,74,2746,4.595820903559e-04,4986,0
9973,75,2746,4.607776076506e-04,4986,0
9973,76,2746,4.615263382297e-04,4986,0
9973,77,2746,4.622299064854e-04,4986,0
9973,78,2746,4.633715990239e-04,4986,0
9973,79,826,4.654382419687e-04,4986,0
9973,80,826,4.661659036618e-04,4986,0
9973,81,826,4.667564542198e-04,4986,0
9973,82,826,4.673474239236e-04,4986,0
9973,83,826,4.678525288357e-04,4986,0
9973,84,826,4.682692380502e-04,4986,0
9973,85,826,4.687687172571e-04,4986,0
9973,86,826,4.692616063466e-04,4986,0
9973,87,826,4.698766307414e-04,4986,0
9973,88,826,4.703206369820e-04,4986,0
9973,89,826,4.709280851953e-04,4986,0
9973,90,826,4.726246356719e-04,4986,0
9973,91,826,4.731647232352e-04,4986,0
9973,92,826,4.737094534024e-04,4986,0
9973,93,826,4.742188287405e-04,4986,0
9973,94,826,4.746963666900e-04,4986,0
9973,95,826,4.752433469983e-04,4986,0
9973,96,826,4.758426868594e-04,4986,0
9973,97,826,4.762856247849e-04,4986,0
9973,98,826,4.787611133517e-04,4986,0
9973,99,826,4.795479310777e-04,4986,0
9973,100,826,4.800209414424e-04,4986,0
9973,101,826,4.803362208281e-04,4986,0
9973,102,826,4.807030512335e-04,4986,0
9973,103,826,4.816249539576e-04,4986,0
9973,104,826,4.824659734768e-04,4986,0
9973,105,826,4.828418571770e-04,4986,0
9973,106,826,4.831910306502e-04,4986,0
9973,107,826,4.835412209738e-04,4986,0
9973,108,3464,4.840753953514e-04,4986,0
9973,109,826,4.844997277611e-04,4986,0
9973,110,3464,4.849703378627e-04,4986,0
9973,111,826,4.855783524369e-04,4986,0
9973,112,826,4.861291315297e-04,4986,0
9973,113,826,4.866868916511e-04,4986,0
9973,114,826,4.869708953752e-04,4986,0
9973,115,3464,4.888759449082e-04,4986,0
9973,116,3464,4.891941317644e-04,4986,0
9973,117,3464,4.894317914421e-04,4986,0
9973,118,3464,4.897409139655e-04,4986,0
9973,119,3464,4.900449531342e-04,4986,0
9973,120,3464,4.903125527065e-04,4986,0
9973,121,3464,4.906135088774e-04,4986,0
9973,122,3464,4.911194759061e-04,4986,0
9973,123,3464,4.914286676405e-04,4986,0
9973,124,3464,4.916964265642e-04,4986,0
9973,125,3464,4.919087453119e-04,4986,0
9973,126,3464,4.921453453020e-04,4986,0
9973,127,3464,4.925310322290e-04,4986,0
9973,128,3464,4.927709740083e-04,4986,0
9973,129,3464,4.930018835667e-04,4986,0
9973,130,3464,4.932179227732e-04,4986,0
9973,131,3464,4.937467896560e-04,4986,0
9973,132,3464,4.939850832169e-04,4986,0
9973,133,3464,4.942617851622e-04,4986,0
9973,134,3464,4.944769787372e-04,4986,0
9973,135,3464,4.947545443790e-04,4986,0
9973,136,3464,4.949579991960e-04,4986,0
9973,137,3464,4.951621664326e-04,4986,0
9973,138,3464,4.955200281413e-04,4986,0
9973,139,3464,4.957088423874e-04,4986,0
9973,140,3464,4.959876257893e-04,4986,0
9973,141,3464,4.962505562427e-04,4986,0
9973,142,3464,4.974969497236e-04,4986,0
9973,143,3464,4.981681147400e-04,4986,0
9973,144,3464,4.984504240546e-04,4986,0
9973,145,3464,4.988045937691e-04,4986,0
9973,146,3464,4.990377398917e-04,4986,0
9973,147,3464,4.992739808463e-04,4986,0
9973,148,3464,4.994848202333e-04,4986,0
9973,149,3464,4.996597500031e-04,4986,0
9973,150,3464,4.999150281051e-04,4986,0
9973,151,3464,5.001200300756e-04,4986,0
9973,152,3464,5.003213398891e-04,4986,0
9973,153,3464,5.006053855410e-04,4986,0
9973,154,3464,5.008964516635e-04,4986,0
9973,155,3464,5.011298980302e-04,4986,0
9973,156,3464,5.014985792196e-04,4986,0
9973,157,3464,5.017021801115e-04,4986,0
9973,158,3464,5.018452659751e-04,4986,0
9973,159,3464,5.022349159727e-04,4986,0
9973,160,3464,5.024784589334e-04,4986,0
9973,161,3464,5.026668750012e-04,4986,0
9973,162,3464,5.028021647664e-04,4986,0
9973,163,3464,5.029892530888e-04,4986,0
9973,164,3464,5.031425845028e-04,4986,0
9973,165,3464,5.044446190596e-04,4986,0
9973,166,3464,5.048358793245e-04,4986,0
9973,167,3464,5.050322001923e-04,4986,0
9973,168,3464,5.052702062498e-04,4986,0
9973,169,3464,5.054304384593e-04,4986,0
9973,170,3464,5.055714861910e-04,4986,0
9973,171,3464,5.056995434469e-04,4986,0
9973,172,3464,5.058199704857e-04,4986,0
9973,173,3464,5.059234383187e-04,4986,0
9973,174,3464,5.060479058414e-04,4986,0
9973,175,3464,5.061892702209e-04,4986,0
9973,176,3464,5.065182452653e-04,4986,0
9973,177,3464,5.069654093797e-04,4986,0
9973,178,3464,5.071698682353e-04,4986,0
9973,179,3464,5.073361694574e-04,4986,0
9973,180,3464,5.074595481425e-04,4986,0
9973,181,3464,5.076013697296e-04,4986,0
9973,182,3464,5.077169824228e-04,4986,0
9973,183,3464,5.079973393485e-04,4986,0
9973,184,3464,5.081319366926e-04,4986,0
9973,185,3464,5.083494562224e-04,4986,0
9973,186,3464,5.084731539524e-04,4986,0
9973,187,3464,5.085809396355e-04,4986,0
9973,188,3464,5.088101228210e-04,4986,0
9973,189,3464,5.089331683836e-04,4986,0
9973,190,3464,5.090506968799e-04,4986,0
9973,191,3464,5.093289041846e-04,4986,0
9973,192,3464,5.094737981448e-04,4986,0
9973,193,3464,5.096670249136e-04,4986,0
9973,194,3464,5.097710867308e-04,4986,0
9973,195,3464,5.099133832498e-04,4986,0
9973,196,3464,5.100690023281e-04,4986,0
9973,197,3464,5.101609440648e-04,4986,0
9973,198,3464,5.102682429436e-04,4986,0
9973,199,3464,5.103861340252e-04,4986,0
9973,200,3464,5.104994269840e-04,4986,0
9973,201,3464,5.106039748382e-04,4986,0
9973,202,3464,5.107233748800e-04,4986,0
9973,203,3464,5.108100692834e-04,4986,0
9973,204,3464,5.109022156371e-04,4986,0
9973,205,3464,5.109896271711e-04,4986,0
9973,206,3464,5.110909116364e-04,4986,0
9973,207,3464,5.112104228016e-04,4986,0
9973,208,3464,5.113456401140e-04,4986,0
9973,209,3464,5.114381362119e-04,4986,0
9973,210,3464,5.115375071951e-04,4986,0
9973,211,3464,5.116382843533e-04,4986,0
9973,212,3464,5.117170946221e-04,4986,0
9973,213,3464,5.118324888083e-04,4986,0
9973,214,3464,5.119248232686e-04,4986,0
9973,215,3464,5.120369740612e-04,4986,0
9973,216,3464,5.123228191233e-04,4986,0
9973,217,3464,5.124271857486e-04,4986,0
9973,218,3464,5.125057268800e-04,4986,0
9973,219,3464,5.125814816600e-04,4986,0
9973,220,3464,5.126651517438e-04,4986,0
9973,221,3464,5.127649505958e-04,4986,0
9973,222,3464,5.128869746098e-04,4986,0
9973,223,3464,5.129958756152e-04,4986,0
9973,224,3464,5.131156062985e-04,4986,0
9973,225,3464,5.131896989587e-04,4986,0
9973,226,3464,5.133096356764e-04,4986,0
9973,227,3464,5.134016649488e-04,4986,0
9973,228,3464,5.134803118174e-04,4986,0
9973,229,3464,5.135696958118e-04,4986,0
9973,230,3464,5.136428727555e-04,4986,0
9973,231,3464,5.137230810675e-04,4986,0
9973,232,3464,5.138343650921e-04,4986,0
9973,233,3464,5.139135771959e-04,4986,0
9973,234,3464,5.139831869911e-04,4986,0
9973,235,3464,5.140636229251e-04,4986,0
9973,236,3464,5.142328435666e-04,4986,0
9973,237,3464,5.143548514894e-04,4986,0
9973,238,3464,5.144631066818e-04,4986,0
9973,239,3464,5.145237145865e-04,4986,0
9973,240,3464,5.146824022766e-04,4986,0
9973,241,3464,5.148065201583e-04,4986,0
9973,242,3464,5.148852474386e-04,4986,0
9973,243,3464,5.149766953347e-04,4986,0
9973,244,3464,5.150409394108e-04,4986,0
9973,245,3464,5.151059095629e-04,4986,0
9973,246,3464,5.152207125030e-04,4986,0
9973,247,3464,5.152941015723e-04,4986,0
9973,248,3464,5.153708819099e-04,4986,0
9973,249,3464,5.154676966543e-04,4986,0
9973,250,3464,5.155611164049e-04,4986,0
16381,1,1,1.226020307499e-08,8190,1
16381,2,3711,2.740443707516e-07,8190,1
16381,3,5159,2.075697398629e-06,8190,1
16381,4,5619,6.607852414353e-06,8190,1
16381,5,5899,1.661481085469e-05,8190,1
16381,6,2690,2.658934688560e-05,8190,1
16381,7,2690,3.735016293094e-05,8190,1
16381,8,3993,4.951442420342e-05,8190,1
16381,9,6711,6.121582251617e-05,8190,1
16381,10,6711,7.173291691243e-05,8190,1
16381,11,6711,8.475539899400e-05,8190,1
16381,12,8098,9.441053884074e-05,8190,1
16381,13,5202,1.039396073221e-04,8190,1
16381,14,5202,1.092452044655e-04,8190,1
16381,15,372,1.204841155820e-04,8190,1
16381,16,7957,1.289703761840e-04,8190,1
16381,17,7957,1.347671582765e-04,8190,1
16381,18,7957,1.392959260496e-04,8190,1
16381,19,1044,1.482037090841e-04,8190,1
16381,20,3079,1.530284671325e-04,8190,1
16381,21,3079,1.569983662073e-04,8190,1
16381,22,3728,1.608413632348e-04,8190,1
16381,23,3728,1.634673028632e-04,8190,1
16381,24,3728,1.674598719454e-04,8190,1
16381,25,3608,1.749192468945e-04,8190,1
16381,26,3608,1.777550731634e-04,8190,1
16381,27,3608,1.812954390745e-04,8190,1
16381,28,3608,1.838699816243e-04,8190,1
16381,29,3608,1.859348419613e-04,8190,1
16381,30,3079,1.904045004335e-04,8190,1
16381,31,3079,1.926048563039e-04,8190,1
16381,32,3079,1.952442958568e-04,8190,1
16381,33,3079,1.967183472784e-04,8190,0
16381,34,3079,1.984980831113e-04,8190,0
16381,35,3079,2.031654881636e-04,8190,0
16381,36,3079,2.053207200696e-04,8190,0
16381,37,3079,2.067538924519e-04,8190,0
16381,38,3079,2.080079539837e-04,8190,0
16381,39,3079,2.092124701343e-04,8190,0
16381,40,3079,2.105054735408e-04,8190,0
16381,41,3079,2.113586863401e-04,8190,0
16381,42,3079,2.133584441564e-04,8190,0
16381,43,3079,2.143885223111e-04,8190,0
16381,44,3079,2.152397334980e-04,8190,0
16381,45,3079,2.175673644360e-04,8190,0
16381,46,3079,2.185385507629e-04,8190,0
16381,47,3079,2.197946968874e-04,8190,0
16381,48,3079,2.204968161175e-04,8190,0
16381,49,3079,2.214575481179e-04,8190,0
16381,50,3079,2.222182901170e-04,8190,0
16381,51,3079,2.229412200698e-04,8190,0
16381,52,3079,2.237334437396e-04,8190,0
16381,53,3079,2.244765766413e-04,8190,0
16381,54,3079,2.258488220146e-04,8190,0
16381,55,3079,2.266404177880e-04,8190,0
16381,56,3079,2.273936727974e-04,8190,0
16381,57,3079,2.282105822671e-04,8190,0
16381,58,3079,2.289398262203e-04,8190,0
16381,59,3079,2.295036758491e-04,8190,0
16381,60,3079,2.304063562839e-04,8190,0
16381,61,3079,2.309059485854e-04,8190,0
16381,62,3079,2.316506313720e-04,8190,0
16381,63,3079,2.321519293094e-04,8190,0
16381,64,3079,2.326125892240e-04,8190,0
16381,65,3079,2.338309034435e-04,8190,0
16381,66,3079,2.343620079708e-04,8190,0
16381,67,3079,2.379254333136e-04,8190,0
16381,68,3079,2.386667953607e-04,8190,0
16381,69,3079,2.391290041170e-04,8190,0
16381,70,3079,2.398647461326e-04,8190,0
16381,71,3079,2.403286868138e-04,8190,0
16381,72,3079,2.411109773979e-04,8190,0
16381,73,3079,2.415435371963e-04,8190,0
16381,74,3079,2.419017908641e-04,8190,0
16381,75,3079,2.422242875242e-04,8190,0
16381,76,3079,2.427223184747e-04,8190,0
16381,77,3079,2.431021723444e-04,8190,0
16381,78,3079,2.436673291348e-04,8190,0
16381,79,3079,2.440190934399e-04,8190,0
16381,80,3079,2.443159487693e-04,8190,0
16381,81,3079,2.448658423189e-04,8190,0
16381,82,3079,2.451796339478e-04,8190,0
16381,83,3079,2.483983506243e-04,8190,0
16381,84,3079,2.490886328814e-04,8190,0
16381,85,3079,2.494490863008e-04,8190,0
16381,86,3079,2.497486383548e-04,8190,0
16381,87,3079,2.500456202195e-04,8190,0
16381,88,3079,2.503204973456e-04,8190,0
16381,89,3079,2.506077861464e-04,8190,0
16381,90,3079,2.509793775309e-04,8190,0
16381,91,5642,2.529070204655e-04,8190,0
16381,92,5642,2.531883235870e-04,8190,0
16381,93,3079,2.534652043296e-04,8190,0
16381,94,5642,2.537868094286e-04,8190,0
16381,95,5642,2.540335137460e-04,8190,0
16381,96,5642,2.543451826189e-04,8190,0
16381,97,5642,2.545749054481e-04,8190,0
16381,98,5642,2.547793771674e-04,8190,0
16381,99,5642,2.550755493040e-04,8190,0
16381,100,5642,2.552867478551e-04,8190,0
16381,101,5642,2.554677867588e-04,8190,0
16381,102,5642,2.556979725510e-04,8190,0
16381,103,5642,2.559115555747e-04,8190,0
16381,104,5642,2.562473411403e-04,8190,0
16381,105,5642,2.564799838363e-04,8190,0
16381,106,5642,2.570168396800e-04,8190,0
16381,107,5642,2.574709884944e-04,8190,0
16381,108,5642,2.576832773740e-04,8190,0
16381,109,5642,2.579222354486e-04,8190,0
16381,110,5642,2.584885699641e-04,8190,0
16381,111,5642,2.587224308397e-04,8190,0
16381,112,5642,2.589301559479e-04,8190,0
16381,113,3079,2.592115214395e-04,8190,0
16381,114,5642,2.595607179485e-04,8190,0
16381,115,5642,2.597997961944e-04,8190,0
16381,116,5642,2.600485591964e-04,8190,0
16381,117,5642,2.602613990277e-04,8190,0
16381,118,5642,2.604112740157e-04,8190,0
16381,119,5642,2.606629651172e-04,8190,0
16381,120,5642,2.608280395857e-04,8190,0
16381,121,5642,2.610007428931e-04,8190,0
16381,122,5642,2.611531198136e-04,8190,0
16381,123,5642,2.613110783165e-04,8190,0
16381,124,5642,2.614487726418e-04,8190,0
16381,125,5642,2.615977737557e-04,8190,0
16381,126,5642,2.617992486347e-04,8190,0
16381,127,5642,2.619331072571e-04,8190,0
16381,128,5642,2.620890543619e-04,8190,0
16381,129,5642,2.623216645063e-04,8190,0
16381,130,5642,2.624695057563e-04,8190,0
16381,131,5642,2.626224593629e-04,8190,0
16381,132,5642,2.645676274511e-04,8190,0
16381,133,5642,2.654841156482e-04,8190,0
16381,134,5642,2.657695291766e-04,8190,0
16381,135,5642,2.660669384957e-04,8190,0
16381,136,5642,2.662088051701e-04,8190,0
16381,137,5642,2.663401681358e-04,8190,0
16381,138,5642,2.666093561494e-04,8190,0
16381,139,5642,2.667975632511e-04,8190,0
16381,140,5642,2.669289089217e-04,8190,0
16381,141,5642,2.670386323131e-04,8190,0
16381,142,5642,2.671450271634e-04,8190,0
16381,143,5642,2.672535592430e-04,8190,0
16381,144,5642,2.673663677888e-04,8190,0
16381,145,5642,2.674811428665e-04,8190,0
16381,146,5642,2.675849496374e-04,8190,0
16381,147,5642,2.677181205288e-04,8190,0
16381,148,5642,2.678601214081e-04,8190,0
16381,149,5642,2.679512009414e-04,8190,0
16381,150,5642,2.680876095325e-04,8190,0
16381,151,5642,2.681784844276e-04,8190,0
16381,152,5642,2.682573208845e-04,8190,0
16381,153,5642,2.683525855796e-04,8190,0
16381,154,5642,2.684428357786e-04,8190,0
16381,155,5642,2.685231098403e-04,8190,0
16381,156,5642,2.686356580748e-04,8190,0
16381,157,5642,2.687333896656e-04,8190,0
16381,158,5642,2.688929902688e-04,8190,0
16381,159,5642,2.689772747715e-04,8190,0
16381,160,5642,2.690653968156e-04,8190,0
16381,161,5642,2.691729962148e-04,8190,0
16381,162,5642,2.693905289675e-04,8190,0
16381,163,5642,2.694964637873e-04,8190,0
16381,164,5642,2.696528945094e-04,8190,0
16381,165,5642,2.697479493214e-04,8190,0
16381,166,5642,2.698550789715e-04,8190,0
16381,167,5642,2.699344609753e-04,8190,0
16381,168,5642,2.700920759053e-04,8190,0
16381,169,5642,2.701786138890e-04,8190,0
16381,170,5642,2.702798025160e-04,8190,0
16381,171,5642,2.705121554092e-04,8190,0
16381,172,5642,2.706059707112e-04,8190,0
16381,173,5642,2.707110818252e-04,8190,0
16381,174,5642,2.707855868695e-04,8190,0
16381,175,5642,2.709116262791e-04,8190,0
16381,176,5642,2.711162100333e-04,8190,0
16381,177,5642,2.711856908693e-04,8190,0
16381,178,5642,2.712736713184e-04,8190,0
16381,179,5642,2.713595295951e-04,8190,0
16381,180,5642,2.714489343696e-04,8190,0
16381,181,5642,2.715119905330e-04,8190,0
16381,182,5642,2.715734759648e-04,8190,0
16381,183,5642,2.716335238022e-04,8190,0
16381,184,5642,2.717202364761e-04,8190,0
16381,185,5642,2.717929243772e-04,8190,0
16381,186,5642,2.718468101233e-04,8190,0
16381,187,5642,2.719116056034e-04,8190,0
16381,188,5642,2.720024375062e-04,8190,0
16381,189,5642,2.721291249530e-04,8190,0
16381,190,5642,2.722061408935e-04,8190,0
16381,191,5642,2.722623095910e-04,8190,0
16381,192,5642,2.723478497459e-04,8190,0
16381,193,5642,2.724081226793e-04,8190,0
16381,194,5642,2.725578307752e-04,8190,0
16381,195,5642,2.727360307566e-04,8190,0
16381,196,5642,2.728200396092e-04,8190,0
16381,197,5642,2.728972240162e-04,8190,0
16381,198,5642,2.729652396798e-04,8190,0
16381,199,5642,2.730375849394e-04,8190,0
16381,200,5642,2.730932431578e-04,8190,0
16381,201,5642,2.733437099807e-04,8190,0
16381,202,5642,2.734537406821e-04,8190,0
16381,203,5642,2.735202934541e-04,8190,0
16381,204,5642,2.735924052824e-04,8190,0
16381,205,5642,2.736946913109e-04,8190,0
16381,206,5642,2.739364958699e-04,8190,0
16381,207,5642,2.740135479269e-04,8190,0
16381,208,3079,2.741601159184e-04,8190,0
16381,209,3079,2.742131327726e-04,8190,0
16381,210,3079,2.742868991619e-04,8190,0
16381,211,3079,2.743342323386e-04,8190,0
16381,212,3079,2.743868280646e-04,8190,0
16381,213,3079,2.744372402721e-04,8190,0
16381,214,3079,2.744834409822e-04,8190,0
16381,215,3079,2.745297262292e-04,8190,0
16381,216,3079,2.745906477801e-04,8190,0
16381,217,5642,2.748367111676e-04,8190,0
16381,218,5642,2.748925233405e-04,8190,0
16381,219,5642,2.749446651475e-04,8190,0
16381,220,5642,2.750037708255e-04,8190,0
16381,221,5642,2.750437761241e-04,8190,0
16381,222,5642,2.750848450170e-04,8190,0
16381,223,5642,2.751351594921e-04,8190,0
16381,224,5642,2.751895207147e-04,8190,0
16381,225,5642,2.752375052169e-04,8190,0
16381,226,5642,2.752735914120e-04,8190,0
16381,227,5642,2.753408779814e-04,8190,0
16381,228,5642,2.753975139509e-04,8190,0
16381,229,5642,2.755359580568e-04,8190,0
16381,230,5642,2.756079207995e-04,8190,0
16381,231,5642,2.756567102518e-04,8190,0
16381,232,5642,2.757456280431e-04,8190,0
16381,233,5642,2.758041810798e-04,8190,0
16381,234,5642,2.758494951776e-04,8190,0
16381,235,5642,2.759506655490e-04,8190,0
16381,236,5642,2.760029023354e-04,8190,0
16381,237,5642,2.760550798495e-04,8190,0
16381,238,5642,2.760928864478e-04,8190,0
16381,239,5642,2.761336166779e-04,8190,0
16381,240,5642,2.761802733962e-04,8190,0
16381,241,5642,2.762299400769e-04,8190,0
16381,242,5642,2.762902736952e-04,8190,0
16381,243,5642,2.763274213957e-04,8190,0
16381,244,5642,2.764165993823e-04,8190,0
16381,245,5642,2.764655277887e-04,8190,0
16381,246,5642,2.765405990310e-04,8190,0
16381,247,5642,2.766156144223e-04,8190,0
16381,248,5642,2.766670363619e-04,8190,0
16381,249,5642,2.766986181146e-04,8190,0
16381,250,5642,2.767293024304e-04,8190,0
16384,1,1,1.225571377717e-08,4096,1
16384,2,6229,2.589483001358e-07,4096,1
16384,3,3409,2.123380965724e-06,4096,1
16384,4,7063,7.442726731144e-06,4096,1
16384,5,6661,1.537243161875e-05,4096,1
16384,6,7475,2.584246248549e-05,4096,1
16384,7,7051,3.794148580250e-05,4096,1
16384,8,7051,5.042368725094e-05,4096,1
16384,9,4363,6.035179507280e-05,4096,1
16384,10,4363,6.911967841972e-05,4096,1
16384,11,4363,7.808131762155e-05,4096,1
16384,12,4363,8.807833742819e-05,4096,1
16384,13,4363,9.851644069347e-05,4096,1
16384,14,5157,1.072437559813e-04,4096,1
16384,15,7061,1.180675049666e-04,4096,1
16384,16,4363,1.270758310530e-04,4096,1
16384,17,4363,1.320759164563e-04,4096,1
16384,18,4363,1.361013548886e-04,4096,1
16384,19,4363,1.399003254872e-04,4096,1
16384,20,4363,1.440889832136e-04,4096,1
16384,21,4363,1.571185319702e-04,4096,1
16384,22,1403,1.627163992475e-04,4096,1
16384,23,7113,1.671787844186e-04,4096,1
16384,24,7113,1.704529518332e-04,4096,1
16384,25,7113,1.742204733000e-04,4096,1
16384,26,7113,1.767872387792e-04,4096,1
16384,27,7113,1.793059630071e-04,4096,1
16384,28,2985,1.818226451549e-04,4096,1
16384,29,2985,1.836765494752e-04,4096,1
16384,30,2985,1.868757451509e-04,4096,1
16384,31,4363,1.889664933052e-04,4096,1
16384,32,4363,1.907972585795e-04,4096,1
16384,33,4363,1.922505539533e-04,4096,0
16384,34,4363,1.935777589199e-04,4096,0
16384,35,4363,1.954602661338e-04,4096,0
16384,36,4363,1.968157380239e-04,4096,0
16384,37,4363,1.983426410981e-04,4096,0
16384,38,4363,2.014460915387e-04,4096,0
16384,39,4363,2.027108487255e-04,4096,0
16384,40,4363,2.040349896912e-04,4096,0
16384,41,4363,2.051870205175e-04,4096,0
16384,42,4363,2.061649377350e-04,4096,0
16384,43,4363,2.136035383775e-04,4096,0
16384,44,2797,2.147958575351e-04,4096,0
16384,45,4363,2.166043308423e-04,4096,0
16384,46,4363,2.189834044810e-04,4096,0
16384,47,2797,2.211357166164e-04,4096,0
16384,48,4363,2.222524035143e-04,4096,0
16384,49,4363,2.235158465058e-04,4096,0
16384,50,4363,2.243710818082e-04,4096,0
16384,51,4363,2.253283914759e-04,4096,0
16384,52,4363,2.266118949810e-04,4096,0
16384,53,4363,2.275070927011e-04,4096,0
16384,54,2797,2.291211156458e-04,4096,0
16384,55,2797,2.301429824447e-04,4096,0
16384,56,2797,2.310282097246e-04,4096,0
16384,57,2797,2.316014576393e-04,4096,0
16384,58,2797,2.321696815708e-04,4096,0
16384,59,2797,2.336790284865e-04,4096,0
16384,60,2797,2.347614891984e-04,4096,0
16384,61,2797,2.373409299499e-04,4096,0
16384,62,2797,2.386797252516e-04,4096,0
16384,63,4363,2.402627162705e-04,4096,0
16384,64,4363,2.410230136234e-04,4096,0
16384,65,4363,2.415956012167e-04,4096,0
16384,66,4363,2.420074286074e-04,4096,0
16384,67,4363,2.424012382363e-04,4096,0
16384,68,4363,2.428138344617e-04,4096,0
16384,69,2797,2.461275799834e-04,4096,0
16384,70,2797,2.466103519880e-04,4096,0
16384,71,2797,2.469589739826e-04,4096,0
16384,72,2985,2.491190003910e-04,4096,0
16384,73,2985,2.501998793578e-04,4096,0
16384,74,2985,2.508621200086e-04,4096,0
16384,75,2985,2.513596191158e-04,4096,0
16384,76,2985,2.517582306740e-04,4096,0
16384,77,2985,2.522572813000e-04,4096,0
16384,78,2985,2.529202008192e-04,4096,0
16384,79,2985,2.532980683343e-04,4096,0
16384,80,2985,2.538524197178e-04,4096,0
16384,81,2985,2.542339210465e-04,4096,0
16384,82,2985,2.552772284421e-04,4096,0
16384,83,2985,2.557361663600e-04,4096,0
16384,84,4363,2.577200639400e-04,4096,0
16384,85,3531,2.593745037327e-04,4096,0
16384,86,3531,2.597444623056e-04,4096,0
16384,87,3531,2.601275376315e-04,4096,0
16384,88,3531,2.605942944141e-04,4096,0
16384,89,3531,2.609179467994e-04,4096,0
16384,90,3531,2.611535663672e-04,4096,0
16384,91,3531,2.613921074350e-04,4096,0
16384,92,3531,2.616236625583e-04,4096,0
16384,93,3531,2.618556361405e-04,4096,0
16384,94,3531,2.623381282576e-04,4096,0
16384,95,3531,2.625812445523e-04,4096,0
16384,96,3531,2.628392813941e-04,4096,0
16384,97,3531,2.631205154704e-04,4096,0
16384,98,3531,2.634163867237e-04,4096,0
16384,99,3531,2.636845481874e-04,4096,0
16384,100,3531,2.638822438259e-04,4096,0
16384,101,3531,2.640827474687e-04,4096,0
16384,102,3531,2.645485394352e-04,4096,0
16384,103,3531,2.648314662466e-04,4096,0
16384,104,3531,2.650613869120e-04,4096,0
16384,105,3531,2.653370561081e-04,4096,0
16384,106,3531,2.656435326669e-04,4096,0
16384,107,3531,2.660788562445e-04,4096,0
16384,108,3531,2.667849111133e-04,4096,0
16384,109,3531,2.671568807631e-04,4096,0
16384,110,3531,2.673848065062e-04,4096,0
16384,111,3531,2.675728998474e-04,4096,0
16384,112,3531,2.677784064544e-04,4096,0
16384,113,3531,2.679898845326e-04,4096,0
16384,114,3531,2.681734211902e-04,4096,0
16384,115,3531,2.683165410990e-04,4096,0
16384,116,3531,2.684608638948e-04,4096,0
16384,117,3531,2.685940219627e-04,4096,0
16384,118,3531,2.687582279306e-04,4096,0
16384,119,3531,2.689287242366e-04,4096,0
16384,120,3531,2.690890347261e-04,4096,0
16384,121,3531,2.692171660139e-04,4096,0
16384,122,3531,2.694746473437e-04,4096,0
16384,123,3531,2.696212676825e-04,4096,0
16384,124,3531,2.698235502183e-04,4096,0
16384,125,3531,2.699698489737e-04,4096,0
16384,126,3531,2.701225303805e-04,4096,0
16384,127,3531,2.702790698734e-04,4096,0
16384,128,3531,2.704154547284e-04,4096,0
16384,129,3531,2.705350908676e-04,4096,0
16384,130,3531,2.706643923980e-04,4096,0
16384,131,3531,2.711072338895e-04,4096,0
16384,132,3531,2.713269340218e-04,4096,0
16384,133,3531,2.715848250330e-04,4096,0
16384,134,3531,2.716977111425e-04,4096,0
16384,135,3531,2.722431814137e-04,4096,0
16384,136,3531,2.723968621832e-04,4096,0
16384,137,3531,2.725383717681e-04,4096,0
16384,138,3531,2.726547820215e-04,4096,0
16384,139,3531,2.727532661762e-04,4096,0
16384,140,3531,2.728894521147e-04,4096,0
16384,141,3531,2.730383981466e-04,4096,0
16384,142,3531,2.731506246683e-04,4096,0
16384,143,3531,2.732735037416e-04,4096,0
16384,144,3531,2.733972663067e-04,4096,0
16384,145,3531,2.735256027737e-04,4096,0
16384,146,3531,2.736331424589e-04,4096,0
16384,147,3531,2.737859280035e-04,4096,0
16384,148,3531,2.739228647028e-04,4096,0
16384,149,3531,2.740153040348e-04,4096,0
16384,150,3531,2.741319761970e-04,4096,0
16384,151,3531,2.742097537658e-04,4096,0
16384,152,3531,2.744063046243e-04,4096,0
16384,153,3531,2.744993318418e-04,4096,0
16384,154,3531,2.749439253531e-04,4096,0
16384,155,3531,2.751010699755e-04,4096,0
16384,156,3531,2.752249024098e-04,4096,0
16384,157,3531,2.753100511033e-04,4096,0
16384,158,3531,2.754626401182e-04,4096,0
16384,159,3531,2.755629411859e-04,4096,0
16384,160,3531,2.756439372793e-04,4096,0
16384,161,3531,2.757221927543e-04,4096,0
16384,162,3531,2.758018277429e-04,4096,0
16384,163,3531,2.759303979336e-04,4096,0
16384,164,3531,2.760509708200e-04,4096,0
16384,165,3531,2.761262293625e-04,4096,0
16384,166,3531,2.762514620458e-04,4096,0
16384,167,3531,2.763559457801e-04,4096,0
16384,168,3531,2.764685593046e-04,4096,0
16384,169,3531,2.765532810705e-04,4096,0
16384,170,3531,2.766488401020e-04,4096,0
16384,171,3531,2.767396620633e-04,4096,0
16384,172,3531,2.773390367607e-04,4096,0
16384,173,3531,2.778174965270e-04,4096,0
16384,174,3531,2.780056065432e-04,4096,0
16384,175,3531,2.781934048592e-04,4096,0
16384,176,3531,2.782877202245e-04,4096,0
16384,177,3531,2.784785259295e-04,4096,0
16384,178,3531,2.786648228794e-04,4096,0
16384,179,3531,2.787363359258e-04,4096,0
16384,180,3531,2.788037500898e-04,4096,0
16384,181,3531,2.788732123713e-04,4096,0
16384,182,3531,2.789378676806e-04,4096,0
16384,183,3531,2.790137710802e-04,4096,0
16384,184,3531,2.792717674520e-04,4096,0
16384,185,3531,2.793636324203e-04,4096,0
16384,186,3531,2.794784925901e-04,4096,0
16384,187,3531,2.795411548624e-04,4096,0
16384,188,3531,2.796612393010e-04,4096,0
16384,189,3531,2.798412831153e-04,4096,0
16384,190,3531,2.799232172139e-04,4096,0
16384,191,3531,2.799982302069e-04,4096,0
16384,192,3531,2.800615544905e-04,4096,0
16384,193,3531,2.801178899641e-04,4096,0
16384,194,3531,2.801971974431e-04,4096,0
16384,195,3531,2.803306229120e-04,4096,0
16384,196,3531,2.804058456505e-04,4096,0
16384,197,3531,2.804625971471e-04,4096,0
16384,198,3531,2.805495437435e-04,4096,0
16384,199,3531,2.806100272701e-04,4096,0
16384,200,3531,2.806782893026e-04,4096,0
16384,201,3531,2.807310912092e-04,4096,0
16384,202,3531,2.809050052848e-04,4096,0
16384,203,3531,2.809601093268e-04,4096,0
16384,204,3531,2.810356031360e-04,4096,0
16384,205,3531,2.810924809098e-04,4096,0
16384,206,3531,2.811489363868e-04,4096,0
16384,207,3531,2.812054058254e-04,4096,0
16384,208,3531,2.812769715019e-04,4096,0
16384,209,3531,2.813567145803e-04,4096,0
16384,210,3531,2.814169447054e-04,4096,0
16384,211,3531,2.814714533055e-04,4096,0
16384,212,3531,2.815701935162e-04,4096,0
16384,213,3531,2.816333471620e-04,4096,0
16384,214,3531,2.817105165906e-04,4096,0
16384,215,3531,2.817637334793e-04,4096,0
16384,216,3531,2.818477910622e-04,4096,0
16384,217,3531,2.818885848532e-04,4096,0
16384,218,3531,2.819509286140e-04,4096,0
16384,219,3531,2.820283511022e-04,4096,0
16384,220,3531,2.821156547597e-04,4096,0
16384,221,3531,2.821791138854e-04,4096,0
16384,222,3531,2.822802383002e-04,4096,0
16384,223,3531,2.823498750901e-04,4096,0
16384,224,3531,2.823968110908e-04,4096,0
16384,225,3531,2.824536131476e-04,4096,0
16384,226,3531,2.824952650884e-04,4096,0
16384,227,3531,2.825299430982e-04,4096,0
16384,228,3531,2.825787946443e-04,4096,0
16384,229,3531,2.826358000447e-04,4096,0
16384,230,3531,2.826864838468e-04,4096,0
16384,231,3531,2.827254678399e-04,4096,0
16384,232,3531,2.827586812093e-04,4096,0
16384,233,3531,2.827945566830e-04,4096,0
16384,234,3531,2.828399804158e-04,4096,0
16384,235,3531,2.828875708181e-04,4096,0
16384,236,3531,2.829758837299e-04,4096,0
16384,237,3531,2.830178561208e-04,4096,0
16384,238,3531,2.830612208513e-04,4096,0
16384,239,3531,2.831591634620e-04,4096,0
16384,240,3531,2.832016538916e-04,4096,0
16384,241,3531,2.832590009780e-04,4096,0
16384,242,3531,2.833021336470e-04,4096,0
16384,243,3531,2.833609831931e-04,4096,0
16384,244,3531,2.833971619307e-04,4096,0
16384,245,3531,2.834365109341e-04,4096,0
16384,246,3531,2.834698646206e-04,4096,0
16384,247,3531,2.835285210747e-04,4096,0
16384,248,3531,2.835759519746e-04,4096,0
16384,249,3531,2.836968138082e-04,4096,0
16384,250,3531,2.837592675595e-04,4096,0
19997,1,1,8.227138081907e-09,9998,1
19997,2,7571,1.843756753939e-07,9998,1
19997,3,9157,1.518403321965e-06,9998,1
19997,4,3817,5.249209244163e-06,9998,1
19997,5,6381,1.173367863716e-05,9998,1
19997,6,3211,2.029686490390e-05,9998,1
19997,7,3731,2.886552738990e-05,9998,1
19997,8,3627,3.621884631144e-05,9998,1
19997,9,8856,4.659888737724e-05,9998,1
19997,10,7308,5.573167634632e-05,9998,1
19997,11,9224,6.229807796410e-05,9998,1
19997,12,9224,6.933869600023e-05,9998,1
19997,13,9224,7.403695766706e-05,9998,1
19997,14,9224,7.986724061193e-05,9998,1
19997,15,9224,8.506043996848e-05,9998,1
19997,16,9224,9.025452689571e-05,9998,1
19997,17,9224,9.606050452460e-05,9998,1
19997,18,9224,1.008084338763e-04,9998,1
19997,19,9224,1.036665109317e-04,9998,1
19997,20,9224,1.083607446160e-04,9998,1
19997,21,9224,1.118413472516e-04,9998,1
19997,22,9224,1.151406558728e-04,9998,1
19997,23,9224,1.182641944029e-04,9998,1
19997,24,9224,1.201738117107e-04,9998,1
19997,25,9224,1.219768661334e-04,9998,1
19997,26,9224,1.251455057196e-04,9998,1
19997,27,7706,1.359198021433e-04,9998,1
19997,28,7706,1.375448943326e-04,9998,1
19997,29,7706,1.400073001820e-04,9998,1
19997,30,8090,1.420692421550e-04,9998,1
19997,31,8090,1.433007832261e-04,9998,1
19997,32,8090,1.450412356270e-04,9998,1
19997,33,8090,1.467190956044e-04,9998,0
19997,34,8090,1.482881297048e-04,9998,0
19997,35,8090,1.494767803345e-04,9998,0
19997,36,8090,1.505039638809e-04,9998,0
19997,37,1041,1.540129475857e-04,9998,0
19997,38,1041,1.548835740022e-04,9998,0
19997,39,1041,1.576391696241e-04,9998,0
19997,40,1041,1.591707217716e-04,9998,0
19997,41,1041,1.604967977562e-04,9998,0
19997,42,1041,1.612964473312e-04,9998,0
19997,43,1041,1.623391238224e-04,9998,0
19997,44,1041,1.633743030212e-04,9998,0
19997,45,1041,1.646595673686e-04,9998,0
19997,46,1041,1.657407691764e-04,9998,0
19997,47,1041,1.668260411987e-04,9998,0
19997,48,1041,1.675736730917e-04,9998,0
19997,49,1041,1.681470413011e-04,9998,0
19997,50,1041,1.686632743407e-04,9998,0
19997,51,1041,1.694118066096e-04,9998,0
19997,52,1041,1.714245275624e-04,9998,0
19997,53,1041,1.722561142137e-04,9998,0
19997,54,1041,1.728079325001e-04,9998,0
19997,55,1041,1.735131322687e-04,9998,0
19997,56,1041,1.744110575490e-04,9998,0
19997,57,1041,1.749668189399e-04,9998,0
19997,58,1041,1.754025301495e-04,9998,0
19997,59,1041,1.760239633131e-04,9998,0
19997,60,1041,1.765683578054e-04,9998,0
19997,61,1041,1.770997441846e-04,9998,0
19997,62,1041,1.775114508964e-04,9998,0
19997,63,1041,1.779507452326e-04,9998,0
19997,64,1041,1.783283991912e-04,9998,0
19997,65,1041,1.786343472898e-04,9998,0
19997,66,1041,1.790112839157e-04,9998,0
19997,67,1041,1.796779129093e-04,9998,0
19997,68,1041,1.800530585336e-04,9998,0
19997,69,1041,1.805958772110e-04,9998,0
19997,70,1041,1.809452045078e-04,9998,0
19997,71,1041,1.812739621174e-04,9998,0
19997,72,1041,1.816931526519e-04,9998,0
19997,73,1041,1.820458582236e-04,9998,0
19997,74,1041,1.824494287688e-04,9998,0
19997,75,1041,1.828737091027e-04,9998,0
19997,76,1041,1.832718184047e-04,9998,0
19997,77,1041,1.835812122208e-04,9998,0
19997,78,1041,1.838500157341e-04,9998,0
19997,79,1041,1.846737609685e-04,9998,0
19997,80,1041,1.850322864101e-04,9998,0
19997,81,1041,1.853286266795e-04,9998,0
19997,82,1041,1.856728337957e-04,9998,0
19997,83,1041,1.859602966678e-04,9998,0
19997,84,1041,1.862227688421e-04,9998,0
19997,85,1041,1.866016822749e-04,9998,0
19997,86,1041,1.869467706528e-04,9998,0
19997,87,1041,1.875137097382e-04,9998,0
19997,88,1041,1.877700881825e-04,9998,0
19997,89,1041,1.881942875195e-04,9998,0
19997,90,1041,1.885528975274e-04,9998,0
19997,91,1041,1.888047360010e-04,9998,0
19997,92,1041,1.891659686839e-04,9998,0
19997,93,1041,1.894361204078e-04,9998,0
19997,94,1041,1.897198985126e-04,9998,0
19997,95,1041,1.900331040672e-04,9998,0
19997,96,1041,1.902265105611e-04,9998,0
19997,97,1041,1.904436662452e-04,9998,0
19997,98,1041,1.906460007044e-04,9998,0
19997,99,1041,1.908145578502e-04,9998,0
19997,100,1041,1.910129264737e-04,9998,0
19997,101,1041,1.911738575442e-04,9998,0
19997,102,822,2.018074164036e-04,9998,0
19997,103,822,2.021708871758e-04,9998,0
19997,104,822,2.024546786898e-04,9998,0
19997,105,822,2.026393664645e-04,9998,0
19997,106,822,2.032569316495e-04,9998,0
19997,107,822,2.035231797703e-04,9998,0
19997,108,822,2.037006230071e-04,9998,0
19997,109,822,2.039643000533e-04,9998,0
19997,110,822,2.041390618761e-04,9998,0
19997,111,822,2.044734800959e-04,9998,0
19997,112,822,2.046572750267e-04,9998,0
19997,113,822,2.049846433412e-04,9998,0
19997,114,822,2.051438596236e-04,9998,0
19997,115,822,2.054113419963e-04,9998,0
19997,116,822,2.055510143177e-04,9998,0
19997,117,822,2.056850630725e-04,9998,0
19997,118,822,2.058206725901e-04,9998,0
19997,119,822,2.060725693473e-04,9998,0
19997,120,822,2.061901236250e-04,9998,0
19997,121,822,2.063749064409e-04,9998,0
19997,122,822,2.064868630733e-04,9998,0
19997,123,822,2.066169253554e-04,9998,0
19997,124,822,2.067293930410e-04,9998,0
19997,125,822,2.068626618610e-04,9998,0
19997,126,822,2.069727273524e-04,9998,0
19997,127,822,2.071203336951e-04,9998,0
19997,128,822,2.072501256116e-04,9998,0
19997,129,822,2.075958273373e-04,9998,0
19997,130,822,2.077914650258e-04,9998,0
19997,131,822,2.079779316255e-04,9998,0
19997,132,822,2.082879211533e-04,9998,0
19997,133,822,2.084375544347e-04,9998,0
19997,134,822,2.085827529608e-04,9998,0
19997,135,822,2.089788935773e-04,9998,0
19997,136,822,2.091155905808e-04,9998,0
19997,137,822,2.093269481547e-04,9998,0
19997,138,822,2.094424908654e-04,9998,0
19997,139,822,2.095356888416e-04,9998,0
19997,140,822,2.096260308586e-04,9998,0
19997,141,822,2.097395079985e-04,9998,0
19997,142,822,2.098286861638e-04,9998,0
19997,143,822,2.099553343904e-04,9998,0
19997,144,822,2.100316715108e-04,9998,0
19997,145,822,2.101304966606e-04,9998,0
19997,146,822,2.102163742410e-04,9998,0
19997,147,822,2.103160779570e-04,9998,0
19997,148,822,2.104367599078e-04,9998,0
19997,149,822,2.105613083141e-04,9998,0
19997,150,822,2.106433471110e-04,9998,0
19997,151,822,2.107612466191e-04,9998,0
19997,152,822,2.108637634428e-04,9998,0
19997,153,822,2.109586596333e-04,9998,0
19997,154,822,2.110392027292e-04,9998,0
19997,155,822,2.111188505309e-04,9998,0
19997,156,822,2.111865678640e-04,9998,0
19997,157,822,2.113851057923e-04,9998,0
19997,158,822,2.114862969218e-04,9998,0
19997,159,822,2.115939534020e-04,9998,0
19997,160,822,2.116719058780e-04,9998,0
19997,161,822,2.117633346792e-04,9998,0
19997,162,822,2.118228971819e-04,9998,0
19997,163,822,2.126921902437e-04,9998,0
19997,164,822,2.129632935808e-04,9998,0
19997,165,822,2.131103218810e-04,9998,0
19997,166,822,2.132537318027e-04,9998,0
19997,167,822,2.133559834010e-04,9998,0
19997,168,822,2.134992395535e-04,9998,0
19997,169,822,2.135779804329e-04,9998,0
19997,170,822,2.136497327927e-04,9998,0
19997,171,822,2.137165619536e-04,9998,0
19997,172,822,2.137806825695e-04,9998,0
19997,173,822,2.138422088840e-04,9998,0
19997,174,822,2.139101952929e-04,9998,0
19997,175,822,2.139795244047e-04,9998,0
19997,176,822,2.140454998332e-04,9998,0
19997,177,822,2.141014273738e-04,9998,0
19997,178,822,2.141732771146e-04,9998,0
19997,179,822,2.142480464047e-04,9998,0
19997,180,822,2.143018835095e-04,9998,0
19997,181,822,2.143719837966e-04,9998,0
19997,182,822,2.144236723076e-04,9998,0
19997,183,822,2.144943611297e-04,9998,0
19997,184,822,2.145490644589e-04,9998,0
19997,185,822,2.145986126039e-04,9998,0
19997,186,822,2.146691554137e-04,9998,0
19997,187,822,2.147897325129e-04,9998,0
19997,188,822,2.148460898719e-04,9998,0
19997,189,822,2.149321712648e-04,9998,0
19997,190,822,2.149837442016e-04,9998,0
19997,191,822,2.151243467048e-04,9998,0
19997,192,822,2.152318372972e-04,9998,0
19997,193,822,2.152837320200e-04,9998,0
19997,194,822,2.153597615588e-04,9998,0
19997,195,822,2.154553297646e-04,9998,0
19997,196,822,2.155344520349e-04,9998,0
19997,197,822,2.155886338626e-04,9998,0
19997,198,822,2.156580198627e-04,9998,0
19997,199,822,2.157339056779e-04,9998,0
19997,200,822,2.159332837997e-04,9998,0
19997,201,822,2.160094747985e-04,9998,0
19997,202,822,2.160635978004e-04,9998,0
19997,203,822,2.161218390768e-04,9998,0
19997,204,822,2.161817854722e-04,9998,0
19997,205,822,2.162197823130e-04,9998,0
19997,206,822,2.163073899952e-04,9998,0
19997,207,822,2.163885399185e-04,9998,0
19997,208,822,2.164774198536e-04,9998,0
19997,209,822,2.165545577302e-04,9998,0
19997,210,822,2.166063287021e-04,9998,0
19997,211,822,2.166541684747e-04,9998,0
19997,212,822,2.166966526584e-04,9998,0
19997,213,822,2.167383970080e-04,9998,0
19997,214,822,2.167896157523e-04,9998,0
19997,215,822,2.168320297711e-04,9998,0
19997,216,822,2.168804065370e-04,9998,0
19997,217,822,2.170690182903e-04,9998,0
19997,218,822,2.171475417108e-04,9998,0
19997,219,822,2.172065891137e-04,9998,0
19997,220,822,2.172561136855e-04,9998,0
19997,221,822,2.173089606801e-04,9998,0
19997,222,822,2.173516116328e-04,9998,0
19997,223,822,2.173878672012e-04,9998,0
19997,224,822,2.174339009524e-04,9998,0
19997,225,822,2.174638936336e-04,9998,0
19997,226,822,2.174937739929e-04,9998,0
19997,227,822,2.177702904331e-04,9998,0
19997,228,822,2.178646795046e-04,9998,0
19997,229,822,2.179211359048e-04,9998,0
19997,230,822,2.180109646541e-04,9998,0
19997,231,822,2.180865475929e-04,9998,0
19997,232,822,2.181259596068e-04,9998,0
19997,233,822,2.181612417804e-04,9998,0
19997,234,822,2.181999138371e-04,9998,0
19997,235,822,2.182315168802e-04,9998,0
19997,236,822,2.182681380465e-04,9998,0
19997,237,822,2.182999851126e-04,9998,0
19997,238,822,2.183534657652e-04,9998,0
19997,239,822,2.183989391247e-04,9998,0
19997,240,822,2.184352388332e-04,9998,0
19997,241,822,2.184749879299e-04,9998,0
19997,242,822,2.185701623116e-04,9998,0
19997,243,822,2.186241511717e-04,9998,0
19997,244,822,2.186611991675e-04,9998,0
19997,245,822,2.186925144796e-04,9998,0
19997,246,822,2.187201591350e-04,9998,0
19997,247,822,2.187563467309e-04,9998,0
19997,248,822,2.187843328005e-04,9998,0
19997,249,822,2.188179886700e-04,9998,0
19997,250,822,2.188434235255e-04,9998,0
32749,1,1,3.067484266595e-09,16374,1
32749,2,9726,6.789274697994e-08,16374,1
32749,3,3833,6.027651311413e-07,16374,1
32749,4,13171,2.410704855738e-06,16374,1
32749,5,3561,5.304140602513e-06,16374,1
32749,6,15978,9.662973998292e-06,16374,1
32749,7,8621,1.372243603570e-05,16374,1
32749,8,13413,1.923863660558e-05,16374,1
32749,9,3729,2.285303603067e-05,16374,1
32749,10,4443,2.676179025984e-05,16374,1
32749,11,3729,3.205638639381e-05,16374,1
32749,12,5875,3.553628724662e-05,16374,1
32749,13,13226,3.974166861287e-05,16374,1
32749,14,13226,4.239915101767e-05,16374,1
32749,15,7590,4.529026403843e-05,16374,1
32749,16,4337,4.939727666686e-05,16374,1
32749,17,4337,5.209870470257e-05,16374,1
32749,18,4337,5.465434061835e-05,16374,1
32749,19,4337,5.670755164222e-05,16374,1
32749,20,3864,5.923783972661e-05,16374,1
32749,21,3864,6.077494373069e-05,16374,1
32749,22,13437,6.248999132019e-05,16374,1
32749,23,13437,6.345194311086e-05,16374,1
32749,24,3864,6.628073912496e-05,16374,1
32749,25,771,6.867155156498e-05,16374,1
32749,26,771,7.000689144143e-05,16374,1
32749,27,15683,7.128617282737e-05,16374,1
32749,28,771,7.270027493966e-05,16374,1
32749,29,771,7.353545891231e-05,16374,1
32749,30,15301,7.706646472627e-05,16374,1
32749,31,15301,7.797348923133e-05,16374,1
32749,32,15301,7.876870863521e-05,16374,1
32749,33,15301,8.030141490489e-05,16374,0
32749,34,15301,8.181893651060e-05,16374,0
32749,35,15301,8.276663352724e-05,16374,0
32749,36,15301,8.359039283801e-05,16374,0
32749,37,837,8.514000605953e-05,16374,0
32749,38,837,8.572215245728e-05,16374,0
32749,39,837,8.620636983081e-05,16374,0
32749,40,837,8.750144846181e-05,16374,0
32749,41,1970,8.830887361611e-05,16374,0
32749,42,1970,8.883197702003e-05,16374,0
32749,43,1970,8.924846799419e-05,16374,0
32749,44,1970,8.972882613167e-05,16374,0
32749,45,1970,9.014054615752e-05,16374,0
32749,46,1970,9.059260441435e-05,16374,0
32749,47,1970,9.095203110610e-05,16374,0
32749,48,1970,9.136484858430e-05,16374,0
32749,49,1970,9.165029999725e-05,16374,0
32749,50,1970,9.234042649364e-05,16374,0
32749,51,1970,9.299171528321e-05,16374,0
32749,52,837,9.363590596045e-05,16374,0
32749,53,837,9.398959744744e-05,16374,0
32749,54,837,9.426893926356e-05,16374,0
32749,55,837,9.455257317614e-05,16374,0
32749,56,837,9.478902269744e-05,16374,0
32749,57,837,9.515962499496e-05,16374,0
32749,58,837,9.542236296567e-05,16374,0
32749,59,837,9.621639582669e-05,16374,0
32749,60,837,9.657894496229e-05,16374,0
32749,61,837,9.709460118290e-05,16374,0
32749,62,837,9.741412847641e-05,16374,0
32749,63,837,9.763117557759e-05,16374,0
32749,64,837,9.786033006098e-05,16374,0
32749,65,837,9.848664119638e-05,16374,0
32749,66,837,9.876876733572e-05,16374,0
32749,67,837,9.905776514274e-05,16374,0
32749,68,837,9.931107356964e-05,16374,0
32749,69,837,9.955146638152e-05,16374,0
32749,70,837,9.972091826094e-05,16374,0
32749,71,837,9.988467327071e-05,16374,0
32749,72,837,1.000746422384e-04,16374,0
32749,73,837,1.005471705011e-04,16374,0
32749,74,837,1.007287740844e-04,16374,0
32749,75,837,1.013734221349e-04,16374,0
32749,76,837,1.015923776302e-04,16374,0
32749,77,837,1.017703887936e-04,16374,0
32749,78,837,1.019121474413e-04,16374,0
32749,79,837,1.022750118218e-04,16374,0
32749,80,837,1.026276029521e-04,16374,0
32749,81,837,1.027792733954e-04,16374,0
32749,82,837,1.029997247484e-04,16374,0
32749,83,837,1.031190127145e-04,16374,0
32749,84,837,1.034833846014e-04,16374,0
32749,85,837,1.041007553340e-04,16374,0
32749,86,837,1.042758012773e-04,16374,0
32749,87,837,1.044135165693e-04,16374,0
32749,88,837,1.045887408226e-04,16374,0
32749,89,837,1.047027221392e-04,16374,0
32749,90,837,1.050923011710e-04,16374,0
32749,91,837,1.053487685660e-04,16374,0
32749,92,837,1.054834505620e-04,16374,0
32749,93,837,1.056016612384e-04,16374,0
32749,94,837,1.057355075214e-04,16374,0
32749,95,837,1.060503968084e-04,16374,0
32749,96,837,1.062054584149e-04,16374,0
32749,97,837,1.063103845809e-04,16374,0
32749,98,837,1.066338459410e-04,16374,0
32749,99,837,1.067965724144e-04,16374,0
32749,100,837,1.068966770890e-04,16374,0
32749,101,837,1.070083675327e-04,16374,0
32749,102,837,1.071387217595e-04,16374,0
32749,103,837,1.074213899170e-04,16374,0
32749,104,837,1.075391623739e-04,16374,0
32749,105,837,1.076324321274e-04,16374,0
32749,106,837,1.077496180786e-04,16374,0
32749,107,837,1.078351613426e-04,16374,0
32749,108,837,1.079141977824e-04,16374,0
32749,109,837,1.079806624023e-04,16374,0
32749,110,837,1.081502917131e-04,16374,0
32749,111,837,1.082468488425e-04,16374,0
32749,112,837,1.083435863143e-04,16374,0
32749,113,837,1.084603771635e-04,16374,0
32749,114,837,1.085438628925e-04,16374,0
32749,115,837,1.086242224102e-04,16374,0
32749,116,837,1.087052082041e-04,16374,0
32749,117,837,1.089212468171e-04,16374,0
32749,118,837,1.090060766802e-04,16374,0
32749,119,837,1.091237079216e-04,16374,0
32749,120,837,1.092210168814e-04,16374,0
32749,121,837,1.092857248335e-04,16374,0
32749,122,837,1.093558568832e-04,16374,0
32749,123,837,1.094268665496e-04,16374,0
32749,124,837,1.095044069650e-04,16374,0
32749,125,837,1.095708538883e-04,16374,0
32749,126,837,1.097852134690e-04,16374,0
32749,127,837,1.098579923893e-04,16374,0
32749,128,837,1.099448921673e-04,16374,0
32749,129,837,1.100109910992e-04,16374,0
32749,130,2886,1.115934988811e-04,16374,0
32749,131,2886,1.116558359335e-04,16374,0
32749,132,2886,1.117165250968e-04,16374,0
32749,133,2886,1.117693501074e-04,16374,0
32749,134,2886,1.118297257947e-04,16374,0
32749,135,2886,1.119000613139e-04,16374,0
32749,136,2886,1.120118504274e-04,16374,0
32749,137,2886,1.124436761024e-04,16374,0
32749,138,2886,1.125271630080e-04,16374,0
32749,139,2886,1.126045018802e-04,16374,0
32749,140,2886,1.126595340610e-04,16374,0
32749,141,2886,1.127604895361e-04,16374,0
32749,142,2886,1.128910028532e-04,16374,0
32749,143,2886,1.129394046406e-04,16374,0
32749,144,2886,1.129884649078e-04,16374,0
32749,145,2886,1.130730016723e-04,16374,0
32749,146,2886,1.132826373107e-04,16374,0
32749,147,2886,1.133426019746e-04,16374,0
32749,148,2886,1.133974234206e-04,16374,0
32749,149,2886,1.134523250195e-04,16374,0
32749,150,2886,1.135048998699e-04,16374,0
32749,151,2886,1.135479246281e-04,16374,0
32749,152,11995,1.137028831391e-04,16374,0
32749,153,2886,1.137743507826e-04,16374,0
32749,154,11995,1.138269298038e-04,16374,0
32749,155,2886,1.138872298916e-04,16374,0
32749,156,2886,1.139355774742e-04,16374,0
32749,157,2886,1.139816062783e-04,16374,0
32749,158,2886,1.140667705632e-04,16374,0
32749,159,2886,1.141063740333e-04,16374,0
32749,160,2886,1.141636174173e-04,16374,0
32749,161,2886,1.142041169437e-04,16374,0
32749,162,2886,1.142440368396e-04,16374,0
32749,163,2886,1.142830962515e-04,16374,0
32749,164,2886,1.143192626409e-04,16374,0
32749,165,2886,1.143939772859e-04,16374,0
32749,166,2886,1.144311829893e-04,16374,0
32749,167,2886,1.144744406796e-04,16374,0
32749,168,2886,1.145372551157e-04,16374,0
32749,169,2886,1.145775232834e-04,16374,0
32749,170,2886,1.146171651301e-04,16374,0
32749,171,2886,1.146557997145e-04,16374,0
32749,172,2886,1.146877494236e-04,16374,0
32749,173,2886,1.147455441863e-04,16374,0
32749,174,2886,1.147876665337e-04,16374,0
32749,175,2886,1.148202104870e-04,16374,0
32749,176,2886,1.148745314017e-04,16374,0
32749,177,2886,1.149030716936e-04,16374,0
32749,178,2886,1.149588801681e-04,16374,0
32749,179,2886,1.150008252355e-04,16374,0
32749,180,2886,1.150300350969e-04,16374,0
32749,181,2886,1.151647555426e-04,16374,0
32749,182,2886,1.152006503438e-04,16374,0
32749,183,2886,1.152705471532e-04,16374,0
32749,184,2886,1.153238023097e-04,16374,0
32749,185,2886,1.153504116611e-04,16374,0
32749,186,2886,1.153929622459e-04,16374,0
32749,187,2886,1.154602137214e-04,16374,0
32749,188,2886,1.155429104005e-04,16374,0
32749,189,2886,1.156232873718e-04,16374,0
32749,190,2886,1.156633504564e-04,16374,0
32749,191,2886,1.156934021886e-04,16374,0
32749,192,2886,1.158742013938e-04,16374,0
32749,193,2886,1.159132031465e-04,16374,0
32749,194,2886,1.159398271613e-04,16374,0
32749,195,2886,1.159632525447e-04,16374,0
32749,196,2886,1.159890716194e-04,16374,0
32749,197,2886,1.161697761962e-04,16374,0
32749,198,2886,1.161995835308e-04,16374,0
32749,199,2886,1.162233285166e-04,16374,0
32749,200,2886,1.162481794816e-04,16374,0
32749,201,2886,1.162877888550e-04,16374,0
32749,202,2886,1.163145384362e-04,16374,0
32749,203,2886,1.163397741182e-04,16374,0
32749,204,2886,1.168508999252e-04,16374,0
32749,205,2886,1.169303239263e-04,16374,0
32749,206,2886,1.169645693351e-04,16374,0
32749,207,2886,1.169987946172e-04,16374,0
32749,208,2886,1.170194940767e-04,16374,0
32749,209,2886,1.170478110541e-04,16374,0
32749,210,2886,1.170695262287e-04,16374,0
32749,211,2886,1.170923058715e-04,16374,0
32749,212,2886,1.171122836559e-04,16374,0
32749,213,2886,1.171369045301e-04,16374,0
32749,214,2886,1.171610817350e-04,16374,0
32749,215,2886,1.172017773252e-04,16374,0
32749,216,2886,1.172233050535e-04,16374,0
32749,217,2886,1.172435046206e-04,16374,0
32749,218,2886,1.172611626352e-04,16374,0
32749,219,2886,1.172892208285e-04,16374,0
32749,220,2886,1.173198752735e-04,16374,0
32749,221,2886,1.173405118688e-04,16374,0
32749,222,2886,1.173619619284e-04,16374,0
32749,223,2886,1.174022556083e-04,16374,0
32749,224,2886,1.174222392342e-04,16374,0
32749,225,2886,1.174439705574e-04,16374,0
32749,226,2886,1.174743409091e-04,16374,0
32749,227,2886,1.174966344395e-04,16374,0
32749,228,2886,1.175195714105e-04,16374,0
32749,229,2886,1.175473903676e-04,16374,0
32749,230,2886,1.175751414184e-04,16374,0
32749,231,2886,1.175945219223e-04,16374,0
32749,232,2886,1.176147620887e-04,16374,0
32749,233,2886,1.176323060128e-04,16374,0
32749,234,2886,1.176473382287e-04,16374,0
32749,235,2886,1.176653737280e-04,16374,0
32749,236,2886,1.176791902242e-04,16374,0
32749,237,2886,1.177091648337e-04,16374,0
32749,238,2886,1.177322077490e-04,16374,0
32749,239,2886,1.177501868275e-04,16374,0
32749,240,2886,1.177795185490e-04,16374,0
32749,241,2886,1.178104543558e-04,16374,0
32749,242,2886,1.178361373166e-04,16374,0
32749,243,2886,1.178515002904e-04,16374,0
32749,244,2886,1.178824636905e-04,16374,0
32749,245,2886,1.179050673299e-04,16374,0
32749,246,2886,1.179198652932e-04,16374,0
32749,247,2886,1.179394379096e-04,16374,0
32749,248,2886,1.179628320092e-04,16374,0
32749,249,2886,1.179769197235e-04,16374,0
32749,250,2886,1.179915408678e-04,16374,0
32768,1,1,3.063928222247e-09,8192,1
32768,2,12033,6.815203446031e-08,8192,1
32768,3,2465,6.408767836419e-07,8192,1
32768,4,7817,2.236701108327e-06,8192,1
32768,5,7051,5.572854103519e-06,8192,1
32768,6,8241,1.007194892910e-05,8192,1
32768,7,7051,1.512543283111e-05,8192,1
32768,8,13331,1.999869958125e-05,8192,1
32768,9,11897,2.541342385332e-05,8192,1
32768,10,11897,2.803102096149e-05,8192,1
32768,11,11897,3.163031498810e-05,8192,1
32768,12,5157,3.617084802432e-05,8192,1
32768,13,5157,3.960348645804e-05,8192,1
32768,14,5157,4.214023438398e-05,8192,1
32768,15,3651,4.875194249143e-05,8192,1
32768,16,3651,5.110844872580e-05,8192,1
32768,17,3651,5.279984029594e-05,8192,1
32768,18,3651,5.543333334312e-05,8192,1
32768,19,3651,5.745854833417e-05,8192,1
32768,20,3651,5.898827602047e-05,8192,1
32768,21,3651,6.051067346435e-05,8192,1
32768,22,3651,6.247134397430e-05,8192,1
32768,23,3651,6.464421384278e-05,8192,1
32768,24,3651,6.734833554889e-05,8192,1
32768,25,11817,6.972850487119e-05,8192,1
32768,26,11817,7.080389763736e-05,8192,1
32768,27,11817,7.166142442427e-05,8192,1
32768,28,3651,7.344879808069e-05,8192,1
32768,29,11883,7.516122298457e-05,8192,1
32768,30,11883,7.626926694027e-05,8192,1
32768,31,3651,7.776629653833e-05,8192,1
32768,32,3651,7.908282446700e-05,8192,1
32768,33,3651,7.993863493505e-05,8192,0
32768,34,3651,8.068034114128e-05,8192,0
32768,35,3651,8.129242234634e-05,8192,0
32768,36,3651,8.186095916973e-05,8192,0
32768,37,3651,8.244358149145e-05,8192,0
32768,38,4363,8.561131267215e-05,8192,0
32768,39,4363,8.617251364162e-05,8192,0
32768,40,4363,8.663792517227e-05,8192,0
32768,41,4363,8.707558976484e-05,8192,0
32768,42,4363,8.755390442228e-05,8192,0
32768,43,11817,9.032806313214e-05,8192,0
32768,44,11817,9.068439892479e-05,8192,0
32768,45,11817,9.128536461245e-05,8192,0
32768,46,11817,9.176561989932e-05,8192,0
32768,47,11817,9.216205876439e-05,8192,0
32768,48,11817,9.251031800472e-05,8192,0
32768,49,11817,9.291752141016e-05,8192,0
32768,50,5789,9.517926594160e-05,8192,0
32768,51,5789,9.551300020560e-05,8192,0
32768,52,5789,9.588372297786e-05,8192,0
32768,53,5789,9.628814653606e-05,8192,0
32768,54,5789,9.664675907550e-05,8192,0
32768,55,5789,9.856477653769e-05,8192,0
32768,56,5789,9.897721433783e-05,8192,0
32768,57,5789,9.930947786496e-05,8192,0
32768,58,5789,9.955952576846e-05,8192,0
32768,59,5789,9.990418761507e-05,8192,0
32768,60,5789,1.004864137322e-04,8192,0
32768,61,5789,1.007829683202e-04,8192,0
32768,62,5789,1.010243372506e-04,8192,0
32768,63,5789,1.012875595912e-04,8192,0
32768,64,5789,1.015384548850e-04,8192,0
32768,65,5789,1.017538011794e-04,8192,0
32768,66,5789,1.019892801333e-04,8192,0
32768,67,5789,1.021834457831e-04,8192,0
32768,68,5789,1.024053667069e-04,8192,0
32768,69,5789,1.026109554063e-04,8192,0
32768,70,5789,1.028936157335e-04,8192,0
32768,71,5789,1.030839512484e-04,8192,0
32768,72,3651,1.050912575902e-04,8192,0
32768,73,3651,1.053272327809e-04,8192,0
32768,74,3651,1.054841509955e-04,8192,0
32768,75,3651,1.057616891347e-04,8192,0
32768,76,3651,1.059581915612e-04,8192,0
32768,77,3651,1.061069777912e-04,8192,0
32768,78,3651,1.062561782323e-04,8192,0
32768,79,3651,1.064058393909e-04,8192,0
32768,80,3651,1.065787769527e-04,8192,0
32768,81,3651,1.067223831934e-04,8192,0
32768,82,3651,1.069869493981e-04,8192,0
32768,83,3651,1.071218658975e-04,8192,0
32768,84,3651,1.072538767144e-04,8192,0
32768,85,3651,1.076902070878e-04,8192,0
32768,86,3651,1.078160858849e-04,8192,0
32768,87,3651,1.079646692277e-04,8192,0
32768,88,3651,1.081924769097e-04,8192,0
32768,89,3651,1.083277083536e-04,8192,0
32768,90,3651,1.085550204638e-04,8192,0
32768,91,3651,1.086977054041e-04,8192,0
32768,92,3651,1.088058680407e-04,8192,0
32768,93,3651,1.089283429161e-04,8192,0
32768,94,3651,1.090384309188e-04,8192,0
32768,95,3651,1.091463683560e-04,8192,0
32768,96,3651,1.092666663089e-04,8192,0
32768,97,3651,1.094021711845e-04,8192,0
32768,98,3651,1.095206289832e-04,8192,0
32768,99,3651,1.096469012745e-04,8192,0
32768,100,3651,1.097569174704e-04,8192,0
32768,101,3651,1.099556056952e-04,8192,0
32768,102,3651,1.101000969514e-04,8192,0
32768,103,3651,1.102055634183e-04,8192,0
32768,104,3651,1.104109437300e-04,8192,0
32768,105,3651,1.105361309790e-04,8192,0
32768,106,3651,1.106210471469e-04,8192,0
32768,107,3651,1.106992341395e-04,8192,0
32768,108,5789,1.127653279551e-04,8192,0
32768,109,5789,1.128539287545e-04,8192,0
32768,110,5789,1.129508363755e-04,8192,0
32768,111,5789,1.130963197464e-04,8192,0
32768,112,5789,1.131636543787e-04,8192,0
32768,113,5789,1.132400642205e-04,8192,0
32768,114,5789,1.133116696381e-04,8192,0
32768,115,5789,1.133832086131e-04,8192,0
32768,116,5789,1.135255899518e-04,8192,0
32768,117,5789,1.136549172074e-04,8192,0
32768,118,5789,1.137451644473e-04,8192,0
32768,119,5789,1.138321671235e-04,8192,0
32768,120,5789,1.139237337728e-04,8192,0
32768,121,5789,1.140258563428e-04,8192,0
32768,122,5789,1.141052218885e-04,8192,0
32768,123,5789,1.141749940963e-04,8192,0
32768,124,5789,1.142261724518e-04,8192,0
32768,125,5789,1.142773475082e-04,8192,0
32768,126,5789,1.143333770588e-04,8192,0
32768,127,5789,1.143992301722e-04,8192,0
32768,128,5789,1.144788517622e-04,8192,0
32768,129,5789,1.145481930325e-04,8192,0
32768,130,5789,1.148392519603e-04,8192,0
32768,131,5789,1.149279468069e-04,8192,0
32768,132,5789,1.150607513831e-04,8192,0
32768,133,5789,1.152567520464e-04,8192,0
32768,134,5789,1.153147274831e-04,8192,0
32768,135,5789,1.153861743717e-04,8192,0
32768,136,5789,1.154317010674e-04,8192,0
32768,137,5789,1.154840972442e-04,8192,0
32768,138,5789,1.155336814769e-04,8192,0
32768,139,5789,1.156260917421e-04,8192,0
32768,140,5789,1.156743927941e-04,8192,0
32768,141,5789,1.157270873533e-04,8192,0
32768,142,5789,1.158067906213e-04,8192,0
32768,143,5789,1.158484375230e-04,8192,0
32768,144,5789,1.158960578169e-04,8192,0
32768,145,5789,1.159542247118e-04,8192,0
32768,146,5789,1.159987996160e-04,8192,0
32768,147,5789,1.160362024590e-04,8192,0
32768,148,5789,1.162036703706e-04,8192,0
32768,149,5789,1.162893534454e-04,8192,0
32768,150,5789,1.163656686574e-04,8192,0
32768,151,5789,1.164087190011e-04,8192,0
32768,152,5789,1.164907831477e-04,8192,0
32768,153,5789,1.165377679397e-04,8192,0
32768,154,5789,1.165782864778e-04,8192,0
32768,155,5789,1.166166914142e-04,8192,0
32768,156,5789,1.168125866464e-04,8192,0
32768,157,5789,1.168754311383e-04,8192,0
32768,158,5789,1.169221209145e-04,8192,0
32768,159,5789,1.169596597033e-04,8192,0
32768,160,5789,1.170015573599e-04,8192,0
32768,161,5789,1.170457451911e-04,8192,0
32768,162,5789,1.170898425307e-04,8192,0
32768,163,5789,1.171497594412e-04,8192,0
32768,164,5789,1.172400802427e-04,8192,0
32768,165,5789,1.175410127561e-04,8192,0
32768,166,5789,1.176202932984e-04,8192,0
32768,167,5789,1.178422771901e-04,8192,0
32768,168,5789,1.179368568485e-04,8192,0
32768,169,5789,1.179960182576e-04,8192,0
32768,170,5789,1.180597043768e-04,8192,0
32768,171,5789,1.181070948646e-04,8192,0
32768,172,5789,1.181410664493e-04,8192,0
32768,173,5789,1.181759728914e-04,8192,0
32768,174,5789,1.182058383826e-04,8192,0
32768,175,5789,1.183517803849e-04,8192,0
32768,176,5789,1.184497509727e-04,8192,0
32768,177,5789,1.185075262566e-04,8192,0
32768,178,5789,1.185475989744e-04,8192,0
32768,179,5789,1.185859775923e-04,8192,0
32768,180,5789,1.186145617451e-04,8192,0
32768,181,4363,1.186840919405e-04,8192,0
32768,182,4363,1.187222717305e-04,8192,0
32768,183,4363,1.187578027912e-04,8192,0
32768,184,4363,1.187898397417e-04,8192,0
32768,185,4363,1.188162281947e-04,8192,0
32768,186,4363,1.188498629636e-04,8192,0
32768,187,4363,1.188759574939e-04,8192,0
32768,188,4363,1.189073588734e-04,8192,0
32768,189,4363,1.189348500215e-04,8192,0
32768,190,4363,1.189672462159e-04,8192,0
32768,191,4363,1.189979149476e-04,8192,0
32768,192,4363,1.190465840832e-04,8192,0
32768,193,4363,1.191057593952e-04,8192,0
32768,194,4363,1.191316688183e-04,8192,0
32768,195,4363,1.191548378339e-04,8192,0
32768,196,5789,1.196836081245e-04,8192,0
32768,197,5789,1.197480917450e-04,8192,0
32768,198,5789,1.197775026922e-04,8192,0
32768,199,5789,1.198138945908e-04,8192,0
32768,200,5789,1.198387529990e-04,8192,0
32768,201,5789,1.198675650160e-04,8192,0
32768,202,5789,1.198970115752e-04,8192,0
32768,203,5789,1.199275495369e-04,8192,0
32768,204,5789,1.199557392040e-04,8192,0
32768,205,5789,1.199791100355e-04,8192,0
32768,206,5789,1.203292403169e-04,8192,0
32768,207,5789,1.203854433041e-04,8192,0
32768,208,5789,1.204347677310e-04,8192,0
32768,209,5789,1.204683666076e-04,8192,0
32768,210,5789,1.204898624210e-04,8192,0
32768,211,5789,1.205430889946e-04,8192,0
32768,212,5789,1.205685411532e-04,8192,0
32768,213,5789,1.205941160891e-04,8192,0
32768,214,5789,1.206350043723e-04,8192,0
32768,215,5789,1.206598286732e-04,8192,0
32768,216,5789,1.206914596545e-04,8192,0
32768,217,5789,1.207200462940e-04,8192,0
32768,218,5789,1.207437186224e-04,8192,0
32768,219,5789,1.207713907347e-04,8192,0
32768,220,5789,1.207943369197e-04,8192,0
32768,221,5789,1.208825688666e-04,8192,0
32768,222,5789,1.209093362990e-04,8192,0
32768,223,5789,1.209290486881e-04,8192,0
32768,224,5789,1.209520501240e-04,8192,0
32768,225,5789,1.209770053543e-04,8192,0
32768,226,5789,1.209965097713e-04,8192,0
32768,227,5789,1.210189513727e-04,8192,0
32768,228,5789,1.210443131541e-04,8192,0
32768,229,5789,1.210671549008e-04,8192,0
32768,230,5789,1.221378709331e-04,8192,0
32768,231,5789,1.222312242735e-04,8192,0
32768,232,5789,1.222589873695e-04,8192,0
32768,233,5789,1.222811958410e-04,8192,0
32768,234,5789,1.224127481310e-04,8192,0
32768,235,5789,1.224701593863e-04,8192,0
32768,236,5789,1.224966629461e-04,8192,0
32768,237,5789,1.225163282905e-04,8192,0
32768,238,5789,1.225392153859e-04,8192,0
32768,239,5789,1.225598633621e-04,8192,0
32768,240,5789,1.226219788404e-04,8192,0
32768,241,5789,1.226446799203e-04,8192,0
32768,242,5789,1.226805100352e-04,8192,0
32768,243,5789,1.226974080257e-04,8192,0
32768,244,5789,1.227141232383e-04,8192,0
32768,245,5789,1.227299488580e-04,8192,0
32768,246,5789,1.228075043893e-04,8192,0
32768,247,5789,1.228395135868e-04,8192,0
32768,248,5789,1.228616742150e-04,8192,0
32768,249,5789,1.228827723598e-04,8192,0
32768,250,5789,1.229077186145e-04,8192,0
49999,1,1,1.315999753615e-09,24999,1
49999,2,18358,3.162320916239e-08,24999,1
49999,3,7244,2.531321681154e-07,24999,1
49999,4,10148,1.084285683461e-06,24999,1
49999,5,8761,2.810674017306e-06,24999,1
49999,6,10702,4.733731709949e-06,24999,1
49999,7,11834,6.943260421055e-06,24999,1
49999,8,10702,8.999933141407e-06,24999,1
49999,9,10702,1.218518950852e-05,24999,1
49999,10,10702,1.415813732364e-05,24999,1
49999,11,10702,1.567554290549e-05,24999,1
49999,12,6530,1.845658006050e-05,24999,1
49999,13,6530,2.072175151935e-05,24999,1
49999,14,11038,2.370986012146e-05,24999,1
49999,15,1753,2.579720789120e-05,24999,1
49999,16,5480,2.745135584203e-05,24999,1
49999,17,5480,2.845808263907e-05,24999,0
49999,18,5480,2.946521116098e-05,24999,0
49999,19,5480,3.134047038311e-05,24999,0
49999,20,5480,3.233712373563e-05,24999,0
49999,21,5480,3.334580433423e-05,24999,0
49999,22,5480,3.406319176946e-05,24999,0
49999,23,5480,3.513506955977e-05,24999,0
49999,24,5480,3.587157370410e-05,24999,0
49999,25,5480,3.670507937237e-05,24999,0
49999,26,5480,3.796092784913e-05,24999,0
49999,27,5480,3.877942469077e-05,24999,0
49999,28,5480,3.948957878408e-05,24999,0
49999,29,5480,4.106406153337e-05,24999,0
49999,30,5480,4.173700928733e-05,24999,0
49999,31,5480,4.260879706686e-05,24999,0
49999,32,5480,4.346029952074e-05,24999,0
49999,33,5480,4.404243367961e-05,24999,0
49999,34,5480,4.440891993607e-05,24999,0
49999,35,5480,4.476744444881e-05,24999,0
49999,36,5480,4.526929950144e-05,24999,0
49999,37,5480,4.553799663531e-05,24999,0
49999,38,5480,4.581361674072e-05,24999,0
49999,39,5480,4.617769853210e-05,24999,0
49999,40,5480,4.651974674075e-05,24999,0
49999,41,5480,4.685165524165e-05,24999,0
49999,42,5480,4.714206618783e-05,24999,0
49999,43,5480,4.796308147603e-05,24999,0
49999,44,5480,4.837640492772e-05,24999,0
49999,45,5480,4.872877497442e-05,24999,0
49999,46,5480,4.899006521497e-05,24999,0
49999,47,5480,4.983124957914e-05,24999,0
49999,48,5480,5.008746146484e-05,24999,0
49999,49,5480,5.039372616733e-05,24999,0
49999,50,5480,5.081899629400e-05,24999,0
49999,51,5480,5.123120585471e-05,24999,0
49999,52,5480,5.147603042732e-05,24999,0
49999,53,5480,5.169830557517e-05,24999,0
49999,54,5480,5.189684819640e-05,24999,0
49999,55,5480,5.235100790424e-05,24999,0
49999,56,5480,5.253283704865e-05,24999,0
49999,57,5480,5.271047937505e-05,24999,0
49999,58,5480,5.294121888544e-05,24999,0
49999,59,5480,5.310453397400e-05,24999,0
49999,60,5480,5.328578521269e-05,24999,0
49999,61,5480,5.341343243126e-05,24999,0
49999,62,5480,5.363567663808e-05,24999,0
49999,63,5480,5.418633575593e-05,24999,0
49999,64,5480,5.436037333117e-05,24999,0
49999,65,5480,5.486604731098e-05,24999,0
49999,66,5480,5.502110288513e-05,24999,0
49999,67,5480,5.758966425651e-05,24999,0
49999,68,5480,5.829004251501e-05,24999,0
49999,69,5480,5.870340324954e-05,24999,0
49999,70,5480,5.901528232410e-05,24999,0
49999,71,23735,5.914103638816e-05,24999,0
49999,72,23735,5.925886061142e-05,24999,0
49999,73,23735,5.936123775552e-05,24999,0
49999,74,23735,5.949010017847e-05,24999,0
49999,75,23735,5.970039302405e-05,24999,0
49999,76,23735,5.983198010262e-05,24999,0
49999,77,23735,5.993920490743e-05,24999,0
49999,78,4928,6.040160437371e-05,24999,0
49999,79,4928,6.048680559956e-05,24999,0
49999,80,4928,6.075503910941e-05,24999,0
49999,81,4928,6.086641712244e-05,24999,0
49999,82,4928,6.101570666872e-05,24999,0
49999,83,4928,6.113573234212e-05,24999,0
49999,84,23735,6.149493213381e-05,24999,0
49999,85,23735,6.164810135201e-05,24999,0
49999,86,23735,6.173171031687e-05,24999,0
49999,87,23735,6.184179771873e-05,24999,0
49999,88,23735,6.193068124882e-05,24999,0
49999,89,23735,6.200562493586e-05,24999,0
49999,90,4928,6.213383918929e-05,24999,0
49999,91,4928,6.218796241386e-05,24999,0
49999,92,23735,6.232665000794e-05,24999,0
49999,93,23735,6.238882058218e-05,24999,0
49999,94,23735,6.245677504646e-05,24999,0
49999,95,23735,6.252848471333e-05,24999,0
49999,96,23735,6.260255315960e-05,24999,0
49999,97,5480,6.265950360129e-05,24999,0
49999,98,5480,6.272974415578e-05,24999,0
49999,99,5480,6.286597387506e-05,24999,0
49999,100,5480,6.294633546133e-05,24999,0
49999,101,5480,6.301612651716e-05,24999,0
49999,102,5480,6.309088622602e-05,24999,0
49999,103,5480,6.315943978219e-05,24999,0
49999,104,5480,6.333724298324e-05,24999,0
49999,105,5480,6.339852872683e-05,24999,0
49999,106,5480,6.346211566255e-05,24999,0
49999,107,23735,6.376222585036e-05,24999,0
49999,108,23735,6.383805007615e-05,24999,0
49999,109,23735,6.391175894671e-05,24999,0
49999,110,23735,6.399401221358e-05,24999,0
49999,111,23735,6.405047721492e-05,24999,0
49999,112,23735,6.410325890527e-05,24999,0
49999,113,23735,6.414510382169e-05,24999,0
49999,114,23735,6.419710883532e-05,24999,0
49999,115,23735,6.427442529167e-05,24999,0
49999,116,23735,6.440346878689e-05,24999,0
49999,117,23735,6.446137433413e-05,24999,0
49999,118,23735,6.450479171161e-05,24999,0
49999,119,23735,6.453859339617e-05,24999,0
49999,120,23735,6.472985477912e-05,24999,0
49999,121,23735,6.479598281262e-05,24999,0
49999,122,23735,6.504805645080e-05,24999,0
49999,123,23735,6.512817578153e-05,24999,0
49999,124,23735,6.517070855705e-05,24999,0
49999,125,23735,6.521280614891e-05,24999,0
49999,126,23735,6.528648984871e-05,24999,0
49999,127,23735,6.561503004843e-05,24999,0
49999,128,23735,6.570131560890e-05,24999,0
49999,129,23735,6.576274916559e-05,24999,0
49999,130,23735,6.580542289858e-05,24999,0
49999,131,23735,6.585022859973e-05,24999,0
49999,132,23735,6.588310740008e-05,24999,0
49999,133,23735,6.593022469947e-05,24999,0
49999,134,23735,6.598733976237e-05,24999,0
49999,135,23735,6.603843727948e-05,24999,0
49999,136,23735,6.606864134451e-05,24999,0
49999,137,23735,6.610492545200e-05,24999,0
49999,138,23735,6.621469143786e-05,24999,0
49999,139,23735,6.625640063285e-05,24999,0
49999,140,23735,6.630514899486e-05,24999,0
49999,141,23735,6.640996935925e-05,24999,0
49999,142,23735,6.644758946606e-05,24999,0
49999,143,23735,6.650040455103e-05,24999,0
49999,144,23735,6.653502511522e-05,24999,0
49999,145,23735,6.656358837698e-05,24999,0
49999,146,23735,6.661796909957e-05,24999,0
49999,147,23735,6.665269071915e-05,24999,0
49999,148,23735,6.668368350748e-05,24999,0
49999,149,23735,6.674707986543e-05,24999,0
49999,150,23735,6.677847442660e-05,24999,0
49999,151,23735,6.681504664741e-05,24999,0
49999,152,23735,6.684208728824e-05,24999,0
49999,153,23735,6.690211119853e-05,24999,0
49999,154,23735,6.693063574459e-05,24999,0
49999,155,23735,6.697025699576e-05,24999,0
49999,156,23735,6.699642520247e-05,24999,0
49999,157,5480,6.781360250541e-05,24999,0
49999,158,5480,6.783469394001e-05,24999,0
49999,159,5480,6.787871489289e-05,24999,0
49999,160,5480,6.790347922214e-05,24999,0
49999,161,5480,6.794813826572e-05,24999,0
49999,162,5480,6.797612661380e-05,24999,0
49999,163,5480,6.801710320592e-05,24999,0
49999,164,5480,6.804606196775e-05,24999,0
49999,165,5480,6.807341007198e-05,24999,0
49999,166,5480,6.809973320410e-05,24999,0
49999,167,5480,6.811812969754e-05,24999,0
49999,168,5480,6.814264282773e-05,24999,0
49999,169,5480,6.817831201800e-05,24999,0
49999,170,5480,6.820533062157e-05,24999,0
49999,171,5480,6.823009644674e-05,24999,0
49999,172,5480,6.825045197134e-05,24999,0
49999,173,5480,6.832665720347e-05,24999,0
49999,174,5480,6.835286483531e-05,24999,0
49999,175,5480,6.837949437943e-05,24999,0
49999,176,5480,6.840111233286e-05,24999,0
49999,177,5480,6.844550733831e-05,24999,0
49999,178,5480,6.848042582575e-05,24999,0
49999,179,5480,6.850507101142e-05,24999,0
49999,180,5480,6.852649466138e-05,24999,0
49999,181,5480,6.854618504892e-05,24999,0
49999,182,5480,6.857624990086e-05,24999,0
49999,183,5480,6.859586240804e-05,24999,0
49999,184,5480,6.871680749820e-05,24999,0
49999,185,5480,6.874250220323e-05,24999,0
49999,186,5480,6.875971532816e-05,24999,0
49999,187,10389,6.921025517004e-05,24999,0
49999,188,10389,6.922925376451e-05,24999,0
49999,189,10389,6.927644556964e-05,24999,0
49999,190,10389,6.930138417349e-05,24999,0
49999,191,10389,6.932306589036e-05,24999,0
49999,192,10389,6.938522209676e-05,24999,0
49999,193,10389,6.943005777504e-05,24999,0
49999,194,10389,6.944787135854e-05,24999,0
49999,195,10389,6.946709940059e-05,24999,0
49999,196,10389,6.949637822284e-05,24999,0
49999,197,10389,6.951927365662e-05,24999,0
49999,198,10389,6.953282901123e-05,24999,0
49999,199,10389,6.955335416969e-05,24999,0
49999,200,10389,6.956933420210e-05,24999,0
49999,201,10389,6.959127322470e-05,24999,0
49999,202,10389,6.960893471475e-05,24999,0
49999,203,10389,6.965962268812e-05,24999,0
49999,204,10389,6.967869957997e-05,24999,0
49999,205,10389,6.969968581094e-05,24999,0
49999,206,10389,6.972198293065e-05,24999,0
49999,207,10389,6.973948622657e-05,24999,0
49999,208,10389,6.975923519525e-05,24999,0
49999,209,10389,6.978021666626e-05,24999,0
49999,210,10389,6.979848392863e-05,24999,0
49999,211,10389,6.982193610949e-05,24999,0
49999,212,10389,6.983521339388e-05,24999,0
49999,213,10389,6.985656536851e-05,24999,0
49999,214,10389,6.987634359001e-05,24999,0
49999,215,10389,6.990116905237e-05,24999,0
49999,216,10389,6.991621242536e-05,24999,0
49999,217,10389,6.993090866869e-05,24999,0
49999,218,10389,6.994178655284e-05,24999,0
49999,219,10389,6.995522954267e-05,24999,0
49999,220,10389,6.996613791133e-05,24999,0
49999,221,10389,6.999227786086e-05,24999,0
49999,222,10389,7.000936637791e-05,24999,0
49999,223,10389,7.002427816771e-05,24999,0
49999,224,10389,7.004172666969e-05,24999,0
49999,225,10389,7.006986892510e-05,24999,0
49999,226,10389,7.008315813328e-05,24999,0
49999,227,10389,7.013342579976e-05,24999,0
49999,228,10389,7.016720549746e-05,24999,0
49999,229,10389,7.018715149187e-05,24999,0
49999,230,10389,7.020352985410e-05,24999,0
49999,231,10389,7.021949059194e-05,24999,0
49999,232,10389,7.023162864317e-05,24999,0
49999,233,10389,7.024893613417e-05,24999,0
49999,234,10389,7.026193002679e-05,24999,0
49999,235,10389,7.027526395254e-05,24999,0
49999,236,10389,7.029526820967e-05,24999,0
49999,237,10389,7.030691163012e-05,24999,0
49999,238,10389,7.031703587645e-05,24999,0
49999,239,10389,7.033119162392e-05,24999,0
49999,240,10389,7.034330352873e-05,24999,0
49999,241,10389,7.035413667422e-05,24999,0
49999,242,10389,7.037064085003e-05,24999,0
49999,243,10389,7.038080172661e-05,24999,0
49999,244,10389,7.039433058842e-05,24999,0
49999,245,10389,7.040666738956e-05,24999,0
49999,246,10389,7.042387014655e-05,24999,0
49999,247,10389,7.043617323643e-05,24999,0
49999,248,10389,7.044546170953e-05,24999,0
49999,249,10389,7.047450531328e-05,24999,0
49999,250,10389,7.049168710815e-05,24999,0
65521,1,1,7.663323309259e-10,32760,1
65521,2,18303,1.864615595260e-08,32760,1
65521,3,23557,1.748010602931e-07,32760,1
65521,4,18589,7.152754997186e-07,32760,1
65521,5,12427,1.712762553341e-06,32760,1
65521,6,23927,3.231380846458e-06,32760,1
65521,7,5859,4.847833056321e-06,32760,1
65521,8,19609,6.550370578395e-06,32760,1
65521,9,19609,8.372711667093e-06,32760,1
65521,10,5782,1.042651178262e-05,32760,1
65521,11,19609,1.201904016268e-05,32760,1
65521,12,11339,1.324304095318e-05,32760,1
65521,13,25641,1.544697990408e-05,32760,1
65521,14,4171,1.660510288892e-05,32760,1
65521,15,4171,1.774240605501e-05,32760,1
65521,16,17388,1.902600993176e-05,32760,1
65521,17,17388,1.984230710472e-05,32760,0
65521,18,17388,2.068982578263e-05,32760,0
65521,19,17388,2.170017324787e-05,32760,0
65521,20,25641,2.295691556253e-05,32760,0
65521,21,29964,2.398027406758e-05,32760,0
65521,22,25641,2.514260605158e-05,32760,0
65521,23,17388,2.580189438706e-05,32760,0
65521,24,26025,2.690014697326e-05,32760,0
65521,25,26025,2.734958599726e-05,32760,0
65521,26,10777,2.813646922362e-05,32760,0
65521,27,17388,2.857799479683e-05,32760,0
65521,28,26025,2.956424620626e-05,32760,0
65521,29,10777,3.005756632324e-05,32760,0
65521,30,10777,3.034508388966e-05,32760,0
65521,31,26025,3.115893834527e-05,32760,0
65521,32,26025,3.152175511945e-05,32760,0
65521,33,26025,3.187710339314e-05,32760,0
65521,34,29964,3.289505739801e-05,32760,0
65521,35,29964,3.322445123111e-05,32760,0
65521,36,29964,3.354341319817e-05,32760,0
65521,37,29964,3.380129375063e-05,32760,0
65521,38,29964,3.399615107558e-05,32760,0
65521,39,29964,3.439057478860e-05,32760,0
65521,40,29964,3.462339780036e-05,32760,0
65521,41,29964,3.500912819554e-05,32760,0
65521,42,29964,3.543605510958e-05,32760,0
65521,43,29964,3.570525786767e-05,32760,0
65521,44,29964,3.605717775446e-05,32760,0
65521,45,29964,3.643818286214e-05,32760,0
65521,46,29964,3.668175142679e-05,32760,0
65521,47,29964,3.693691865769e-05,32760,0
65521,48,29964,3.707107838968e-05,32760,0
65521,49,29964,3.726488147193e-05,32760,0
65521,50,29964,3.752757531350e-05,32760,0
65521,51,29964,3.776974580827e-05,32760,0
65521,52,29964,3.794207010621e-05,32760,0
65521,53,29964,3.807324121374e-05,32760,0
65521,54,29964,3.827949845148e-05,32760,0
65521,55,29964,3.841004794203e-05,32760,0
65521,56,29964,3.853268156662e-05,32760,0
65521,57,29964,3.868175295318e-05,32760,0
65521,58,29964,3.887409859327e-05,32760,0
65521,59,29964,3.907121021363e-05,32760,0
65521,60,29964,3.927360960643e-05,32760,0
65521,61,29964,3.938750360777e-05,32760,0
65521,62,29964,3.953802570877e-05,32760,0
65521,63,29964,4.000390621162e-05,32760,0
65521,64,29964,4.015645869115e-05,32760,0
65521,65,29964,4.026020357828e-05,32760,0
65521,66,29964,4.040292177487e-05,32760,0
65521,67,29964,4.053753202027e-05,32760,0
65521,68,29964,4.061962862134e-05,32760,0
65521,69,29964,4.072970187297e-05,32760,0
65521,70,29964,4.084300958773e-05,32760,0
65521,71,29964,4.092449451898e-05,32760,0
65521,72,29964,4.111549186803e-05,32760,0
65521,73,29964,4.119497628530e-05,32760,0
65521,74,29964,4.190563646689e-05,32760,0
65521,75,29964,4.200674959831e-05,32760,0
65521,76,29964,4.208329573552e-05,32760,0
65521,77,29964,4.215687995957e-05,32760,0
65521,78,29964,4.223026774475e-05,32760,0
65521,79,29964,4.284359809148e-05,32760,0
65521,80,29964,4.302814016843e-05,32760,0
65521,81,29964,4.311989343320e-05,32760,0
65521,82,29964,4.317249662011e-05,32760,0
65521,83,29964,4.325718154830e-05,32760,0
65521,84,29964,4.334233931558e-05,32760,0
65521,85,29964,4.354347997171e-05,32760,0
65521,86,29964,4.361066203384e-05,32760,0
65521,87,29964,4.365592434574e-05,32760,0
65521,88,29964,4.375628478126e-05,32760,0
65521,89,29964,4.381562208522e-05,32760,0
65521,90,29964,4.387817127482e-05,32760,0
65521,91,29964,4.394969815125e-05,32760,0
65521,92,29964,4.409344412570e-05,32760,0
65521,93,29964,4.436884379366e-05,32760,0
65521,94,29964,4.443762891149e-05,32760,0
65521,95,29964,4.452025968815e-05,32760,0
65521,96,29964,4.458159705290e-05,32760,0
65521,97,29964,4.463099198238e-05,32760,0
65521,98,29964,4.468043479466e-05,32760,0
65521,99,29964,4.472102596531e-05,32760,0
65521,100,29964,4.480233879156e-05,32760,0
65521,101,29964,4.486626096023e-05,32760,0
65521,102,29964,4.491040502019e-05,32760,0
65521,103,29964,4.498065564973e-05,32760,0
65521,104,29964,4.503900785680e-05,32760,0
65521,105,29964,4.508456436425e-05,32760,0
65521,106,29964,4.512993077044e-05,32760,0
65521,107,29964,4.517085153122e-05,32760,0
65521,108,29964,4.520770263849e-05,32760,0
65521,109,29964,4.527309107760e-05,32760,0
65521,110,29964,4.531418961107e-05,32760,0
65521,111,29964,4.536615483919e-05,32760,0
65521,112,29964,4.543706408655e-05,32760,0
65521,113,29964,4.548353032252e-05,32760,0
65521,114,29964,4.552710245265e-05,32760,0
65521,115,29964,4.555729625055e-05,32760,0
65521,116,29964,4.560146075550e-05,32760,0
65521,117,29964,4.564547108865e-05,32760,0
65521,118,29964,4.569358587592e-05,32760,0
65521,119,29964,4.573742571479e-05,32760,0
65521,120,29964,4.577109452852e-05,32760,0
65521,121,29964,4.579454312315e-05,32760,0
65521,122,29964,4.582292477440e-05,32760,0
65521,123,29964,4.588934001148e-05,32760,0
65521,124,29964,4.592511574986e-05,32760,0
65521,125,29964,4.617513927974e-05,32760,0
65521,126,29964,4.621456701814e-05,32760,0
65521,127,29964,4.624751024429e-05,32760,0
65521,128,29964,4.628038172605e-05,32760,0
65521,129,29964,4.630448614340e-05,32760,0
65521,130,29964,4.634678492699e-05,32760,0
65521,131,29964,4.637260901585e-05,32760,0
65521,132,29964,4.642445387004e-05,32760,0
65521,133,29964,4.645032959161e-05,32760,0
65521,134,29964,4.650401659401e-05,32760,0
65521,135,29964,4.713400831169e-05,32760,0
65521,136,29964,4.730309958734e-05,32760,0
65521,137,29964,4.740029388217e-05,32760,0
65521,138,29964,4.752866995816e-05,32760,0
65521,139,29964,4.760347394450e-05,32760,0
65521,140,29964,4.764806760682e-05,32760,0
65521,141,29964,4.768586030512e-05,32760,0
65521,142,29964,4.771893345223e-05,32760,0
65521,143,29964,4.774676566366e-05,32760,0
65521,144,29964,4.777207235773e-05,32760,0
65521,145,29964,4.779348372641e-05,32760,0
65521,146,29964,4.782177303686e-05,32760,0
65521,147,29964,4.785062708201e-05,32760,0
65521,148,29964,4.787944765328e-05,32760,0
65521,149,29964,4.790317267545e-05,32760,0
65521,150,29964,4.793208128362e-05,32760,0
65521,151,29964,4.795898138887e-05,32760,0
65521,152,29964,4.799326705696e-05,32760,0
65521,153,29964,4.801439816138e-05,32760,0
65521,154,29964,4.803732330205e-05,32760,0
65521,155,29964,4.815803849012e-05,32760,0
65521,156,29964,4.819427672786e-05,32760,0
65521,157,29964,4.822329961396e-05,32760,0
65521,158,29964,4.824268816783e-05,32760,0
65521,159,29964,4.826222594412e-05,32760,0
65521,160,29964,4.828694113179e-05,32760,0
65521,161,29964,4.830278633583e-05,32760,0
65521,162,29964,4.832756450490e-05,32760,0
65521,163,29964,4.838118958861e-05,32760,0
65521,164,29964,4.840228043390e-05,32760,0
65521,165,29964,4.841807668798e-05,32760,0
65521,166,29964,4.843326510917e-05,32760,0
65521,167,29964,4.846073465270e-05,32760,0
65521,168,29964,4.849361038772e-05,32760,0
65521,169,29964,4.851443323317e-05,32760,0
65521,170,29964,4.855014483529e-05,32760,0
65521,171,29964,4.856640560114e-05,32760,0
65521,172,29964,4.858256680351e-05,32760,0
65521,173,29964,4.860127513440e-05,32760,0
65521,174,29964,4.861832035075e-05,32760,0
65521,175,29964,4.864680367711e-05,32760,0
65521,176,29964,4.867469128200e-05,32760,0
65521,177,29964,4.869677159713e-05,32760,0
65521,178,29964,4.871018651120e-05,32760,0
65521,179,29964,4.872418157320e-05,32760,0
65521,180,29964,4.873926930382e-05,32760,0
65521,181,29964,4.875861195353e-05,32760,0
65521,182,29964,4.877783481039e-05,32760,0
65521,183,29964,4.879915946043e-05,32760,0
65521,184,29964,4.881835749670e-05,32760,0
65521,185,29964,4.883253327770e-05,32760,0
65521,186,29964,4.885220217421e-05,32760,0
65521,187,29964,4.886819579175e-05,32760,0
65521,188,29964,4.888086898469e-05,32760,0
65521,189,29964,4.889149498388e-05,32760,0
65521,190,29964,4.890909739275e-05,32760,0
65521,191,29964,4.895608011046e-05,32760,0
65521,192,29964,4.896743290472e-05,32760,0
65521,193,29964,4.898282517751e-05,32760,0
65521,194,29964,4.899220825516e-05,32760,0
65521,195,29964,4.901283191483e-05,32760,0
65521,196,29964,4.902453252353e-05,32760,0
65521,197,29964,4.904308669884e-05,32760,0
65521,198,29964,4.905584840476e-05,32760,0
65521,199,29964,4.906934259985e-05,32760,0
65521,200,29964,4.908161050299e-05,32760,0
65521,201,29964,4.911059946444e-05,32760,0
65521,202,29964,4.912143347813e-05,32760,0
65521,203,29964,4.914003993517e-05,32760,0
65521,204,29964,4.915216697476e-05,32760,0
65521,205,29964,4.917357715239e-05,32760,0
65521,206,29964,4.918322104275e-05,32760,0
65521,207,29964,4.919827811167e-05,32760,0
65521,208,29964,4.921084125398e-05,32760,0
65521,209,29964,4.923288874559e-05,32760,0
65521,210,29964,4.938351971506e-05,32760,0
65521,211,29964,4.941113968893e-05,32760,0
65521,212,29964,4.943381069755e-05,32760,0
65521,213,29964,4.944813739494e-05,32760,0
65521,214,29964,4.946450763299e-05,32760,0
65521,215,29964,4.947886983153e-05,32760,0
65521,216,29964,4.949361969819e-05,32760,0
65521,217,29964,4.950215447708e-05,32760,0
65521,218,29964,4.951198892700e-05,32760,0
65521,219,29964,4.951988941815e-05,32760,0
65521,220,29964,4.952854947327e-05,32760,0
65521,221,29964,4.953885913084e-05,32760,0
65521,222,29964,4.955335799828e-05,32760,0
65521,223,29964,4.956668815170e-05,32760,0
65521,224,29964,4.957494045521e-05,32760,0
65521,225,29964,4.959966010687e-05,32760,0
65521,226,29964,4.961826572902e-05,32760,0
65521,227,29964,4.962827774335e-05,32760,0
65521,228,29964,4.963982628126e-05,32760,0
65521,229,29964,4.964701370791e-05,32760,0
65521,230,29964,4.965514687361e-05,32760,0
65521,231,29964,4.966326500022e-05,32760,0
65521,232,29964,4.967703985503e-05,32760,0
65521,233,29964,4.968595970967e-05,32760,0
65521,234,29964,4.969338071903e-05,32760,0
65521,235,29964,4.970131521476e-05,32760,0
65521,236,29964,4.970895898571e-05,32760,0
65521,237,29964,4.971720401925e-05,32760,0
65521,238,29964,4.972453215757e-05,32760,0
65521,239,29964,4.973128193009e-05,32760,0
65521,240,29964,4.973880008552e-05,32760,0
65521,241,29964,4.975610903823e-05,32760,0
65521,242,29964,4.976544450574e-05,32760,0
65521,243,29964,4.977629580760e-05,32760,0
65521,244,29964,4.978314742199e-05,32760,0
65521,245,29964,4.979033897734e-05,32760,0
65521,246,29964,4.980336309335e-05,32760,0
65521,247,29964,4.981571542650e-05,32760,0
65521,248,29964,4.982374809859e-05,32760,0
65521,249,29964,4.984873114511e-05,32760,0
65521,250,29964,4.986496879833e-05,32760,0
65536,1,1,7.659819445394e-10,16384,1
65536,2,25015,1.832201723673e-08,16384,1
65536,3,18333,1.719185929172e-07,16384,1
65536,4,24007,7.183592662940e-07,16384,1
65536,5,21523,1.875961375353e-06,16384,1
65536,6,27063,3.282697697227e-06,16384,1
65536,7,26681,4.541208402875e-06,16384,1
65536,8,21553,6.823617658691e-06,16384,1
65536,9,26681,8.593257539324e-06,16384,1
65536,10,26681,9.929335116343e-06,16384,1
65536,11,29499,1.172858480714e-05,16384,1
65536,12,3595,1.401488667918e-05,16384,1
65536,13,4621,1.530353088208e-05,16384,1
65536,14,4621,1.681989454783e-05,16384,1
65536,15,4621,1.779128921298e-05,16384,1
65536,16,4621,1.925935923985e-05,16384,1
65536,17,10827,2.107540585117e-05,16384,0
65536,18,8231,2.213193243406e-05,16384,0
65536,19,8231,2.276528891909e-05,16384,0
65536,20,8231,2.396497378387e-05,16384,0
65536,21,8231,2.473758439270e-05,16384,0
65536,22,8231,2.547485087856e-05,16384,0
65536,23,8231,2.622981701772e-05,16384,0
65536,24,8231,2.699124029260e-05,16384,0
65536,25,8231,2.774548170636e-05,16384,0
65536,26,8231,2.814389504580e-05,16384,0
65536,27,15353,2.975789541848e-05,16384,0
65536,28,15353,3.016869343520e-05,16384,0
65536,29,15353,3.065118606793e-05,16384,0
65536,30,15353,3.147198848374e-05,16384,0
65536,31,15353,3.192348621983e-05,16384,0
65536,32,30509,3.230388321507e-05,16384,0
65536,33,30509,3.268584643878e-05,16384,0
65536,34,30509,3.299502881848e-05,16384,0
65536,35,30509,3.328260579560e-05,16384,0
65536,36,30509,3.355244740999e-05,16384,0
65536,37,15353,3.423130598978e-05,16384,0
65536,38,30509,3.474205138954e-05,16384,0
65536,39,30509,3.502469677241e-05,16384,0
65536,40,30509,3.541924167227e-05,16384,0
65536,41,29499,3.567413454686e-05,16384,0
65536,42,29499,3.602233521760e-05,16384,0
65536,43,29499,3.624808694136e-05,16384,0
65536,44,29499,3.646253562839e-05,16384,0
65536,45,29499,3.663982055291e-05,16384,0
65536,46,29499,3.701105077814e-05,16384,0
65536,47,29499,3.719705237959e-05,16384,0
65536,48,29499,3.737831011552e-05,16384,0
65536,49,29499,3.765275185197e-05,16384,0
65536,50,29499,3.780417898080e-05,16384,0
65536,51,29499,3.807492775709e-05,16384,0
65536,52,29499,3.824726991142e-05,16384,0
65536,53,29499,3.837077502289e-05,16384,0
65536,54,29499,3.848170732468e-05,16384,0
65536,55,29499,3.885644392199e-05,16384,0
65536,56,29499,3.904325527326e-05,16384,0
65536,57,29499,3.916448920549e-05,16384,0
65536,58,30509,4.139365906175e-05,16384,0
65536,59,30509,4.158473911375e-05,16384,0
65536,60,10965,4.171201312730e-05,16384,0
65536,61,10965,4.182620524373e-05,16384,0
65536,62,10965,4.194507014099e-05,16384,0
65536,63,10965,4.210983248343e-05,16384,0
65536,64,10965,4.230715473086e-05,16384,0
65536,65,10965,4.241394485005e-05,16384,0
65536,66,10965,4.248615088231e-05,16384,0
65536,67,10965,4.333227058084e-05,16384,0
65536,68,10965,4.346146153256e-05,16384,0
65536,69,10965,4.367434162411e-05,16384,0
65536,70,30509,4.385664295503e-05,16384,0
65536,71,30509,4.394160692467e-05,16384,0
65536,72,30509,4.403136922404e-05,16384,0
65536,73,30509,4.410959838097e-05,16384,0
65536,74,30509,4.418859410693e-05,16384,0
65536,75,30509,4.429284614060e-05,16384,0
65536,76,30509,4.443253325936e-05,16384,0
65536,77,30509,4.450618020702e-05,16384,0
65536,78,30509,4.457360494659e-05,16384,0
65536,79,30509,4.462680106987e-05,16384,0
65536,80,30509,4.468945638836e-05,16384,0
65536,81,30509,4.474101000884e-05,16384,0
65536,82,30509,4.480531286477e-05,16384,0
65536,83,30509,4.492688499580e-05,16384,0
65536,84,30509,4.501180286587e-05,16384,0
65536,85,30509,4.511833437792e-05,16384,0
65536,86,30509,4.518261262176e-05,16384,0
65536,87,30509,4.525441120462e-05,16384,0
65536,88,30509,4.541131627045e-05,16384,0
65536,89,30509,4.547150136047e-05,16384,0
65536,90,30509,4.552383805945e-05,16384,0
65536,91,30509,4.557016191287e-05,16384,0
65536,92,30509,4.564526612438e-05,16384,0
65536,93,30509,4.583568236582e-05,16384,0
65536,94,30509,4.589884394202e-05,16384,0
65536,95,30509,4.598613723905e-05,16384,0
65536,96,30509,4.605931958168e-05,16384,0
65536,97,30509,4.627918376876e-05,16384,0
65536,98,30509,4.634243218216e-05,16384,0
65536,99,30509,4.638994243034e-05,16384,0
65536,100,30509,4.642835609392e-05,16384,0
65536,101,30509,4.646339317071e-05,16384,0
65536,102,30509,4.651381934240e-05,16384,0
65536,103,30509,4.667175869644e-05,16384,0
65536,104,30509,4.672898868008e-05,16384,0
65536,105,30509,4.677063219072e-05,16384,0
65536,106,30509,4.682035184334e-05,16384,0
65536,107,30509,4.685841013341e-05,16384,0
65536,108,30509,4.690198259727e-05,16384,0
65536,109,30509,4.696020391837e-05,16384,0
65536,110,30509,4.701888451697e-05,16384,0
65536,111,30509,4.708660079977e-05,16384,0
65536,112,30509,4.715110417086e-05,16384,0
65536,113,30509,4.721659714324e-05,16384,0
65536,114,30509,4.730029641298e-05,16384,0
65536,115,30509,4.733245021393e-05,16384,0
65536,116,30509,4.747747660550e-05,16384,0
65536,117,30509,4.772177109791e-05,16384,0
65536,118,30509,4.777708646553e-05,16384,0
65536,119,30509,4.784520468393e-05,16384,0
65536,120,30509,4.799115704857e-05,16384,0
65536,121,30509,4.804925818958e-05,16384,0
65536,122,30509,4.811680688332e-05,16384,0
65536,123,30509,4.815090775345e-05,16384,0
65536,124,30509,4.818837267262e-05,16384,0
65536,125,30509,4.821883492978e-05,16384,0
65536,126,30509,4.824131332604e-05,16384,0
65536,127,30509,4.827292431187e-05,16384,0
65536,128,30509,4.840374414616e-05,16384,0
65536,129,30509,4.844737383869e-05,16384,0
65536,130,30509,4.849743000435e-05,16384,0
65536,131,30509,4.856280011634e-05,16384,0
65536,132,30509,4.861774676757e-05,16384,0
65536,133,30509,4.865195584225e-05,16384,0
65536,134,30509,4.868813350067e-05,16384,0
65536,135,30509,4.871288989294e-05,16384,0
65536,136,30509,4.874761723128e-05,16384,0
65536,137,30509,4.878657954599e-05,16384,0
65536,138,30509,4.881093915032e-05,16384,0
65536,139,2393,4.888471039344e-05,16384,0
65536,140,2393,4.891683212893e-05,16384,0
65536,141,2393,4.894781514109e-05,16384,0
65536,142,2393,4.896853023628e-05,16384,0
65536,143,2393,4.899431704519e-05,16384,0
65536,144,2393,4.906257565351e-05,16384,0
65536,145,2393,4.910359428378e-05,16384,0
65536,146,2393,4.913324998279e-05,16384,0
65536,147,2393,4.915692413343e-05,16384,0
65536,148,2393,4.917900043377e-05,16384,0
65536,149,2393,4.919896349409e-05,16384,0
65536,150,2393,4.923838096471e-05,16384,0
65536,151,2393,4.926027957564e-05,16384,0
65536,152,2393,4.930578364859e-05,16384,0
65536,153,2393,4.935381475635e-05,16384,0
65536,154,2393,4.937565707230e-05,16384,0
65536,155,2393,4.939518608715e-05,16384,0
65536,156,2393,4.941815150228e-05,16384,0
65536,157,2393,4.943540758728e-05,16384,0
65536,158,2393,4.946027973696e-05,16384,0
65536,159,2393,4.947611978090e-05,16384,0
65536,160,2393,4.949407746624e-05,16384,0
65536,161,2393,4.951460605973e-05,16384,0
65536,162,2393,4.953309536493e-05,16384,0
65536,163,2393,4.957046475162e-05,16384,0
65536,164,2393,4.959145334071e-05,16384,0
65536,165,2393,4.961037724782e-05,16384,0
65536,166,2393,4.964267186636e-05,16384,0
65536,167,2393,4.966452946142e-05,16384,0
65536,168,2393,4.970632490098e-05,16384,0
65536,169,2393,4.973142936526e-05,16384,0
65536,170,2393,4.974869782459e-05,16384,0
65536,171,2393,4.981623957390e-05,16384,0
65536,172,2393,4.984505134997e-05,16384,0
65536,173,2393,4.986414270158e-05,16384,0
65536,174,2393,4.998183110017e-05,16384,0
65536,175,2393,5.001879806565e-05,16384,0
65536,176,2393,5.004202307002e-05,16384,0
65536,177,2393,5.006550975484e-05,16384,0
65536,178,2393,5.008129482942e-05,16384,0
65536,179,2393,5.009926577726e-05,16384,0
65536,180,2393,5.011656962295e-05,16384,0
65536,181,2393,5.013332986503e-05,16384,0
65536,182,2393,5.014792746039e-05,16384,0
65536,183,2393,5.016682400627e-05,16384,0
65536,184,2393,5.017928778384e-05,16384,0
65536,185,2393,5.019083979185e-05,16384,0
65536,186,2393,5.020496743269e-05,16384,0
65536,187,2393,5.024886827476e-05,16384,0
65536,188,2393,5.026295809540e-05,16384,0
65536,189,2393,5.027503923194e-05,16384,0
65536,190,2393,5.028655255268e-05,16384,0
65536,191,2393,5.029967051784e-05,16384,0
65536,192,2393,5.031269288747e-05,16384,0
65536,193,2393,5.032704573305e-05,16384,0
65536,194,2393,5.033861183579e-05,16384,0
65536,195,2393,5.034998761877e-05,16384,0
65536,196,2393,5.036131047631e-05,16384,0
65536,197,2393,5.038476524488e-05,16384,0
65536,198,2393,5.040225139563e-05,16384,0
65536,199,2393,5.044014718436e-05,16384,0
65536,200,2393,5.045940467241e-05,16384,0
65536,201,2393,5.047767056876e-05,16384,0
65536,202,2393,5.049736569629e-05,16384,0
65536,203,2393,5.051368361464e-05,16384,0
65536,204,2393,5.052971294517e-05,16384,0
65536,205,2393,5.053855971604e-05,16384,0
65536,206,2393,5.055243648799e-05,16384,0
65536,207,2393,5.060000142643e-05,16384,0
65536,208,2393,5.061280711827e-05,16384,0
65536,209,2393,5.062582831483e-05,16384,0
65536,210,2393,5.063517776716e-05,16384,0
65536,211,2393,5.064581100056e-05,16384,0
65536,212,2393,5.065622769784e-05,16384,0
65536,213,2393,5.067027438987e-05,16384,0
65536,214,2393,5.068030741806e-05,16384,0
65536,215,2393,5.079820996245e-05,16384,0
65536,216,2393,5.081939790030e-05,16384,0
65536,217,2393,5.083217841317e-05,16384,0
65536,218,2393,5.084830051993e-05,16384,0
65536,219,2393,5.085941050265e-05,16384,0
65536,220,2393,5.086848045988e-05,16384,0
65536,221,2393,5.088387208918e-05,16384,0
65536,222,2393,5.089618577925e-05,16384,0
65536,223,2393,5.090626257132e-05,16384,0
65536,224,2393,5.119727196146e-05,16384,0
65536,225,2393,5.123713126687e-05,16384,0
65536,226,2393,5.125475966050e-05,16384,0
65536,227,2393,5.126833627433e-05,16384,0
65536,228,2393,5.128049596270e-05,16384,0
65536,229,2393,5.129417338123e-05,16384,0
65536,230,2393,5.130745325577e-05,16384,0
65536,231,2393,5.132025127286e-05,16384,0
65536,232,2393,5.132782441497e-05,16384,0
65536,233,2393,5.133844724048e-05,16384,0
65536,234,2393,5.134660153483e-05,16384,0
65536,235,2393,5.135489395158e-05,16384,0
65536,236,2393,5.137060149374e-05,16384,0
65536,237,2393,5.138074227284e-05,16384,0
65536,238,2393,5.138814491690e-05,16384,0
65536,239,2393,5.140041699070e-05,16384,0
65536,240,2393,5.141172891765e-05,16384,0
65536,241,2393,5.144301592175e-05,16384,0
65536,242,2393,5.145766203318e-05,16384,0
65536,243,2393,5.146829181246e-05,16384,0
65536,244,2393,5.147778699355e-05,16384,0
65536,245,2393,5.150163607914e-05,16384,0
65536,246,2393,5.151036680173e-05,16384,0
65536,247,2393,5.152123187013e-05,16384,0
65536,248,2393,5.152854399393e-05,16384,0
65536,249,2393,5.154228848014e-05,16384,0
65536,250,2393,5.155260697998e-05,16384,0
99991,1,1,3.290461236816e-10,49995,1
99991,2,38280,8.166499476658e-09,49995,1
99991,3,14664,8.485412261727e-08,49995,1
99991,4,15861,3.451336587634e-07,49995,1
99991,5,21382,8.918431679827e-07,49995,1
99991,6,40300,1.532973833207e-06,49995,1
99991,7,43145,2.539601852369e-06,49995,1
99991,8,2969,3.290096970865e-06,49995,1
99991,9,37137,4.440391028204e-06,49995,1
99991,10,31883,5.638587595946e-06,49995,1
99991,11,24472,6.311813295135e-06,49995,1
99991,12,24472,7.001281369545e-06,49995,1
99991,13,24472,7.668662705296e-06,49995,1
99991,14,3716,8.818242971165e-06,49995,1
99991,15,3716,9.369619850652e-06,49995,1
99991,16,3716,9.938207902627e-06,49995,1
99991,17,3716,1.094945706126e-05,49995,0
99991,18,3487,1.219032840183e-05,49995,0
99991,19,2681,1.299001575328e-05,49995,0
99991,20,21074,1.365056223479e-05,49995,0
99991,21,21074,1.400740391855e-05,49995,0
99991,22,4535,1.450204827913e-05,49995,0
99991,23,4535,1.477978174669e-05,49995,0
99991,24,4535,1.507581872584e-05,49995,0
99991,25,4535,1.565003992487e-05,49995,0
99991,26,4535,1.601766752390e-05,49995,0
99991,27,4535,1.636054378218e-05,49995,0
99991,28,4535,1.661728926838e-05,49995,0
99991,29,4535,1.737741821706e-05,49995,0
99991,30,4535,1.765805074694e-05,49995,0
99991,31,4535,1.784330303667e-05,49995,0
99991,32,4535,1.817437977891e-05,49995,0
99991,33,4535,1.837357818579e-05,49995,0
99991,34,4535,1.855939550022e-05,49995,0
99991,35,4535,1.886951178753e-05,49995,0
99991,36,4535,1.906981647481e-05,49995,0
99991,37,4535,1.934200120801e-05,49995,0
99991,38,4535,1.960158270897e-05,49995,0
99991,39,4535,1.981873679879e-05,49995,0
99991,40,4535,1.996959092332e-05,49995,0
99991,41,4535,2.016946839900e-05,49995,0
99991,42,15327,2.058429874707e-05,49995,0
99991,43,15327,2.070582306812e-05,49995,0
99991,44,4535,2.097781728394e-05,49995,0
99991,45,4535,2.111728330290e-05,49995,0
99991,46,4535,2.129261781425e-05,49995,0
99991,47,4535,2.141473668882e-05,49995,0
99991,48,4535,2.152769979702e-05,49995,0
99991,49,4535,2.217887012779e-05,49995,0
99991,50,15327,2.249585699432e-05,49995,0
99991,51,15327,2.263708669403e-05,49995,0
99991,52,15327,2.274125131319e-05,49995,0
99991,53,15327,2.286429360399e-05,49995,0
99991,54,15327,2.294290701776e-05,49995,0
99991,55,15327,2.304705496181e-05,49995,0
99991,56,15327,2.317390052897e-05,49995,0
99991,57,15327,2.331648766263e-05,49995,0
99991,58,15327,2.338277281577e-05,49995,0
99991,59,15327,2.343265967508e-05,49995,0
99991,60,12614,2.385906477875e-05,49995,0
99991,61,12614,2.392304757803e-05,49995,0
99991,62,12614,2.397978127044e-05,49995,0
99991,63,12614,2.404278635337e-05,49995,0
99991,64,12614,2.421247400153e-05,49995,0
99991,65,12614,2.431501270106e-05,49995,0
99991,66,12614,2.449427349727e-05,49995,0
99991,67,12281,2.458697988295e-05,49995,0
99991,68,12281,2.463312104339e-05,49995,0
99991,69,12614,2.473063601860e-05,49995,0
99991,70,12614,2.479225860919e-05,49995,0
99991,71,12614,2.485763341831e-05,49995,0
99991,72,12614,2.490506240638e-05,49995,0
99991,73,12614,2.501191657078e-05,49995,0
99991,74,12614,2.506979894590e-05,49995,0
99991,75,12614,2.516532396313e-05,49995,0
99991,76,12614,2.521882148554e-05,49995,0
99991,77,12614,2.527083315718e-05,49995,0
99991,78,12614,2.531932798489e-05,49995,0
99991,79,12614,2.535592396691e-05,49995,0
99991,80,12614,2.539308108118e-05,49995,0
99991,81,12614,2.543341389738e-05,49995,0
99991,82,12614,2.546981662377e-05,49995,0
99991,83,12614,2.551304544651e-05,49995,0
99991,84,12614,2.554621923756e-05,49995,0
99991,85,12614,2.559879792718e-05,49995,0
99991,86,12614,2.563372105380e-05,49995,0
99991,87,12614,2.567749558491e-05,49995,0
99991,88,12614,2.572194075601e-05,49995,0
99991,89,12614,2.581294167014e-05,49995,0
99991,90,12614,2.586856541575e-05,49995,0
99991,91,12614,2.589698528843e-05,49995,0
99991,92,12614,2.592796411327e-05,49995,0
99991,93,12614,2.595742597244e-05,49995,0
99991,94,12614,2.600456680502e-05,49995,0
99991,95,12614,2.602984980893e-05,49995,0
99991,96,12614,2.606196278787e-05,49995,0
99991,97,12614,2.613879828228e-05,49995,0
99991,98,12614,2.617166124463e-05,49995,0
99991,99,12614,2.620582365465e-05,49995,0
99991,100,12614,2.622949184516e-05,49995,0
99991,101,12614,2.627439776370e-05,49995,0
99991,102,12614,2.648677705119e-05,49995,0
99991,103,12614,2.652328427555e-05,49995,0
99991,104,12614,2.654852100026e-05,49995,0
99991,105,12614,2.658463576988e-05,49995,0
99991,106,12614,2.661486489730e-05,49995,0
99991,107,12614,2.663548859605e-05,49995,0
99991,108,12614,2.673049965218e-05,49995,0
99991,109,12614,2.677522883654e-05,49995,0
99991,110,12614,2.680134976751e-05,49995,0
99991,111,12614,2.682258990983e-05,49995,0
99991,112,12614,2.684862669544e-05,49995,0
99991,113,12614,2.687251803568e-05,49995,0
99991,114,12614,2.691907945729e-05,49995,0
99991,115,12614,2.693971661771e-05,49995,0
99991,116,12614,2.695883906711e-05,49995,0
99991,117,12614,2.707136329949e-05,49995,0
99991,118,12614,2.711754275309e-05,49995,0
99991,119,12614,2.714255039815e-05,49995,0
99991,120,12614,2.716667926528e-05,49995,0
99991,121,12614,2.718665235801e-05,49995,0
99991,122,12614,2.720690383540e-05,49995,0
99991,123,12614,2.723235626667e-05,49995,0
99991,124,12614,2.725905842449e-05,49995,0
99991,125,12614,2.727526340451e-05,49995,0
99991,126,12614,2.729784482991e-05,49995,0
99991,127,12614,2.731429665070e-05,49995,0
99991,128,12614,2.734391427905e-05,49995,0
99991,129,12614,2.736221846544e-05,49995,0
99991,130,12614,2.737698646715e-05,49995,0
99991,131,12614,2.739614321223e-05,49995,0
99991,132,12614,2.741060611866e-05,49995,0
99991,133,12614,2.743267925664e-05,49995,0
99991,134,12614,2.744804400190e-05,49995,0
99991,135,12614,2.747483754351e-05,49995,0
99991,136,12614,2.749240218325e-05,49995,0
99991,137,12614,2.752556264651e-05,49995,0
99991,138,12614,2.754177810615e-05,49995,0
99991,139,12614,2.756769533585e-05,49995,0
99991,140,12614,2.758611626019e-05,49995,0
99991,141,12614,2.760308265626e-05,49995,0
99991,142,12614,2.761807569041e-05,49995,0
99991,143,12614,2.763532584904e-05,49995,0
99991,144,12614,2.764744019990e-05,49995,0
99991,145,12614,2.766031289858e-05,49995,0
99991,146,12614,2.767786816960e-05,49995,0
99991,147,12614,2.769710329442e-05,49995,0
99991,148,12614,2.770960380905e-05,49995,0
99991,149,12614,2.773498839037e-05,49995,0
99991,150,12614,2.774634563507e-05,49995,0
99991,151,12614,2.776428691154e-05,49995,0
99991,152,12614,2.778374277534e-05,49995,0
99991,153,12614,2.780798409097e-05,49995,0
99991,154,12614,2.781958634457e-05,49995,0
99991,155,12614,2.782853903649e-05,49995,0
99991,156,12614,2.783943899787e-05,49995,0
99991,157,12614,2.784968495551e-05,49995,0
99991,158,12614,2.786071922611e-05,49995,0
99991,159,12614,2.787321852793e-05,49995,0
99991,160,12614,2.791791839418e-05,49995,0
99991,161,12614,2.793643910359e-05,49995,0
99991,162,12614,2.796583025644e-05,49995,0
99991,163,12614,2.797937150056e-05,49995,0
99991,164,12614,2.800019570603e-05,49995,0
99991,165,12614,2.801355208559e-05,49995,0
99991,166,12614,2.802763182497e-05,49995,0
99991,167,12614,2.805392301242e-05,49995,0
99991,168,12614,2.806774652142e-05,49995,0
99991,169,12614,2.808055554127e-05,49995,0
99991,170,12614,2.808946645017e-05,49995,0
99991,171,12614,2.810373030493e-05,49995,0
99991,172,12614,2.811737925779e-05,49995,0
99991,173,12614,2.812674394059e-05,49995,0
99991,174,12614,2.815034695436e-05,49995,0
99991,175,12614,2.815888015228e-05,49995,0
99991,176,12614,2.816730704169e-05,49995,0
99991,177,12614,2.817544092593e-05,49995,0
99991,178,12614,2.823527812001e-05,49995,0
99991,179,12614,2.824766868614e-05,49995,0
99991,180,12614,2.825539361373e-05,49995,0
99991,181,12614,2.827099597225e-05,49995,0
99991,182,12614,2.828171110059e-05,49995,0
99991,183,12614,2.828836216628e-05,49995,0
99991,184,12614,2.829661277981e-05,49995,0
99991,185,12614,2.830960631961e-05,49995,0
99991,186,12614,2.831954012805e-05,49995,0
99991,187,12614,2.833040299488e-05,49995,0
99991,188,12614,2.833982041550e-05,49995,0
99991,189,12614,2.834871092428e-05,49995,0
99991,190,12614,2.835657691436e-05,49995,0
99991,191,12614,2.836320382138e-05,49995,0
99991,192,12614,2.837339772754e-05,49995,0
99991,193,12614,2.838426892260e-05,49995,0
99991,194,12614,2.839178063940e-05,49995,0
99991,195,12614,2.840196526077e-05,49995,0
99991,196,12614,2.864551754644e-05,49995,0
99991,197,12614,2.871673373472e-05,49995,0
99991,198,12614,2.874433642419e-05,49995,0
99991,199,12614,2.876005930030e-05,49995,0
99991,200,12614,2.877232566711e-05,49995,0
99991,201,12614,2.878319676403e-05,49995,0
99991,202,12614,2.879139478695e-05,49995,0
99991,203,12614,2.882005449512e-05,49995,0
99991,204,12614,2.885803779873e-05,49995,0
99991,205,12614,2.887140080032e-05,49995,0
99991,206,12614,2.888368612264e-05,49995,0
99991,207,12614,2.889089997948e-05,49995,0
99991,208,12614,2.889731217670e-05,49995,0
99991,209,12614,2.890528634691e-05,49995,0
99991,210,12614,2.891184676801e-05,49995,0
99991,211,12614,2.901970886704e-05,49995,0
99991,212,12614,2.903646627250e-05,49995,0
99991,213,12614,2.904386859837e-05,49995,0
99991,214,12614,2.905298891531e-05,49995,0
99991,215,12614,2.906711576478e-05,49995,0
99991,216,12614,2.907444215783e-05,49995,0
99991,217,12614,2.908313930661e-05,49995,0
99991,218,12614,2.908960035897e-05,49995,0
99991,219,12614,2.911439543829e-05,49995,0
99991,220,12614,2.912724001614e-05,49995,0
99991,221,12614,2.913287512896e-05,49995,0
99991,222,12614,2.914103936846e-05,49995,0
99991,223,12614,2.914713003555e-05,49995,0
99991,224,12614,2.915364667544e-05,49995,0
99991,225,12614,2.916314252266e-05,49995,0
99991,226,12614,2.917058670504e-05,49995,0
99991,227,12614,2.917778221856e-05,49995,0
99991,228,12614,2.918314419009e-05,49995,0
99991,229,12614,2.919106082921e-05,49995,0
99991,230,12614,2.919851916561e-05,49995,0
99991,231,12614,2.920528389816e-05,49995,0
99991,232,12614,2.920977477472e-05,49995,0
99991,233,12614,2.921850176785e-05,49995,0
99991,234,12614,2.922370704561e-05,49995,0
99991,235,12614,2.922816668161e-05,49995,0
99991,236,12614,2.923712339431e-05,49995,0
99991,237,12614,2.924227357681e-05,49995,0
99991,238,12614,2.924694339912e-05,49995,0
99991,239,12614,2.925201564130e-05,49995,0
99991,240,12614,2.939417504511e-05,49995,0
99991,241,12614,2.942731621403e-05,49995,0
99991,242,12614,2.944275953110e-05,49995,0
99991,243,12614,2.945493878803e-05,49995,0
99991,244,12614,2.946271223569e-05,49995,0
99991,245,12614,2.946853054731e-05,49995,0
99991,246,12614,2.947342362813e-05,49995,0
99991,247,12614,2.947834216971e-05,49995,0
99991,248,12614,2.948507678857e-05,49995,0
99991,249,12614,2.950394743628e-05,49995,0
99991,250,12614,2.951140111351e-05,49995,0
131072,1,1,1.914952640902e-10,32768,1
131072,2,38401,4.907540374077e-09,32768,1
131072,3,29471,4.825613464376e-08,32768,1
131072,4,42867,2.340309794846e-07,32768,1
131072,5,41685,6.178792613110e-07,32768,1
131072,6,41685,1.095674635021e-06,32768,1
131072,7,41379,1.779576215277e-06,32768,1
131072,8,50575,2.424218849217e-06,32768,1
131072,9,16983,3.036138629842e-06,32768,1
131072,10,50575,3.663806204424e-06,32768,1
131072,11,50575,4.345433957553e-06,32768,1
131072,12,30325,5.144777335708e-06,32768,1
131072,13,24115,5.743638109568e-06,32768,1
131072,14,24115,6.273152949543e-06,32768,1
131072,15,24115,6.740439305375e-06,32768,1
131072,16,24115,7.099739339100e-06,32768,1
131072,17,24115,7.494637728200e-06,32768,0
131072,18,24115,8.053247485096e-06,32768,0
131072,19,24115,8.371403172225e-06,32768,0
131072,20,24115,8.836162103787e-06,32768,0
131072,21,24115,9.247782237765e-06,32768,0
131072,22,24115,9.539717996887e-06,32768,0
131072,23,60237,1.079743721122e-05,32768,0
131072,24,60237,1.114747768560e-05,32768,0
131072,25,57225,1.157883070979e-05,32768,0
131072,26,34651,1.181190127775e-05,32768,0
131072,27,34651,1.204141227484e-05,32768,0
131072,28,34651,1.223783896998e-05,32768,0
131072,29,34651,1.242682424607e-05,32768,0
131072,30,34651,1.254962787600e-05,32768,0
131072,31,34651,1.280688777472e-05,32768,0
131072,32,34651,1.293710482386e-05,32768,0
131072,33,54083,1.340280469253e-05,32768,0
131072,34,54083,1.361570348357e-05,32768,0
131072,35,11789,1.375532498882e-05,32768,0
131072,36,11789,1.388025564708e-05,32768,0
131072,37,11789,1.418799044917e-05,32768,0
131072,38,51843,1.433475748724e-05,32768,0
131072,39,51843,1.441438278071e-05,32768,0
131072,40,51843,1.453300549237e-05,32768,0
131072,41,51843,1.465879907836e-05,32768,0
131072,42,51843,1.476822612112e-05,32768,0
131072,43,51843,1.487118730958e-05,32768,0
131072,44,51843,1.504449518142e-05,32768,0
131072,45,51843,1.513816039989e-05,32768,0
131072,46,11789,1.526738168223e-05,32768,0
131072,47,11789,1.538571006954e-05,32768,0
131072,48,11789,1.546125817642e-05,32768,0
131072,49,11789,1.554950803340e-05,32768,0
131072,50,11789,1.562666672195e-05,32768,0
131072,51,11789,1.575486074690e-05,32768,0
131072,52,11789,1.581836397957e-05,32768,0
131072,53,11789,1.587463021835e-05,32768,0
131072,54,11789,1.593827323343e-05,32768,0
131072,55,11789,1.600017787173e-05,32768,0
131072,56,11789,1.606184239300e-05,32768,0
131072,57,11789,1.611475021979e-05,32768,0
131072,58,11789,1.624728152505e-05,32768,0
131072,59,11789,1.631520403489e-05,32768,0
131072,60,11789,1.636940437044e-05,32768,0
131072,61,11789,1.643280060470e-05,32768,0
131072,62,11789,1.648234134377e-05,32768,0
131072,63,11789,1.653402180990e-05,32768,0
131072,64,11789,1.658261752890e-05,32768,0
131072,65,34651,1.688424978519e-05,32768,0
131072,66,34651,1.700803667815e-05,32768,0
131072,67,34651,1.705625249659e-05,32768,0
131072,68,34651,1.708894626073e-05,32768,0
131072,69,51607,1.735769062794e-05,32768,0
131072,70,51607,1.739755453634e-05,32768,0
131072,71,51607,1.743129492926e-05,32768,0
131072,72,51607,1.747311567923e-05,32768,0
131072,73,51607,1.766544805903e-05,32768,0
131072,74,51607,1.770331547846e-05,32768,0
131072,75,51607,1.773143419648e-05,32768,0
131072,76,51607,1.777288073934e-05,32768,0
131072,77,51607,1.781128084355e-05,32768,0
131072,78,51607,1.785934642817e-05,32768,0
131072,79,51607,1.826438399855e-05,32768,0
131072,80,51607,1.835183554144e-05,32768,0
131072,81,51607,1.839998429798e-05,32768,0
131072,82,51607,1.847004602840e-05,32768,0
131072,83,51607,1.855868660905e-05,32768,0
131072,84,51607,1.858838988666e-05,32768,0
131072,85,51607,1.861154753513e-05,32768,0
131072,86,51607,1.864983228206e-05,32768,0
131072,87,51607,1.867900510311e-05,32768,0
131072,88,51607,1.870309325103e-05,32768,0
131072,89,51607,1.873161243249e-05,32768,0
131072,90,51607,1.875525851247e-05,32768,0
131072,91,51607,1.877893232360e-05,32768,0
131072,92,51607,1.883545695081e-05,32768,0
131072,93,51607,1.886022289677e-05,32768,0
131072,94,51607,1.887872862905e-05,32768,0
131072,95,51607,1.891547079169e-05,32768,0
131072,96,51607,1.893240532325e-05,32768,0
131072,97,51607,1.896663693390e-05,32768,0
131072,98,51607,1.902790506669e-05,32768,0
131072,99,51607,1.907025234815e-05,32768,0
131072,100,51607,1.909111416265e-05,32768,0
131072,101,51607,1.913048706204e-05,32768,0
131072,102,51607,1.915242803374e-05,32768,0
131072,103,51607,1.917153510345e-05,32768,0
131072,104,51607,1.918646114563e-05,32768,0
131072,105,51607,1.920258181309e-05,32768,0
131072,106,51607,1.922300185786e-05,32768,0
131072,107,51607,1.923803240822e-05,32768,0
131072,108,51607,1.925802476954e-05,32768,0
131072,109,51607,1.927771254562e-05,32768,0
131072,110,51607,1.929294161362e-05,32768,0
131072,111,51607,1.931837356661e-05,32768,0
131072,112,51607,1.933609094995e-05,32768,0
131072,113,51607,1.939885181956e-05,32768,0
131072,114,51607,1.941777730985e-05,32768,0
131072,115,51607,1.944952444455e-05,32768,0
131072,116,51607,1.946759153126e-05,32768,0
131072,117,51607,1.949731806361e-05,32768,0
131072,118,51607,1.951179055659e-05,32768,0
131072,119,51607,1.952691660922e-05,32768,0
131072,120,51607,1.956103272560e-05,32768,0
131072,121,51607,1.957662400565e-05,32768,0
131072,122,51607,1.959196144696e-05,32768,0
131072,123,51607,1.960177992988e-05,32768,0
131072,124,51607,1.961555421537e-05,32768,0
131072,125,51607,1.963000935623e-05,32768,0
131072,126,51607,1.964236713636e-05,32768,0
131072,127,11789,1.970304504617e-05,32768,0
131072,128,11789,1.972072011869e-05,32768,0
131072,129,11789,1.974148313844e-05,32768,0
131072,130,11789,1.975593446124e-05,32768,0
131072,131,11789,1.977081387805e-05,32768,0
131072,132,11789,1.978781030121e-05,32768,0
131072,133,11789,1.980751659980e-05,32768,0
131072,134,11789,1.982052704608e-05,32768,0
131072,135,11789,1.986538222964e-05,32768,0
131072,136,11789,1.988054941515e-05,32768,0
131072,137,11789,1.989129539948e-05,32768,0
131072,138,11789,1.990246964745e-05,32768,0
131072,139,11789,1.991501829313e-05,32768,0
131072,140,11789,1.992696276099e-05,32768,0
131072,141,11789,1.993760072438e-05,32768,0
131072,142,11789,1.995115595377e-05,32768,0
131072,143,11789,1.996511408708e-05,32768,0
131072,144,51607,2.017978630930e-05,32768,0
131072,145,51607,2.019049155999e-05,32768,0
131072,146,51607,2.020410933268e-05,32768,0
131072,147,51607,2.024548286261e-05,32768,0
131072,148,51607,2.025817605200e-05,32768,0
131072,149,51607,2.027051251052e-05,32768,0
131072,150,51607,2.027811175065e-05,32768,0
131072,151,51607,2.028518362196e-05,32768,0
131072,152,51607,2.029196144360e-05,32768,0
131072,153,51607,2.030101455430e-05,32768,0
131072,154,34373,2.036054042165e-05,32768,0
131072,155,34373,2.037191580162e-05,32768,0
131072,156,34373,2.038154941131e-05,32768,0
131072,157,34373,2.038908452739e-05,32768,0
131072,158,34373,2.039906588180e-05,32768,0
131072,159,34373,2.040799677472e-05,32768,0
131072,160,34373,2.041502831363e-05,32768,0
131072,161,34373,2.042222630272e-05,32768,0
131072,162,34373,2.043160169296e-05,32768,0
131072,163,34373,2.044829127978e-05,32768,0
131072,164,34373,2.046046611137e-05,32768,0
131072,165,34373,2.047162829388e-05,32768,0
131072,166,34373,2.048009746725e-05,32768,0
131072,167,34373,2.048715760528e-05,32768,0
131072,168,34373,2.049408186089e-05,32768,0
131072,169,34373,2.050373565110e-05,32768,0
131072,170,34373,2.051115289792e-05,32768,0
131072,171,34373,2.052213934389e-05,32768,0
131072,172,34373,2.053091142562e-05,32768,0
131072,173,34373,2.053907200450e-05,32768,0
131072,174,34373,2.057116032761e-05,32768,0
131072,175,34373,2.057850122505e-05,32768,0
131072,176,34373,2.058823101758e-05,32768,0
131072,177,34373,2.059488823680e-05,32768,0
131072,178,34373,2.060399507187e-05,32768,0
131072,179,34373,2.061166976031e-05,32768,0
131072,180,34373,2.061786269891e-05,32768,0
131072,181,34373,2.062368724620e-05,32768,0
131072,182,34373,2.062912630385e-05,32768,0
131072,183,34373,2.063722688961e-05,32768,0
131072,184,34373,2.064370019883e-05,32768,0
131072,185,34373,2.065152705111e-05,32768,0
131072,186,34373,2.065750316871e-05,32768,0
131072,187,34373,2.067973128805e-05,32768,0
131072,188,34373,2.068998555815e-05,32768,0
131072,189,34373,2.069600071741e-05,32768,0
131072,190,34373,2.070243094598e-05,32768,0
131072,191,34373,2.070775570640e-05,32768,0
131072,192,34373,2.071258938940e-05,32768,0
131072,193,34373,2.071732358733e-05,32768,0
131072,194,34373,2.072372384987e-05,32768,0
131072,195,34373,2.072949302656e-05,32768,0
131072,196,34373,2.073451936080e-05,32768,0
131072,197,34373,2.074060534585e-05,32768,0
131072,198,34373,2.074607558322e-05,32768,0
131072,199,34373,2.075092795772e-05,32768,0
131072,200,34373,2.075614118868e-05,32768,0
131072,201,34373,2.076399202444e-05,32768,0
131072,202,34373,2.077043775262e-05,32768,0
131072,203,34373,2.077473647910e-05,32768,0
131072,204,34373,2.077970303938e-05,32768,0
131072,205,34373,2.086754170039e-05,32768,0
131072,206,34373,2.088237689657e-05,32768,0
131072,207,34373,2.089050735021e-05,32768,0
131072,208,34373,2.089659476212e-05,32768,0
131072,209,34373,2.090181836034e-05,32768,0
131072,210,34373,2.094604524228e-05,32768,0
131072,211,34373,2.095432661364e-05,32768,0
131072,212,34373,2.096375782434e-05,32768,0
131072,213,34373,2.096888012604e-05,32768,0
131072,214,34373,2.097377954202e-05,32768,0
131072,215,34373,2.098637664538e-05,32768,0
131072,216,34373,2.099337705919e-05,32768,0
131072,217,34373,2.099767992236e-05,32768,0
131072,218,34373,2.101283245692e-05,32768,0
131072,219,34373,2.101924611653e-05,32768,0
131072,220,34373,2.102776220481e-05,32768,0
131072,221,34373,2.103423336375e-05,32768,0
131072,222,34373,2.103876977988e-05,32768,0
131072,223,34373,2.105213358083e-05,32768,0
131072,224,34373,2.105811253950e-05,32768,0
131072,225,34373,2.106623015052e-05,32768,0
131072,226,34373,2.107522532446e-05,32768,0
131072,227,34373,2.107916991445e-05,32768,0
131072,228,34373,2.108325708061e-05,32768,0
131072,229,34373,2.108908084253e-05,32768,0
131072,230,34373,2.109395578120e-05,32768,0
131072,231,34373,2.109849262788e-05,32768,0
131072,232,34373,2.111019572926e-05,32768,0
131072,233,34373,2.111570139873e-05,32768,0
131072,234,34373,2.111972927366e-05,32768,0
131072,235,34373,2.113063423259e-05,32768,0
131072,236,34373,2.113621186384e-05,32768,0
131072,237,34373,2.114220936811e-05,32768,0
131072,238,34373,2.114593124580e-05,32768,0
131072,239,34373,2.115103437483e-05,32768,0
131072,240,34373,2.115505988165e-05,32768,0
131072,241,34373,2.116158020105e-05,32768,0
131072,242,34373,2.116621294257e-05,32768,0
131072,243,34373,2.117040434646e-05,32768,0
131072,244,34373,2.117384539146e-05,32768,0
131072,245,34373,2.117762506471e-05,32768,0
131072,246,34373,2.118104825755e-05,32768,0
131072,247,34373,2.118438544629e-05,32768,0
131072,248,34373,2.118787895133e-05,32768,0
131072,249,34373,2.119230732633e-05,32768,0
131072,250,34373,2.119662789424e-05,32768,0
